"batch_id","item_type","queue_name","queue_id","uniqueidbyqueue","correlation_id","idempotency_key","name","priority","metadata_only","contains_secret","contains_personal_data","rollback","postcheck","stop_condition"
"20260603_workqueue_expanded_pilot_dev_v1","connection_seed","SDU.Connection.Seed.Queue","2277b5e7-3f5f-f111-a826-00224805f8f9","20260603_wqexp_v1_connection_seed_0011","corr_connection_seed_0011","20260603_wqexp_v1_connection_seed_0011","SDU Pilot connection_seed 0011","1","true","false","false","delete_workqueueitem_by_uniqueidbyqueue_only_if_explicit_future_rollback_order","aggregate_count_by_batch_and_queue","secret_or_pii_or_wrong_environment_or_duplicate_idempotency_key"
"20260603_workqueue_expanded_pilot_dev_v1","connection_seed","SDU.Connection.Seed.Queue","2277b5e7-3f5f-f111-a826-00224805f8f9","20260603_wqexp_v1_connection_seed_0012","corr_connection_seed_0012","20260603_wqexp_v1_connection_seed_0012","SDU Pilot connection_seed 0012","1","true","false","false","delete_workqueueitem_by_uniqueidbyqueue_only_if_explicit_future_rollback_order","aggregate_count_by_batch_and_queue","secret_or_pii_or_wrong_environment_or_duplicate_idempotency_key"
"20260603_workqueue_expanded_pilot_dev_v1","connection_seed","SDU.Connection.Seed.Queue","2277b5e7-3f5f-f111-a826-00224805f8f9","20260603_wqexp_v1_connection_seed_0013","corr_connection_seed_0013","20260603_wqexp_v1_connection_seed_0013","SDU Pilot connection_seed 0013","1","true","false","false","delete_workqueueitem_by_uniqueidbyqueue_only_if_explicit_future_rollback_order","aggregate_count_by_batch_and_queue","secret_or_pii_or_wrong_environment_or_duplicate_idempotency_key"
"20260603_workqueue_expanded_pilot_dev_v1","connection_seed","SDU.Connection.Seed.Queue","2277b5e7-3f5f-f111-a826-00224805f8f9","20260603_wqexp_v1_connection_seed_0014","corr_connection_seed_0014","20260603_wqexp_v1_connection_seed_0014","SDU Pilot connection_seed 0014","1","true","false","false","delete_workqueueitem_by_uniqueidbyqueue_only_if_explicit_future_rollback_order","aggregate_count_by_batch_and_queue","secret_or_pii_or_wrong_environment_or_duplicate_idempotency_key"
"20260603_workqueue_expanded_pilot_dev_v1","connection_seed","SDU.Connection.Seed.Queue","2277b5e7-3f5f-f111-a826-00224805f8f9","20260603_wqexp_v1_connection_seed_0015","corr_connection_seed_0015","20260603_wqexp_v1_connection_seed_0015","SDU Pilot connection_seed 0015","1","true","false","false","delete_workqueueitem_by_uniqueidbyqueue_only_if_explicit_future_rollback_order","aggregate_count_by_batch_and_queue","secret_or_pii_or_wrong_environment_or_duplicate_idempotency_key"
"20260603_workqueue_expanded_pilot_dev_v1","connection_seed","SDU.Connection.Seed.Queue","2277b5e7-3f5f-f111-a826-00224805f8f9","20260603_wqexp_v1_connection_seed_0016","corr_connection_seed_0016","20260603_wqexp_v1_connection_seed_0016","SDU Pilot connection_seed 0016","1","true","false","false","delete_workqueueitem_by_uniqueidbyqueue_only_if_explicit_future_rollback_order","aggregate_count_by_batch_and_queue","secret_or_pii_or_wrong_environment_or_duplicate_idempotency_key"
"20260603_workqueue_expanded_pilot_dev_v1","connection_seed","SDU.Connection.Seed.Queue","2277b5e7-3f5f-f111-a826-00224805f8f9","20260603_wqexp_v1_connection_seed_0017","corr_connection_seed_0017","20260603_wqexp_v1_connection_seed_0017","SDU Pilot connection_seed 0017","1","true","false","false","delete_workqueueitem_by_uniqueidbyqueue_only_if_explicit_future_rollback_order","aggregate_count_by_batch_and_queue","secret_or_pii_or_wrong_environment_or_duplicate_idempotency_key"
"20260603_workqueue_expanded_pilot_dev_v1","connection_seed","SDU.Connection.Seed.Queue","2277b5e7-3f5f-f111-a826-00224805f8f9","20260603_wqexp_v1_connection_seed_0018","corr_connection_seed_0018","20260603_wqexp_v1_connection_seed_0018","SDU Pilot connection_seed 0018","1","true","false","false","delete_workqueueitem_by_uniqueidbyqueue_only_if_explicit_future_rollback_order","aggregate_count_by_batch_and_queue","secret_or_pii_or_wrong_environment_or_duplicate_idempotency_key"
"20260603_workqueue_expanded_pilot_dev_v1","connection_seed","SDU.Connection.Seed.Queue","2277b5e7-3f5f-f111-a826-00224805f8f9","20260603_wqexp_v1_connection_seed_0019","corr_connection_seed_0019","20260603_wqexp_v1_connection_seed_0019","SDU Pilot connection_seed 0019","1","true","false","false","delete_workqueueitem_by_uniqueidbyqueue_only_if_explicit_future_rollback_order","aggregate_count_by_batch_and_queue","secret_or_pii_or_wrong_environment_or_duplicate_idempotency_key"
"20260603_workqueue_expanded_pilot_dev_v1","connection_seed","SDU.Connection.Seed.Queue","2277b5e7-3f5f-f111-a826-00224805f8f9","20260603_wqexp_v1_connection_seed_0020","corr_connection_seed_0020","20260603_wqexp_v1_connection_seed_0020","SDU Pilot connection_seed 0020","1","true","false","false","delete_workqueueitem_by_uniqueidbyqueue_only_if_explicit_future_rollback_order","aggregate_count_by_batch_and_queue","secret_or_pii_or_wrong_environment_or_duplicate_idempotency_key"
"20260603_workqueue_expanded_pilot_dev_v1","connection_seed","SDU.Connection.Seed.Queue","2277b5e7-3f5f-f111-a826-00224805f8f9","20260603_wqexp_v1_connection_seed_0021","corr_connection_seed_0021","20260603_wqexp_v1_connection_seed_0021","SDU Pilot connection_seed 0021","1","true","false","false","delete_workqueueitem_by_uniqueidbyqueue_only_if_explicit_future_rollback_order","aggregate_count_by_batch_and_queue","secret_or_pii_or_wrong_environment_or_duplicate_idempotency_key"
"20260603_workqueue_expanded_pilot_dev_v1","connection_seed","SDU.Connection.Seed.Queue","2277b5e7-3f5f-f111-a826-00224805f8f9","20260603_wqexp_v1_connection_seed_0022","corr_connection_seed_0022","20260603_wqexp_v1_connection_seed_0022","SDU Pilot connection_seed 0022","1","true","false","false","delete_workqueueitem_by_uniqueidbyqueue_only_if_explicit_future_rollback_order","aggregate_count_by_batch_and_queue","secret_or_pii_or_wrong_environment_or_duplicate_idempotency_key"
"20260603_workqueue_expanded_pilot_dev_v1","connection_seed","SDU.Connection.Seed.Queue","2277b5e7-3f5f-f111-a826-00224805f8f9","20260603_wqexp_v1_connection_seed_0023","corr_connection_seed_0023","20260603_wqexp_v1_connection_seed_0023","SDU Pilot connection_seed 0023","1","true","false","false","delete_workqueueitem_by_uniqueidbyqueue_only_if_explicit_future_rollback_order","aggregate_count_by_batch_and_queue","secret_or_pii_or_wrong_environment_or_duplicate_idempotency_key"
"20260603_workqueue_expanded_pilot_dev_v1","connection_seed","SDU.Connection.Seed.Queue","2277b5e7-3f5f-f111-a826-00224805f8f9","20260603_wqexp_v1_connection_seed_0024","corr_connection_seed_0024","20260603_wqexp_v1_connection_seed_0024","SDU Pilot connection_seed 0024","1","true","false","false","delete_workqueueitem_by_uniqueidbyqueue_only_if_explicit_future_rollback_order","aggregate_count_by_batch_and_queue","secret_or_pii_or_wrong_environment_or_duplicate_idempotency_key"
"20260603_workqueue_expanded_pilot_dev_v1","connection_seed","SDU.Connection.Seed.Queue","2277b5e7-3f5f-f111-a826-00224805f8f9","20260603_wqexp_v1_connection_seed_0025","corr_connection_seed_0025","20260603_wqexp_v1_connection_seed_0025","SDU Pilot connection_seed 0025","1","true","false","false","delete_workqueueitem_by_uniqueidbyqueue_only_if_explicit_future_rollback_order","aggregate_count_by_batch_and_queue","secret_or_pii_or_wrong_environment_or_duplicate_idempotency_key"
"20260603_workqueue_expanded_pilot_dev_v1","connection_seed","SDU.Connection.Seed.Queue","2277b5e7-3f5f-f111-a826-00224805f8f9","20260603_wqexp_v1_connection_seed_0026","corr_connection_seed_0026","20260603_wqexp_v1_connection_seed_0026","SDU Pilot connection_seed 0026","1","true","false","false","delete_workqueueitem_by_uniqueidbyqueue_only_if_explicit_future_rollback_order","aggregate_count_by_batch_and_queue","secret_or_pii_or_wrong_environment_or_duplicate_idempotency_key"
"20260603_workqueue_expanded_pilot_dev_v1","connection_seed","SDU.Connection.Seed.Queue","2277b5e7-3f5f-f111-a826-00224805f8f9","20260603_wqexp_v1_connection_seed_0027","corr_connection_seed_0027","20260603_wqexp_v1_connection_seed_0027","SDU Pilot connection_seed 0027","1","true","false","false","delete_workqueueitem_by_uniqueidbyqueue_only_if_explicit_future_rollback_order","aggregate_count_by_batch_and_queue","secret_or_pii_or_wrong_environment_or_duplicate_idempotency_key"
"20260603_workqueue_expanded_pilot_dev_v1","connection_seed","SDU.Connection.Seed.Queue","2277b5e7-3f5f-f111-a826-00224805f8f9","20260603_wqexp_v1_connection_seed_0028","corr_connection_seed_0028","20260603_wqexp_v1_connection_seed_0028","SDU Pilot connection_seed 0028","1","true","false","false","delete_workqueueitem_by_uniqueidbyqueue_only_if_explicit_future_rollback_order","aggregate_count_by_batch_and_queue","secret_or_pii_or_wrong_environment_or_duplicate_idempotency_key"
"20260603_workqueue_expanded_pilot_dev_v1","connection_seed","SDU.Connection.Seed.Queue","2277b5e7-3f5f-f111-a826-00224805f8f9","20260603_wqexp_v1_connection_seed_0029","corr_connection_seed_0029","20260603_wqexp_v1_connection_seed_0029","SDU Pilot connection_seed 0029","1","true","false","false","delete_workqueueitem_by_uniqueidbyqueue_only_if_explicit_future_rollback_order","aggregate_count_by_batch_and_queue","secret_or_pii_or_wrong_environment_or_duplicate_idempotency_key"
"20260603_workqueue_expanded_pilot_dev_v1","connection_seed","SDU.Connection.Seed.Queue","2277b5e7-3f5f-f111-a826-00224805f8f9","20260603_wqexp_v1_connection_seed_0030","corr_connection_seed_0030","20260603_wqexp_v1_connection_seed_0030","SDU Pilot connection_seed 0030","1","true","false","false","delete_workqueueitem_by_uniqueidbyqueue_only_if_explicit_future_rollback_order","aggregate_count_by_batch_and_queue","secret_or_pii_or_wrong_environment_or_duplicate_idempotency_key"
"20260603_workqueue_expanded_pilot_dev_v1","connection_seed","SDU.Connection.Seed.Queue","2277b5e7-3f5f-f111-a826-00224805f8f9","20260603_wqexp_v1_connection_seed_0031","corr_connection_seed_0031","20260603_wqexp_v1_connection_seed_0031","SDU Pilot connection_seed 0031","1","true","false","false","delete_workqueueitem_by_uniqueidbyqueue_only_if_explicit_future_rollback_order","aggregate_count_by_batch_and_queue","secret_or_pii_or_wrong_environment_or_duplicate_idempotency_key"
"20260603_workqueue_expanded_pilot_dev_v1","connection_seed","SDU.Connection.Seed.Queue","2277b5e7-3f5f-f111-a826-00224805f8f9","20260603_wqexp_v1_connection_seed_0032","corr_connection_seed_0032","20260603_wqexp_v1_connection_seed_0032","SDU Pilot connection_seed 0032","1","true","false","false","delete_workqueueitem_by_uniqueidbyqueue_only_if_explicit_future_rollback_order","aggregate_count_by_batch_and_queue","secret_or_pii_or_wrong_environment_or_duplicate_idempotency_key"
"20260603_workqueue_expanded_pilot_dev_v1","connection_seed","SDU.Connection.Seed.Queue","2277b5e7-3f5f-f111-a826-00224805f8f9","20260603_wqexp_v1_connection_seed_0033","corr_connection_seed_0033","20260603_wqexp_v1_connection_seed_0033","SDU Pilot connection_seed 0033","1","true","false","false","delete_workqueueitem_by_uniqueidbyqueue_only_if_explicit_future_rollback_order","aggregate_count_by_batch_and_queue","secret_or_pii_or_wrong_environment_or_duplicate_idempotency_key"
"20260603_workqueue_expanded_pilot_dev_v1","connection_seed","SDU.Connection.Seed.Queue","2277b5e7-3f5f-f111-a826-00224805f8f9","20260603_wqexp_v1_connection_seed_0034","corr_connection_seed_0034","20260603_wqexp_v1_connection_seed_0034","SDU Pilot connection_seed 0034","1","true","false","false","delete_workqueueitem_by_uniqueidbyqueue_only_if_explicit_future_rollback_order","aggregate_count_by_batch_and_queue","secret_or_pii_or_wrong_environment_or_duplicate_idempotency_key"
"20260603_workqueue_expanded_pilot_dev_v1","connection_seed","SDU.Connection.Seed.Queue","2277b5e7-3f5f-f111-a826-00224805f8f9","20260603_wqexp_v1_connection_seed_0035","corr_connection_seed_0035","20260603_wqexp_v1_connection_seed_0035","SDU Pilot connection_seed 0035","1","true","false","false","delete_workqueueitem_by_uniqueidbyqueue_only_if_explicit_future_rollback_order","aggregate_count_by_batch_and_queue","secret_or_pii_or_wrong_environment_or_duplicate_idempotency_key"
"20260603_workqueue_expanded_pilot_dev_v1","connection_seed","SDU.Connection.Seed.Queue","2277b5e7-3f5f-f111-a826-00224805f8f9","20260603_wqexp_v1_connection_seed_0036","corr_connection_seed_0036","20260603_wqexp_v1_connection_seed_0036","SDU Pilot connection_seed 0036","1","true","false","false","delete_workqueueitem_by_uniqueidbyqueue_only_if_explicit_future_rollback_order","aggregate_count_by_batch_and_queue","secret_or_pii_or_wrong_environment_or_duplicate_idempotency_key"
"20260603_workqueue_expanded_pilot_dev_v1","connection_seed","SDU.Connection.Seed.Queue","2277b5e7-3f5f-f111-a826-00224805f8f9","20260603_wqexp_v1_connection_seed_0037","corr_connection_seed_0037","20260603_wqexp_v1_connection_seed_0037","SDU Pilot connection_seed 0037","1","true","false","false","delete_workqueueitem_by_uniqueidbyqueue_only_if_explicit_future_rollback_order","aggregate_count_by_batch_and_queue","secret_or_pii_or_wrong_environment_or_duplicate_idempotency_key"
"20260603_workqueue_expanded_pilot_dev_v1","connection_seed","SDU.Connection.Seed.Queue","2277b5e7-3f5f-f111-a826-00224805f8f9","20260603_wqexp_v1_connection_seed_0038","corr_connection_seed_0038","20260603_wqexp_v1_connection_seed_0038","SDU Pilot connection_seed 0038","1","true","false","false","delete_workqueueitem_by_uniqueidbyqueue_only_if_explicit_future_rollback_order","aggregate_count_by_batch_and_queue","secret_or_pii_or_wrong_environment_or_duplicate_idempotency_key"
"20260603_workqueue_expanded_pilot_dev_v1","connection_seed","SDU.Connection.Seed.Queue","2277b5e7-3f5f-f111-a826-00224805f8f9","20260603_wqexp_v1_connection_seed_0039","corr_connection_seed_0039","20260603_wqexp_v1_connection_seed_0039","SDU Pilot connection_seed 0039","1","true","false","false","delete_workqueueitem_by_uniqueidbyqueue_only_if_explicit_future_rollback_order","aggregate_count_by_batch_and_queue","secret_or_pii_or_wrong_environment_or_duplicate_idempotency_key"
"20260603_workqueue_expanded_pilot_dev_v1","connection_seed","SDU.Connection.Seed.Queue","2277b5e7-3f5f-f111-a826-00224805f8f9","20260603_wqexp_v1_connection_seed_0040","corr_connection_seed_0040","20260603_wqexp_v1_connection_seed_0040","SDU Pilot connection_seed 0040","1","true","false","false","delete_workqueueitem_by_uniqueidbyqueue_only_if_explicit_future_rollback_order","aggregate_count_by_batch_and_queue","secret_or_pii_or_wrong_environment_or_duplicate_idempotency_key"
"20260603_workqueue_expanded_pilot_dev_v1","connection_seed","SDU.Connection.Seed.Queue","2277b5e7-3f5f-f111-a826-00224805f8f9","20260603_wqexp_v1_connection_seed_0041","corr_connection_seed_0041","20260603_wqexp_v1_connection_seed_0041","SDU Pilot connection_seed 0041","1","true","false","false","delete_workqueueitem_by_uniqueidbyqueue_only_if_explicit_future_rollback_order","aggregate_count_by_batch_and_queue","secret_or_pii_or_wrong_environment_or_duplicate_idempotency_key"
"20260603_workqueue_expanded_pilot_dev_v1","connection_seed","SDU.Connection.Seed.Queue","2277b5e7-3f5f-f111-a826-00224805f8f9","20260603_wqexp_v1_connection_seed_0042","corr_connection_seed_0042","20260603_wqexp_v1_connection_seed_0042","SDU Pilot connection_seed 0042","1","true","false","false","delete_workqueueitem_by_uniqueidbyqueue_only_if_explicit_future_rollback_order","aggregate_count_by_batch_and_queue","secret_or_pii_or_wrong_environment_or_duplicate_idempotency_key"
"20260603_workqueue_expanded_pilot_dev_v1","connection_seed","SDU.Connection.Seed.Queue","2277b5e7-3f5f-f111-a826-00224805f8f9","20260603_wqexp_v1_connection_seed_0043","corr_connection_seed_0043","20260603_wqexp_v1_connection_seed_0043","SDU Pilot connection_seed 0043","1","true","false","false","delete_workqueueitem_by_uniqueidbyqueue_only_if_explicit_future_rollback_order","aggregate_count_by_batch_and_queue","secret_or_pii_or_wrong_environment_or_duplicate_idempotency_key"
"20260603_workqueue_expanded_pilot_dev_v1","connection_seed","SDU.Connection.Seed.Queue","2277b5e7-3f5f-f111-a826-00224805f8f9","20260603_wqexp_v1_connection_seed_0044","corr_connection_seed_0044","20260603_wqexp_v1_connection_seed_0044","SDU Pilot connection_seed 0044","1","true","false","false","delete_workqueueitem_by_uniqueidbyqueue_only_if_explicit_future_rollback_order","aggregate_count_by_batch_and_queue","secret_or_pii_or_wrong_environment_or_duplicate_idempotency_key"
"20260603_workqueue_expanded_pilot_dev_v1","connection_seed","SDU.Connection.Seed.Queue","2277b5e7-3f5f-f111-a826-00224805f8f9","20260603_wqexp_v1_connection_seed_0045","corr_connection_seed_0045","20260603_wqexp_v1_connection_seed_0045","SDU Pilot connection_seed 0045","1","true","false","false","delete_workqueueitem_by_uniqueidbyqueue_only_if_explicit_future_rollback_order","aggregate_count_by_batch_and_queue","secret_or_pii_or_wrong_environment_or_duplicate_idempotency_key"
"20260603_workqueue_expanded_pilot_dev_v1","connection_seed","SDU.Connection.Seed.Queue","2277b5e7-3f5f-f111-a826-00224805f8f9","20260603_wqexp_v1_connection_seed_0046","corr_connection_seed_0046","20260603_wqexp_v1_connection_seed_0046","SDU Pilot connection_seed 0046","1","true","false","false","delete_workqueueitem_by_uniqueidbyqueue_only_if_explicit_future_rollback_order","aggregate_count_by_batch_and_queue","secret_or_pii_or_wrong_environment_or_duplicate_idempotency_key"
"20260603_workqueue_expanded_pilot_dev_v1","connection_seed","SDU.Connection.Seed.Queue","2277b5e7-3f5f-f111-a826-00224805f8f9","20260603_wqexp_v1_connection_seed_0047","corr_connection_seed_0047","20260603_wqexp_v1_connection_seed_0047","SDU Pilot connection_seed 0047","1","true","false","false","delete_workqueueitem_by_uniqueidbyqueue_only_if_explicit_future_rollback_order","aggregate_count_by_batch_and_queue","secret_or_pii_or_wrong_environment_or_duplicate_idempotency_key"
"20260603_workqueue_expanded_pilot_dev_v1","connection_seed","SDU.Connection.Seed.Queue","2277b5e7-3f5f-f111-a826-00224805f8f9","20260603_wqexp_v1_connection_seed_0048","corr_connection_seed_0048","20260603_wqexp_v1_connection_seed_0048","SDU Pilot connection_seed 0048","1","true","false","false","delete_workqueueitem_by_uniqueidbyqueue_only_if_explicit_future_rollback_order","aggregate_count_by_batch_and_queue","secret_or_pii_or_wrong_environment_or_duplicate_idempotency_key"
"20260603_workqueue_expanded_pilot_dev_v1","connection_seed","SDU.Connection.Seed.Queue","2277b5e7-3f5f-f111-a826-00224805f8f9","20260603_wqexp_v1_connection_seed_0049","corr_connection_seed_0049","20260603_wqexp_v1_connection_seed_0049","SDU Pilot connection_seed 0049","1","true","false","false","delete_workqueueitem_by_uniqueidbyqueue_only_if_explicit_future_rollback_order","aggregate_count_by_batch_and_queue","secret_or_pii_or_wrong_environment_or_duplicate_idempotency_key"
"20260603_workqueue_expanded_pilot_dev_v1","connection_seed","SDU.Connection.Seed.Queue","2277b5e7-3f5f-f111-a826-00224805f8f9","20260603_wqexp_v1_connection_seed_0050","corr_connection_seed_0050","20260603_wqexp_v1_connection_seed_0050","SDU Pilot connection_seed 0050","1","true","false","false","delete_workqueueitem_by_uniqueidbyqueue_only_if_explicit_future_rollback_order","aggregate_count_by_batch_and_queue","secret_or_pii_or_wrong_environment_or_duplicate_idempotency_key"
"20260603_workqueue_expanded_pilot_dev_v1","connection_seed","SDU.Connection.Seed.Queue","2277b5e7-3f5f-f111-a826-00224805f8f9","20260603_wqexp_v1_connection_seed_0051","corr_connection_seed_0051","20260603_wqexp_v1_connection_seed_0051","SDU Pilot connection_seed 0051","1","true","false","false","delete_workqueueitem_by_uniqueidbyqueue_only_if_explicit_future_rollback_order","aggregate_count_by_batch_and_queue","secret_or_pii_or_wrong_environment_or_duplicate_idempotency_key"
"20260603_workqueue_expanded_pilot_dev_v1","connection_seed","SDU.Connection.Seed.Queue","2277b5e7-3f5f-f111-a826-00224805f8f9","20260603_wqexp_v1_connection_seed_0052","corr_connection_seed_0052","20260603_wqexp_v1_connection_seed_0052","SDU Pilot connection_seed 0052","1","true","false","false","delete_workqueueitem_by_uniqueidbyqueue_only_if_explicit_future_rollback_order","aggregate_count_by_batch_and_queue","secret_or_pii_or_wrong_environment_or_duplicate_idempotency_key"
"20260603_workqueue_expanded_pilot_dev_v1","connection_seed","SDU.Connection.Seed.Queue","2277b5e7-3f5f-f111-a826-00224805f8f9","20260603_wqexp_v1_connection_seed_0053","corr_connection_seed_0053","20260603_wqexp_v1_connection_seed_0053","SDU Pilot connection_seed 0053","1","true","false","false","delete_workqueueitem_by_uniqueidbyqueue_only_if_explicit_future_rollback_order","aggregate_count_by_batch_and_queue","secret_or_pii_or_wrong_environment_or_duplicate_idempotency_key"
"20260603_workqueue_expanded_pilot_dev_v1","connection_seed","SDU.Connection.Seed.Queue","2277b5e7-3f5f-f111-a826-00224805f8f9","20260603_wqexp_v1_connection_seed_0054","corr_connection_seed_0054","20260603_wqexp_v1_connection_seed_0054","SDU Pilot connection_seed 0054","1","true","false","false","delete_workqueueitem_by_uniqueidbyqueue_only_if_explicit_future_rollback_order","aggregate_count_by_batch_and_queue","secret_or_pii_or_wrong_environment_or_duplicate_idempotency_key"
"20260603_workqueue_expanded_pilot_dev_v1","connection_seed","SDU.Connection.Seed.Queue","2277b5e7-3f5f-f111-a826-00224805f8f9","20260603_wqexp_v1_connection_seed_0055","corr_connection_seed_0055","20260603_wqexp_v1_connection_seed_0055","SDU Pilot connection_seed 0055","1","true","false","false","delete_workqueueitem_by_uniqueidbyqueue_only_if_explicit_future_rollback_order","aggregate_count_by_batch_and_queue","secret_or_pii_or_wrong_environment_or_duplicate_idempotency_key"
"20260603_workqueue_expanded_pilot_dev_v1","connection_seed","SDU.Connection.Seed.Queue","2277b5e7-3f5f-f111-a826-00224805f8f9","20260603_wqexp_v1_connection_seed_0056","corr_connection_seed_0056","20260603_wqexp_v1_connection_seed_0056","SDU Pilot connection_seed 0056","1","true","false","false","delete_workqueueitem_by_uniqueidbyqueue_only_if_explicit_future_rollback_order","aggregate_count_by_batch_and_queue","secret_or_pii_or_wrong_environment_or_duplicate_idempotency_key"
"20260603_workqueue_expanded_pilot_dev_v1","connection_seed","SDU.Connection.Seed.Queue","2277b5e7-3f5f-f111-a826-00224805f8f9","20260603_wqexp_v1_connection_seed_0057","corr_connection_seed_0057","20260603_wqexp_v1_connection_seed_0057","SDU Pilot connection_seed 0057","1","true","false","false","delete_workqueueitem_by_uniqueidbyqueue_only_if_explicit_future_rollback_order","aggregate_count_by_batch_and_queue","secret_or_pii_or_wrong_environment_or_duplicate_idempotency_key"
"20260603_workqueue_expanded_pilot_dev_v1","connection_seed","SDU.Connection.Seed.Queue","2277b5e7-3f5f-f111-a826-00224805f8f9","20260603_wqexp_v1_connection_seed_0058","corr_connection_seed_0058","20260603_wqexp_v1_connection_seed_0058","SDU Pilot connection_seed 0058","1","true","false","false","delete_workqueueitem_by_uniqueidbyqueue_only_if_explicit_future_rollback_order","aggregate_count_by_batch_and_queue","secret_or_pii_or_wrong_environment_or_duplicate_idempotency_key"
"20260603_workqueue_expanded_pilot_dev_v1","connection_seed","SDU.Connection.Seed.Queue","2277b5e7-3f5f-f111-a826-00224805f8f9","20260603_wqexp_v1_connection_seed_0059","corr_connection_seed_0059","20260603_wqexp_v1_connection_seed_0059","SDU Pilot connection_seed 0059","1","true","false","false","delete_workqueueitem_by_uniqueidbyqueue_only_if_explicit_future_rollback_order","aggregate_count_by_batch_and_queue","secret_or_pii_or_wrong_environment_or_duplicate_idempotency_key"
"20260603_workqueue_expanded_pilot_dev_v1","connection_seed","SDU.Connection.Seed.Queue","2277b5e7-3f5f-f111-a826-00224805f8f9","20260603_wqexp_v1_connection_seed_0060","corr_connection_seed_0060","20260603_wqexp_v1_connection_seed_0060","SDU Pilot connection_seed 0060","1","true","false","false","delete_workqueueitem_by_uniqueidbyqueue_only_if_explicit_future_rollback_order","aggregate_count_by_batch_and_queue","secret_or_pii_or_wrong_environment_or_duplicate_idempotency_key"
"20260603_workqueue_expanded_pilot_dev_v1","connection_seed","SDU.Connection.Seed.Queue","2277b5e7-3f5f-f111-a826-00224805f8f9","20260603_wqexp_v1_connection_seed_0061","corr_connection_seed_0061","20260603_wqexp_v1_connection_seed_0061","SDU Pilot connection_seed 0061","1","true","false","false","delete_workqueueitem_by_uniqueidbyqueue_only_if_explicit_future_rollback_order","aggregate_count_by_batch_and_queue","secret_or_pii_or_wrong_environment_or_duplicate_idempotency_key"
"20260603_workqueue_expanded_pilot_dev_v1","connection_seed","SDU.Connection.Seed.Queue","2277b5e7-3f5f-f111-a826-00224805f8f9","20260603_wqexp_v1_connection_seed_0062","corr_connection_seed_0062","20260603_wqexp_v1_connection_seed_0062","SDU Pilot connection_seed 0062","1","true","false","false","delete_workqueueitem_by_uniqueidbyqueue_only_if_explicit_future_rollback_order","aggregate_count_by_batch_and_queue","secret_or_pii_or_wrong_environment_or_duplicate_idempotency_key"
"20260603_workqueue_expanded_pilot_dev_v1","connection_seed","SDU.Connection.Seed.Queue","2277b5e7-3f5f-f111-a826-00224805f8f9","20260603_wqexp_v1_connection_seed_0063","corr_connection_seed_0063","20260603_wqexp_v1_connection_seed_0063","SDU Pilot connection_seed 0063","1","true","false","false","delete_workqueueitem_by_uniqueidbyqueue_only_if_explicit_future_rollback_order","aggregate_count_by_batch_and_queue","secret_or_pii_or_wrong_environment_or_duplicate_idempotency_key"
"20260603_workqueue_expanded_pilot_dev_v1","connection_seed","SDU.Connection.Seed.Queue","2277b5e7-3f5f-f111-a826-00224805f8f9","20260603_wqexp_v1_connection_seed_0064","corr_connection_seed_0064","20260603_wqexp_v1_connection_seed_0064","SDU Pilot connection_seed 0064","1","true","false","false","delete_workqueueitem_by_uniqueidbyqueue_only_if_explicit_future_rollback_order","aggregate_count_by_batch_and_queue","secret_or_pii_or_wrong_environment_or_duplicate_idempotency_key"
"20260603_workqueue_expanded_pilot_dev_v1","connection_seed","SDU.Connection.Seed.Queue","2277b5e7-3f5f-f111-a826-00224805f8f9","20260603_wqexp_v1_connection_seed_0065","corr_connection_seed_0065","20260603_wqexp_v1_connection_seed_0065","SDU Pilot connection_seed 0065","1","true","false","false","delete_workqueueitem_by_uniqueidbyqueue_only_if_explicit_future_rollback_order","aggregate_count_by_batch_and_queue","secret_or_pii_or_wrong_environment_or_duplicate_idempotency_key"
"20260603_workqueue_expanded_pilot_dev_v1","connection_seed","SDU.Connection.Seed.Queue","2277b5e7-3f5f-f111-a826-00224805f8f9","20260603_wqexp_v1_connection_seed_0066","corr_connection_seed_0066","20260603_wqexp_v1_connection_seed_0066","SDU Pilot connection_seed 0066","1","true","false","false","delete_workqueueitem_by_uniqueidbyqueue_only_if_explicit_future_rollback_order","aggregate_count_by_batch_and_queue","secret_or_pii_or_wrong_environment_or_duplicate_idempotency_key"
"20260603_workqueue_expanded_pilot_dev_v1","connection_seed","SDU.Connection.Seed.Queue","2277b5e7-3f5f-f111-a826-00224805f8f9","20260603_wqexp_v1_connection_seed_0067","corr_connection_seed_0067","20260603_wqexp_v1_connection_seed_0067","SDU Pilot connection_seed 0067","1","true","false","false","delete_workqueueitem_by_uniqueidbyqueue_only_if_explicit_future_rollback_order","aggregate_count_by_batch_and_queue","secret_or_pii_or_wrong_environment_or_duplicate_idempotency_key"
"20260603_workqueue_expanded_pilot_dev_v1","connection_seed","SDU.Connection.Seed.Queue","2277b5e7-3f5f-f111-a826-00224805f8f9","20260603_wqexp_v1_connection_seed_0068","corr_connection_seed_0068","20260603_wqexp_v1_connection_seed_0068","SDU Pilot connection_seed 0068","1","true","false","false","delete_workqueueitem_by_uniqueidbyqueue_only_if_explicit_future_rollback_order","aggregate_count_by_batch_and_queue","secret_or_pii_or_wrong_environment_or_duplicate_idempotency_key"
"20260603_workqueue_expanded_pilot_dev_v1","connection_seed","SDU.Connection.Seed.Queue","2277b5e7-3f5f-f111-a826-00224805f8f9","20260603_wqexp_v1_connection_seed_0069","corr_connection_seed_0069","20260603_wqexp_v1_connection_seed_0069","SDU Pilot connection_seed 0069","1","true","false","false","delete_workqueueitem_by_uniqueidbyqueue_only_if_explicit_future_rollback_order","aggregate_count_by_batch_and_queue","secret_or_pii_or_wrong_environment_or_duplicate_idempotency_key"
"20260603_workqueue_expanded_pilot_dev_v1","connection_seed","SDU.Connection.Seed.Queue","2277b5e7-3f5f-f111-a826-00224805f8f9","20260603_wqexp_v1_connection_seed_0070","corr_connection_seed_0070","20260603_wqexp_v1_connection_seed_0070","SDU Pilot connection_seed 0070","1","true","false","false","delete_workqueueitem_by_uniqueidbyqueue_only_if_explicit_future_rollback_order","aggregate_count_by_batch_and_queue","secret_or_pii_or_wrong_environment_or_duplicate_idempotency_key"
"20260603_workqueue_expanded_pilot_dev_v1","connection_seed","SDU.Connection.Seed.Queue","2277b5e7-3f5f-f111-a826-00224805f8f9","20260603_wqexp_v1_connection_seed_0071","corr_connection_seed_0071","20260603_wqexp_v1_connection_seed_0071","SDU Pilot connection_seed 0071","1","true","false","false","delete_workqueueitem_by_uniqueidbyqueue_only_if_explicit_future_rollback_order","aggregate_count_by_batch_and_queue","secret_or_pii_or_wrong_environment_or_duplicate_idempotency_key"
"20260603_workqueue_expanded_pilot_dev_v1","connection_seed","SDU.Connection.Seed.Queue","2277b5e7-3f5f-f111-a826-00224805f8f9","20260603_wqexp_v1_connection_seed_0072","corr_connection_seed_0072","20260603_wqexp_v1_connection_seed_0072","SDU Pilot connection_seed 0072","1","true","false","false","delete_workqueueitem_by_uniqueidbyqueue_only_if_explicit_future_rollback_order","aggregate_count_by_batch_and_queue","secret_or_pii_or_wrong_environment_or_duplicate_idempotency_key"
"20260603_workqueue_expanded_pilot_dev_v1","connection_seed","SDU.Connection.Seed.Queue","2277b5e7-3f5f-f111-a826-00224805f8f9","20260603_wqexp_v1_connection_seed_0073","corr_connection_seed_0073","20260603_wqexp_v1_connection_seed_0073","SDU Pilot connection_seed 0073","1","true","false","false","delete_workqueueitem_by_uniqueidbyqueue_only_if_explicit_future_rollback_order","aggregate_count_by_batch_and_queue","secret_or_pii_or_wrong_environment_or_duplicate_idempotency_key"
"20260603_workqueue_expanded_pilot_dev_v1","connection_seed","SDU.Connection.Seed.Queue","2277b5e7-3f5f-f111-a826-00224805f8f9","20260603_wqexp_v1_connection_seed_0074","corr_connection_seed_0074","20260603_wqexp_v1_connection_seed_0074","SDU Pilot connection_seed 0074","1","true","false","false","delete_workqueueitem_by_uniqueidbyqueue_only_if_explicit_future_rollback_order","aggregate_count_by_batch_and_queue","secret_or_pii_or_wrong_environment_or_duplicate_idempotency_key"
"20260603_workqueue_expanded_pilot_dev_v1","connection_seed","SDU.Connection.Seed.Queue","2277b5e7-3f5f-f111-a826-00224805f8f9","20260603_wqexp_v1_connection_seed_0075","corr_connection_seed_0075","20260603_wqexp_v1_connection_seed_0075","SDU Pilot connection_seed 0075","1","true","false","false","delete_workqueueitem_by_uniqueidbyqueue_only_if_explicit_future_rollback_order","aggregate_count_by_batch_and_queue","secret_or_pii_or_wrong_environment_or_duplicate_idempotency_key"
"20260603_workqueue_expanded_pilot_dev_v1","connection_seed","SDU.Connection.Seed.Queue","2277b5e7-3f5f-f111-a826-00224805f8f9","20260603_wqexp_v1_connection_seed_0076","corr_connection_seed_0076","20260603_wqexp_v1_connection_seed_0076","SDU Pilot connection_seed 0076","1","true","false","false","delete_workqueueitem_by_uniqueidbyqueue_only_if_explicit_future_rollback_order","aggregate_count_by_batch_and_queue","secret_or_pii_or_wrong_environment_or_duplicate_idempotency_key"
"20260603_workqueue_expanded_pilot_dev_v1","connection_seed","SDU.Connection.Seed.Queue","2277b5e7-3f5f-f111-a826-00224805f8f9","20260603_wqexp_v1_connection_seed_0077","corr_connection_seed_0077","20260603_wqexp_v1_connection_seed_0077","SDU Pilot connection_seed 0077","1","true","false","false","delete_workqueueitem_by_uniqueidbyqueue_only_if_explicit_future_rollback_order","aggregate_count_by_batch_and_queue","secret_or_pii_or_wrong_environment_or_duplicate_idempotency_key"
"20260603_workqueue_expanded_pilot_dev_v1","connection_seed","SDU.Connection.Seed.Queue","2277b5e7-3f5f-f111-a826-00224805f8f9","20260603_wqexp_v1_connection_seed_0078","corr_connection_seed_0078","20260603_wqexp_v1_connection_seed_0078","SDU Pilot connection_seed 0078","1","true","false","false","delete_workqueueitem_by_uniqueidbyqueue_only_if_explicit_future_rollback_order","aggregate_count_by_batch_and_queue","secret_or_pii_or_wrong_environment_or_duplicate_idempotency_key"
"20260603_workqueue_expanded_pilot_dev_v1","connection_seed","SDU.Connection.Seed.Queue","2277b5e7-3f5f-f111-a826-00224805f8f9","20260603_wqexp_v1_connection_seed_0079","corr_connection_seed_0079","20260603_wqexp_v1_connection_seed_0079","SDU Pilot connection_seed 0079","1","true","false","false","delete_workqueueitem_by_uniqueidbyqueue_only_if_explicit_future_rollback_order","aggregate_count_by_batch_and_queue","secret_or_pii_or_wrong_environment_or_duplicate_idempotency_key"
"20260603_workqueue_expanded_pilot_dev_v1","connection_seed","SDU.Connection.Seed.Queue","2277b5e7-3f5f-f111-a826-00224805f8f9","20260603_wqexp_v1_connection_seed_0080","corr_connection_seed_0080","20260603_wqexp_v1_connection_seed_0080","SDU Pilot connection_seed 0080","1","true","false","false","delete_workqueueitem_by_uniqueidbyqueue_only_if_explicit_future_rollback_order","aggregate_count_by_batch_and_queue","secret_or_pii_or_wrong_environment_or_duplicate_idempotency_key"
"20260603_workqueue_expanded_pilot_dev_v1","connection_seed","SDU.Connection.Seed.Queue","2277b5e7-3f5f-f111-a826-00224805f8f9","20260603_wqexp_v1_connection_seed_0081","corr_connection_seed_0081","20260603_wqexp_v1_connection_seed_0081","SDU Pilot connection_seed 0081","1","true","false","false","delete_workqueueitem_by_uniqueidbyqueue_only_if_explicit_future_rollback_order","aggregate_count_by_batch_and_queue","secret_or_pii_or_wrong_environment_or_duplicate_idempotency_key"
"20260603_workqueue_expanded_pilot_dev_v1","connection_seed","SDU.Connection.Seed.Queue","2277b5e7-3f5f-f111-a826-00224805f8f9","20260603_wqexp_v1_connection_seed_0082","corr_connection_seed_0082","20260603_wqexp_v1_connection_seed_0082","SDU Pilot connection_seed 0082","1","true","false","false","delete_workqueueitem_by_uniqueidbyqueue_only_if_explicit_future_rollback_order","aggregate_count_by_batch_and_queue","secret_or_pii_or_wrong_environment_or_duplicate_idempotency_key"
"20260603_workqueue_expanded_pilot_dev_v1","connection_seed","SDU.Connection.Seed.Queue","2277b5e7-3f5f-f111-a826-00224805f8f9","20260603_wqexp_v1_connection_seed_0083","corr_connection_seed_0083","20260603_wqexp_v1_connection_seed_0083","SDU Pilot connection_seed 0083","1","true","false","false","delete_workqueueitem_by_uniqueidbyqueue_only_if_explicit_future_rollback_order","aggregate_count_by_batch_and_queue","secret_or_pii_or_wrong_environment_or_duplicate_idempotency_key"
"20260603_workqueue_expanded_pilot_dev_v1","connection_seed","SDU.Connection.Seed.Queue","2277b5e7-3f5f-f111-a826-00224805f8f9","20260603_wqexp_v1_connection_seed_0084","corr_connection_seed_0084","20260603_wqexp_v1_connection_seed_0084","SDU Pilot connection_seed 0084","1","true","false","false","delete_workqueueitem_by_uniqueidbyqueue_only_if_explicit_future_rollback_order","aggregate_count_by_batch_and_queue","secret_or_pii_or_wrong_environment_or_duplicate_idempotency_key"
"20260603_workqueue_expanded_pilot_dev_v1","connection_seed","SDU.Connection.Seed.Queue","2277b5e7-3f5f-f111-a826-00224805f8f9","20260603_wqexp_v1_connection_seed_0085","corr_connection_seed_0085","20260603_wqexp_v1_connection_seed_0085","SDU Pilot connection_seed 0085","1","true","false","false","delete_workqueueitem_by_uniqueidbyqueue_only_if_explicit_future_rollback_order","aggregate_count_by_batch_and_queue","secret_or_pii_or_wrong_environment_or_duplicate_idempotency_key"
"20260603_workqueue_expanded_pilot_dev_v1","connection_seed","SDU.Connection.Seed.Queue","2277b5e7-3f5f-f111-a826-00224805f8f9","20260603_wqexp_v1_connection_seed_0086","corr_connection_seed_0086","20260603_wqexp_v1_connection_seed_0086","SDU Pilot connection_seed 0086","1","true","false","false","delete_workqueueitem_by_uniqueidbyqueue_only_if_explicit_future_rollback_order","aggregate_count_by_batch_and_queue","secret_or_pii_or_wrong_environment_or_duplicate_idempotency_key"
"20260603_workqueue_expanded_pilot_dev_v1","connection_seed","SDU.Connection.Seed.Queue","2277b5e7-3f5f-f111-a826-00224805f8f9","20260603_wqexp_v1_connection_seed_0087","corr_connection_seed_0087","20260603_wqexp_v1_connection_seed_0087","SDU Pilot connection_seed 0087","1","true","false","false","delete_workqueueitem_by_uniqueidbyqueue_only_if_explicit_future_rollback_order","aggregate_count_by_batch_and_queue","secret_or_pii_or_wrong_environment_or_duplicate_idempotency_key"
"20260603_workqueue_expanded_pilot_dev_v1","connection_seed","SDU.Connection.Seed.Queue","2277b5e7-3f5f-f111-a826-00224805f8f9","20260603_wqexp_v1_connection_seed_0088","corr_connection_seed_0088","20260603_wqexp_v1_connection_seed_0088","SDU Pilot connection_seed 0088","1","true","false","false","delete_workqueueitem_by_uniqueidbyqueue_only_if_explicit_future_rollback_order","aggregate_count_by_batch_and_queue","secret_or_pii_or_wrong_environment_or_duplicate_idempotency_key"
"20260603_workqueue_expanded_pilot_dev_v1","connection_seed","SDU.Connection.Seed.Queue","2277b5e7-3f5f-f111-a826-00224805f8f9","20260603_wqexp_v1_connection_seed_0089","corr_connection_seed_0089","20260603_wqexp_v1_connection_seed_0089","SDU Pilot connection_seed 0089","1","true","false","false","delete_workqueueitem_by_uniqueidbyqueue_only_if_explicit_future_rollback_order","aggregate_count_by_batch_and_queue","secret_or_pii_or_wrong_environment_or_duplicate_idempotency_key"
"20260603_workqueue_expanded_pilot_dev_v1","connection_seed","SDU.Connection.Seed.Queue","2277b5e7-3f5f-f111-a826-00224805f8f9","20260603_wqexp_v1_connection_seed_0090","corr_connection_seed_0090","20260603_wqexp_v1_connection_seed_0090","SDU Pilot connection_seed 0090","1","true","false","false","delete_workqueueitem_by_uniqueidbyqueue_only_if_explicit_future_rollback_order","aggregate_count_by_batch_and_queue","secret_or_pii_or_wrong_environment_or_duplicate_idempotency_key"
"20260603_workqueue_expanded_pilot_dev_v1","connection_seed","SDU.Connection.Seed.Queue","2277b5e7-3f5f-f111-a826-00224805f8f9","20260603_wqexp_v1_connection_seed_0091","corr_connection_seed_0091","20260603_wqexp_v1_connection_seed_0091","SDU Pilot connection_seed 0091","1","true","false","false","delete_workqueueitem_by_uniqueidbyqueue_only_if_explicit_future_rollback_order","aggregate_count_by_batch_and_queue","secret_or_pii_or_wrong_environment_or_duplicate_idempotency_key"
"20260603_workqueue_expanded_pilot_dev_v1","connection_seed","SDU.Connection.Seed.Queue","2277b5e7-3f5f-f111-a826-00224805f8f9","20260603_wqexp_v1_connection_seed_0092","corr_connection_seed_0092","20260603_wqexp_v1_connection_seed_0092","SDU Pilot connection_seed 0092","1","true","false","false","delete_workqueueitem_by_uniqueidbyqueue_only_if_explicit_future_rollback_order","aggregate_count_by_batch_and_queue","secret_or_pii_or_wrong_environment_or_duplicate_idempotency_key"
"20260603_workqueue_expanded_pilot_dev_v1","connection_seed","SDU.Connection.Seed.Queue","2277b5e7-3f5f-f111-a826-00224805f8f9","20260603_wqexp_v1_connection_seed_0093","corr_connection_seed_0093","20260603_wqexp_v1_connection_seed_0093","SDU Pilot connection_seed 0093","1","true","false","false","delete_workqueueitem_by_uniqueidbyqueue_only_if_explicit_future_rollback_order","aggregate_count_by_batch_and_queue","secret_or_pii_or_wrong_environment_or_duplicate_idempotency_key"
"20260603_workqueue_expanded_pilot_dev_v1","connection_seed","SDU.Connection.Seed.Queue","2277b5e7-3f5f-f111-a826-00224805f8f9","20260603_wqexp_v1_connection_seed_0094","corr_connection_seed_0094","20260603_wqexp_v1_connection_seed_0094","SDU Pilot connection_seed 0094","1","true","false","false","delete_workqueueitem_by_uniqueidbyqueue_only_if_explicit_future_rollback_order","aggregate_count_by_batch_and_queue","secret_or_pii_or_wrong_environment_or_duplicate_idempotency_key"
"20260603_workqueue_expanded_pilot_dev_v1","connection_seed","SDU.Connection.Seed.Queue","2277b5e7-3f5f-f111-a826-00224805f8f9","20260603_wqexp_v1_connection_seed_0095","corr_connection_seed_0095","20260603_wqexp_v1_connection_seed_0095","SDU Pilot connection_seed 0095","1","true","false","false","delete_workqueueitem_by_uniqueidbyqueue_only_if_explicit_future_rollback_order","aggregate_count_by_batch_and_queue","secret_or_pii_or_wrong_environment_or_duplicate_idempotency_key"
"20260603_workqueue_expanded_pilot_dev_v1","connection_seed","SDU.Connection.Seed.Queue","2277b5e7-3f5f-f111-a826-00224805f8f9","20260603_wqexp_v1_connection_seed_0096","corr_connection_seed_0096","20260603_wqexp_v1_connection_seed_0096","SDU Pilot connection_seed 0096","1","true","false","false","delete_workqueueitem_by_uniqueidbyqueue_only_if_explicit_future_rollback_order","aggregate_count_by_batch_and_queue","secret_or_pii_or_wrong_environment_or_duplicate_idempotency_key"
"20260603_workqueue_expanded_pilot_dev_v1","connection_seed","SDU.Connection.Seed.Queue","2277b5e7-3f5f-f111-a826-00224805f8f9","20260603_wqexp_v1_connection_seed_0097","corr_connection_seed_0097","20260603_wqexp_v1_connection_seed_0097","SDU Pilot connection_seed 0097","1","true","false","false","delete_workqueueitem_by_uniqueidbyqueue_only_if_explicit_future_rollback_order","aggregate_count_by_batch_and_queue","secret_or_pii_or_wrong_environment_or_duplicate_idempotency_key"
"20260603_workqueue_expanded_pilot_dev_v1","connection_seed","SDU.Connection.Seed.Queue","2277b5e7-3f5f-f111-a826-00224805f8f9","20260603_wqexp_v1_connection_seed_0098","corr_connection_seed_0098","20260603_wqexp_v1_connection_seed_0098","SDU Pilot connection_seed 0098","1","true","false","false","delete_workqueueitem_by_uniqueidbyqueue_only_if_explicit_future_rollback_order","aggregate_count_by_batch_and_queue","secret_or_pii_or_wrong_environment_or_duplicate_idempotency_key"
"20260603_workqueue_expanded_pilot_dev_v1","connection_seed","SDU.Connection.Seed.Queue","2277b5e7-3f5f-f111-a826-00224805f8f9","20260603_wqexp_v1_connection_seed_0099","corr_connection_seed_0099","20260603_wqexp_v1_connection_seed_0099","SDU Pilot connection_seed 0099","1","true","false","false","delete_workqueueitem_by_uniqueidbyqueue_only_if_explicit_future_rollback_order","aggregate_count_by_batch_and_queue","secret_or_pii_or_wrong_environment_or_duplicate_idempotency_key"
"20260603_workqueue_expanded_pilot_dev_v1","connection_seed","SDU.Connection.Seed.Queue","2277b5e7-3f5f-f111-a826-00224805f8f9","20260603_wqexp_v1_connection_seed_0100","corr_connection_seed_0100","20260603_wqexp_v1_connection_seed_0100","SDU Pilot connection_seed 0100","1","true","false","false","delete_workqueueitem_by_uniqueidbyqueue_only_if_explicit_future_rollback_order","aggregate_count_by_batch_and_queue","secret_or_pii_or_wrong_environment_or_duplicate_idempotency_key"
"20260603_workqueue_expanded_pilot_dev_v1","gate_review","SDU.Gate.Review.Queue","59ea83ea-3f5f-f111-a826-00224805f9dd","20260603_wqexp_v1_gate_review_0006","corr_gate_review_0006","20260603_wqexp_v1_gate_review_0006","SDU Pilot gate_review 0006","1","true","false","false","delete_workqueueitem_by_uniqueidbyqueue_only_if_explicit_future_rollback_order","aggregate_count_by_batch_and_queue","secret_or_pii_or_wrong_environment_or_duplicate_idempotency_key"
"20260603_workqueue_expanded_pilot_dev_v1","gate_review","SDU.Gate.Review.Queue","59ea83ea-3f5f-f111-a826-00224805f9dd","20260603_wqexp_v1_gate_review_0007","corr_gate_review_0007","20260603_wqexp_v1_gate_review_0007","SDU Pilot gate_review 0007","1","true","false","false","delete_workqueueitem_by_uniqueidbyqueue_only_if_explicit_future_rollback_order","aggregate_count_by_batch_and_queue","secret_or_pii_or_wrong_environment_or_duplicate_idempotency_key"
"20260603_workqueue_expanded_pilot_dev_v1","gate_review","SDU.Gate.Review.Queue","59ea83ea-3f5f-f111-a826-00224805f9dd","20260603_wqexp_v1_gate_review_0008","corr_gate_review_0008","20260603_wqexp_v1_gate_review_0008","SDU Pilot gate_review 0008","1","true","false","false","delete_workqueueitem_by_uniqueidbyqueue_only_if_explicit_future_rollback_order","aggregate_count_by_batch_and_queue","secret_or_pii_or_wrong_environment_or_duplicate_idempotency_key"
"20260603_workqueue_expanded_pilot_dev_v1","gate_review","SDU.Gate.Review.Queue","59ea83ea-3f5f-f111-a826-00224805f9dd","20260603_wqexp_v1_gate_review_0009","corr_gate_review_0009","20260603_wqexp_v1_gate_review_0009","SDU Pilot gate_review 0009","1","true","false","false","delete_workqueueitem_by_uniqueidbyqueue_only_if_explicit_future_rollback_order","aggregate_count_by_batch_and_queue","secret_or_pii_or_wrong_environment_or_duplicate_idempotency_key"
"20260603_workqueue_expanded_pilot_dev_v1","gate_review","SDU.Gate.Review.Queue","59ea83ea-3f5f-f111-a826-00224805f9dd","20260603_wqexp_v1_gate_review_0010","corr_gate_review_0010","20260603_wqexp_v1_gate_review_0010","SDU Pilot gate_review 0010","1","true","false","false","delete_workqueueitem_by_uniqueidbyqueue_only_if_explicit_future_rollback_order","aggregate_count_by_batch_and_queue","secret_or_pii_or_wrong_environment_or_duplicate_idempotency_key"
"20260603_workqueue_expanded_pilot_dev_v1","gate_review","SDU.Gate.Review.Queue","59ea83ea-3f5f-f111-a826-00224805f9dd","20260603_wqexp_v1_gate_review_0011","corr_gate_review_0011","20260603_wqexp_v1_gate_review_0011","SDU Pilot gate_review 0011","1","true","false","false","delete_workqueueitem_by_uniqueidbyqueue_only_if_explicit_future_rollback_order","aggregate_count_by_batch_and_queue","secret_or_pii_or_wrong_environment_or_duplicate_idempotency_key"
"20260603_workqueue_expanded_pilot_dev_v1","gate_review","SDU.Gate.Review.Queue","59ea83ea-3f5f-f111-a826-00224805f9dd","20260603_wqexp_v1_gate_review_0012","corr_gate_review_0012","20260603_wqexp_v1_gate_review_0012","SDU Pilot gate_review 0012","1","true","false","false","delete_workqueueitem_by_uniqueidbyqueue_only_if_explicit_future_rollback_order","aggregate_count_by_batch_and_queue","secret_or_pii_or_wrong_environment_or_duplicate_idempotency_key"
"20260603_workqueue_expanded_pilot_dev_v1","gate_review","SDU.Gate.Review.Queue","59ea83ea-3f5f-f111-a826-00224805f9dd","20260603_wqexp_v1_gate_review_0013","corr_gate_review_0013","20260603_wqexp_v1_gate_review_0013","SDU Pilot gate_review 0013","1","true","false","false","delete_workqueueitem_by_uniqueidbyqueue_only_if_explicit_future_rollback_order","aggregate_count_by_batch_and_queue","secret_or_pii_or_wrong_environment_or_duplicate_idempotency_key"
"20260603_workqueue_expanded_pilot_dev_v1","gate_review","SDU.Gate.Review.Queue","59ea83ea-3f5f-f111-a826-00224805f9dd","20260603_wqexp_v1_gate_review_0014","corr_gate_review_0014","20260603_wqexp_v1_gate_review_0014","SDU Pilot gate_review 0014","1","true","false","false","delete_workqueueitem_by_uniqueidbyqueue_only_if_explicit_future_rollback_order","aggregate_count_by_batch_and_queue","secret_or_pii_or_wrong_environment_or_duplicate_idempotency_key"
"20260603_workqueue_expanded_pilot_dev_v1","gate_review","SDU.Gate.Review.Queue","59ea83ea-3f5f-f111-a826-00224805f9dd","20260603_wqexp_v1_gate_review_0015","corr_gate_review_0015","20260603_wqexp_v1_gate_review_0015","SDU Pilot gate_review 0015","1","true","false","false","delete_workqueueitem_by_uniqueidbyqueue_only_if_explicit_future_rollback_order","aggregate_count_by_batch_and_queue","secret_or_pii_or_wrong_environment_or_duplicate_idempotency_key"
"20260603_workqueue_expanded_pilot_dev_v1","gate_review","SDU.Gate.Review.Queue","59ea83ea-3f5f-f111-a826-00224805f9dd","20260603_wqexp_v1_gate_review_0016","corr_gate_review_0016","20260603_wqexp_v1_gate_review_0016","SDU Pilot gate_review 0016","1","true","false","false","delete_workqueueitem_by_uniqueidbyqueue_only_if_explicit_future_rollback_order","aggregate_count_by_batch_and_queue","secret_or_pii_or_wrong_environment_or_duplicate_idempotency_key"
"20260603_workqueue_expanded_pilot_dev_v1","gate_review","SDU.Gate.Review.Queue","59ea83ea-3f5f-f111-a826-00224805f9dd","20260603_wqexp_v1_gate_review_0017","corr_gate_review_0017","20260603_wqexp_v1_gate_review_0017","SDU Pilot gate_review 0017","1","true","false","false","delete_workqueueitem_by_uniqueidbyqueue_only_if_explicit_future_rollback_order","aggregate_count_by_batch_and_queue","secret_or_pii_or_wrong_environment_or_duplicate_idempotency_key"
"20260603_workqueue_expanded_pilot_dev_v1","gate_review","SDU.Gate.Review.Queue","59ea83ea-3f5f-f111-a826-00224805f9dd","20260603_wqexp_v1_gate_review_0018","corr_gate_review_0018","20260603_wqexp_v1_gate_review_0018","SDU Pilot gate_review 0018","1","true","false","false","delete_workqueueitem_by_uniqueidbyqueue_only_if_explicit_future_rollback_order","aggregate_count_by_batch_and_queue","secret_or_pii_or_wrong_environment_or_duplicate_idempotency_key"
"20260603_workqueue_expanded_pilot_dev_v1","gate_review","SDU.Gate.Review.Queue","59ea83ea-3f5f-f111-a826-00224805f9dd","20260603_wqexp_v1_gate_review_0019","corr_gate_review_0019","20260603_wqexp_v1_gate_review_0019","SDU Pilot gate_review 0019","1","true","false","false","delete_workqueueitem_by_uniqueidbyqueue_only_if_explicit_future_rollback_order","aggregate_count_by_batch_and_queue","secret_or_pii_or_wrong_environment_or_duplicate_idempotency_key"
"20260603_workqueue_expanded_pilot_dev_v1","gate_review","SDU.Gate.Review.Queue","59ea83ea-3f5f-f111-a826-00224805f9dd","20260603_wqexp_v1_gate_review_0020","corr_gate_review_0020","20260603_wqexp_v1_gate_review_0020","SDU Pilot gate_review 0020","1","true","false","false","delete_workqueueitem_by_uniqueidbyqueue_only_if_explicit_future_rollback_order","aggregate_count_by_batch_and_queue","secret_or_pii_or_wrong_environment_or_duplicate_idempotency_key"
"20260603_workqueue_expanded_pilot_dev_v1","gate_review","SDU.Gate.Review.Queue","59ea83ea-3f5f-f111-a826-00224805f9dd","20260603_wqexp_v1_gate_review_0021","corr_gate_review_0021","20260603_wqexp_v1_gate_review_0021","SDU Pilot gate_review 0021","1","true","false","false","delete_workqueueitem_by_uniqueidbyqueue_only_if_explicit_future_rollback_order","aggregate_count_by_batch_and_queue","secret_or_pii_or_wrong_environment_or_duplicate_idempotency_key"
"20260603_workqueue_expanded_pilot_dev_v1","gate_review","SDU.Gate.Review.Queue","59ea83ea-3f5f-f111-a826-00224805f9dd","20260603_wqexp_v1_gate_review_0022","corr_gate_review_0022","20260603_wqexp_v1_gate_review_0022","SDU Pilot gate_review 0022","1","true","false","false","delete_workqueueitem_by_uniqueidbyqueue_only_if_explicit_future_rollback_order","aggregate_count_by_batch_and_queue","secret_or_pii_or_wrong_environment_or_duplicate_idempotency_key"
"20260603_workqueue_expanded_pilot_dev_v1","gate_review","SDU.Gate.Review.Queue","59ea83ea-3f5f-f111-a826-00224805f9dd","20260603_wqexp_v1_gate_review_0023","corr_gate_review_0023","20260603_wqexp_v1_gate_review_0023","SDU Pilot gate_review 0023","1","true","false","false","delete_workqueueitem_by_uniqueidbyqueue_only_if_explicit_future_rollback_order","aggregate_count_by_batch_and_queue","secret_or_pii_or_wrong_environment_or_duplicate_idempotency_key"
"20260603_workqueue_expanded_pilot_dev_v1","gate_review","SDU.Gate.Review.Queue","59ea83ea-3f5f-f111-a826-00224805f9dd","20260603_wqexp_v1_gate_review_0024","corr_gate_review_0024","20260603_wqexp_v1_gate_review_0024","SDU Pilot gate_review 0024","1","true","false","false","delete_workqueueitem_by_uniqueidbyqueue_only_if_explicit_future_rollback_order","aggregate_count_by_batch_and_queue","secret_or_pii_or_wrong_environment_or_duplicate_idempotency_key"
"20260603_workqueue_expanded_pilot_dev_v1","gate_review","SDU.Gate.Review.Queue","59ea83ea-3f5f-f111-a826-00224805f9dd","20260603_wqexp_v1_gate_review_0025","corr_gate_review_0025","20260603_wqexp_v1_gate_review_0025","SDU Pilot gate_review 0025","1","true","false","false","delete_workqueueitem_by_uniqueidbyqueue_only_if_explicit_future_rollback_order","aggregate_count_by_batch_and_queue","secret_or_pii_or_wrong_environment_or_duplicate_idempotency_key"
"20260603_workqueue_expanded_pilot_dev_v1","gate_review","SDU.Gate.Review.Queue","59ea83ea-3f5f-f111-a826-00224805f9dd","20260603_wqexp_v1_gate_review_0026","corr_gate_review_0026","20260603_wqexp_v1_gate_review_0026","SDU Pilot gate_review 0026","1","true","false","false","delete_workqueueitem_by_uniqueidbyqueue_only_if_explicit_future_rollback_order","aggregate_count_by_batch_and_queue","secret_or_pii_or_wrong_environment_or_duplicate_idempotency_key"
"20260603_workqueue_expanded_pilot_dev_v1","gate_review","SDU.Gate.Review.Queue","59ea83ea-3f5f-f111-a826-00224805f9dd","20260603_wqexp_v1_gate_review_0027","corr_gate_review_0027","20260603_wqexp_v1_gate_review_0027","SDU Pilot gate_review 0027","1","true","false","false","delete_workqueueitem_by_uniqueidbyqueue_only_if_explicit_future_rollback_order","aggregate_count_by_batch_and_queue","secret_or_pii_or_wrong_environment_or_duplicate_idempotency_key"
"20260603_workqueue_expanded_pilot_dev_v1","gate_review","SDU.Gate.Review.Queue","59ea83ea-3f5f-f111-a826-00224805f9dd","20260603_wqexp_v1_gate_review_0028","corr_gate_review_0028","20260603_wqexp_v1_gate_review_0028","SDU Pilot gate_review 0028","1","true","false","false","delete_workqueueitem_by_uniqueidbyqueue_only_if_explicit_future_rollback_order","aggregate_count_by_batch_and_queue","secret_or_pii_or_wrong_environment_or_duplicate_idempotency_key"
"20260603_workqueue_expanded_pilot_dev_v1","gate_review","SDU.Gate.Review.Queue","59ea83ea-3f5f-f111-a826-00224805f9dd","20260603_wqexp_v1_gate_review_0029","corr_gate_review_0029","20260603_wqexp_v1_gate_review_0029","SDU Pilot gate_review 0029","1","true","false","false","delete_workqueueitem_by_uniqueidbyqueue_only_if_explicit_future_rollback_order","aggregate_count_by_batch_and_queue","secret_or_pii_or_wrong_environment_or_duplicate_idempotency_key"
"20260603_workqueue_expanded_pilot_dev_v1","gate_review","SDU.Gate.Review.Queue","59ea83ea-3f5f-f111-a826-00224805f9dd","20260603_wqexp_v1_gate_review_0030","corr_gate_review_0030","20260603_wqexp_v1_gate_review_0030","SDU Pilot gate_review 0030","1","true","false","false","delete_workqueueitem_by_uniqueidbyqueue_only_if_explicit_future_rollback_order","aggregate_count_by_batch_and_queue","secret_or_pii_or_wrong_environment_or_duplicate_idempotency_key"
"20260603_workqueue_expanded_pilot_dev_v1","gate_review","SDU.Gate.Review.Queue","59ea83ea-3f5f-f111-a826-00224805f9dd","20260603_wqexp_v1_gate_review_0031","corr_gate_review_0031","20260603_wqexp_v1_gate_review_0031","SDU Pilot gate_review 0031","1","true","false","false","delete_workqueueitem_by_uniqueidbyqueue_only_if_explicit_future_rollback_order","aggregate_count_by_batch_and_queue","secret_or_pii_or_wrong_environment_or_duplicate_idempotency_key"
"20260603_workqueue_expanded_pilot_dev_v1","gate_review","SDU.Gate.Review.Queue","59ea83ea-3f5f-f111-a826-00224805f9dd","20260603_wqexp_v1_gate_review_0032","corr_gate_review_0032","20260603_wqexp_v1_gate_review_0032","SDU Pilot gate_review 0032","1","true","false","false","delete_workqueueitem_by_uniqueidbyqueue_only_if_explicit_future_rollback_order","aggregate_count_by_batch_and_queue","secret_or_pii_or_wrong_environment_or_duplicate_idempotency_key"
"20260603_workqueue_expanded_pilot_dev_v1","gate_review","SDU.Gate.Review.Queue","59ea83ea-3f5f-f111-a826-00224805f9dd","20260603_wqexp_v1_gate_review_0033","corr_gate_review_0033","20260603_wqexp_v1_gate_review_0033","SDU Pilot gate_review 0033","1","true","false","false","delete_workqueueitem_by_uniqueidbyqueue_only_if_explicit_future_rollback_order","aggregate_count_by_batch_and_queue","secret_or_pii_or_wrong_environment_or_duplicate_idempotency_key"
"20260603_workqueue_expanded_pilot_dev_v1","gate_review","SDU.Gate.Review.Queue","59ea83ea-3f5f-f111-a826-00224805f9dd","20260603_wqexp_v1_gate_review_0034","corr_gate_review_0034","20260603_wqexp_v1_gate_review_0034","SDU Pilot gate_review 0034","1","true","false","false","delete_workqueueitem_by_uniqueidbyqueue_only_if_explicit_future_rollback_order","aggregate_count_by_batch_and_queue","secret_or_pii_or_wrong_environment_or_duplicate_idempotency_key"
"20260603_workqueue_expanded_pilot_dev_v1","gate_review","SDU.Gate.Review.Queue","59ea83ea-3f5f-f111-a826-00224805f9dd","20260603_wqexp_v1_gate_review_0035","corr_gate_review_0035","20260603_wqexp_v1_gate_review_0035","SDU Pilot gate_review 0035","1","true","false","false","delete_workqueueitem_by_uniqueidbyqueue_only_if_explicit_future_rollback_order","aggregate_count_by_batch_and_queue","secret_or_pii_or_wrong_environment_or_duplicate_idempotency_key"
"20260603_workqueue_expanded_pilot_dev_v1","gate_review","SDU.Gate.Review.Queue","59ea83ea-3f5f-f111-a826-00224805f9dd","20260603_wqexp_v1_gate_review_0036","corr_gate_review_0036","20260603_wqexp_v1_gate_review_0036","SDU Pilot gate_review 0036","1","true","false","false","delete_workqueueitem_by_uniqueidbyqueue_only_if_explicit_future_rollback_order","aggregate_count_by_batch_and_queue","secret_or_pii_or_wrong_environment_or_duplicate_idempotency_key"
"20260603_workqueue_expanded_pilot_dev_v1","gate_review","SDU.Gate.Review.Queue","59ea83ea-3f5f-f111-a826-00224805f9dd","20260603_wqexp_v1_gate_review_0037","corr_gate_review_0037","20260603_wqexp_v1_gate_review_0037","SDU Pilot gate_review 0037","1","true","false","false","delete_workqueueitem_by_uniqueidbyqueue_only_if_explicit_future_rollback_order","aggregate_count_by_batch_and_queue","secret_or_pii_or_wrong_environment_or_duplicate_idempotency_key"
"20260603_workqueue_expanded_pilot_dev_v1","gate_review","SDU.Gate.Review.Queue","59ea83ea-3f5f-f111-a826-00224805f9dd","20260603_wqexp_v1_gate_review_0038","corr_gate_review_0038","20260603_wqexp_v1_gate_review_0038","SDU Pilot gate_review 0038","1","true","false","false","delete_workqueueitem_by_uniqueidbyqueue_only_if_explicit_future_rollback_order","aggregate_count_by_batch_and_queue","secret_or_pii_or_wrong_environment_or_duplicate_idempotency_key"
"20260603_workqueue_expanded_pilot_dev_v1","gate_review","SDU.Gate.Review.Queue","59ea83ea-3f5f-f111-a826-00224805f9dd","20260603_wqexp_v1_gate_review_0039","corr_gate_review_0039","20260603_wqexp_v1_gate_review_0039","SDU Pilot gate_review 0039","1","true","false","false","delete_workqueueitem_by_uniqueidbyqueue_only_if_explicit_future_rollback_order","aggregate_count_by_batch_and_queue","secret_or_pii_or_wrong_environment_or_duplicate_idempotency_key"
"20260603_workqueue_expanded_pilot_dev_v1","gate_review","SDU.Gate.Review.Queue","59ea83ea-3f5f-f111-a826-00224805f9dd","20260603_wqexp_v1_gate_review_0040","corr_gate_review_0040","20260603_wqexp_v1_gate_review_0040","SDU Pilot gate_review 0040","1","true","false","false","delete_workqueueitem_by_uniqueidbyqueue_only_if_explicit_future_rollback_order","aggregate_count_by_batch_and_queue","secret_or_pii_or_wrong_environment_or_duplicate_idempotency_key"
"20260603_workqueue_expanded_pilot_dev_v1","gate_review","SDU.Gate.Review.Queue","59ea83ea-3f5f-f111-a826-00224805f9dd","20260603_wqexp_v1_gate_review_0041","corr_gate_review_0041","20260603_wqexp_v1_gate_review_0041","SDU Pilot gate_review 0041","1","true","false","false","delete_workqueueitem_by_uniqueidbyqueue_only_if_explicit_future_rollback_order","aggregate_count_by_batch_and_queue","secret_or_pii_or_wrong_environment_or_duplicate_idempotency_key"
"20260603_workqueue_expanded_pilot_dev_v1","gate_review","SDU.Gate.Review.Queue","59ea83ea-3f5f-f111-a826-00224805f9dd","20260603_wqexp_v1_gate_review_0042","corr_gate_review_0042","20260603_wqexp_v1_gate_review_0042","SDU Pilot gate_review 0042","1","true","false","false","delete_workqueueitem_by_uniqueidbyqueue_only_if_explicit_future_rollback_order","aggregate_count_by_batch_and_queue","secret_or_pii_or_wrong_environment_or_duplicate_idempotency_key"
"20260603_workqueue_expanded_pilot_dev_v1","gate_review","SDU.Gate.Review.Queue","59ea83ea-3f5f-f111-a826-00224805f9dd","20260603_wqexp_v1_gate_review_0043","corr_gate_review_0043","20260603_wqexp_v1_gate_review_0043","SDU Pilot gate_review 0043","1","true","false","false","delete_workqueueitem_by_uniqueidbyqueue_only_if_explicit_future_rollback_order","aggregate_count_by_batch_and_queue","secret_or_pii_or_wrong_environment_or_duplicate_idempotency_key"
"20260603_workqueue_expanded_pilot_dev_v1","gate_review","SDU.Gate.Review.Queue","59ea83ea-3f5f-f111-a826-00224805f9dd","20260603_wqexp_v1_gate_review_0044","corr_gate_review_0044","20260603_wqexp_v1_gate_review_0044","SDU Pilot gate_review 0044","1","true","false","false","delete_workqueueitem_by_uniqueidbyqueue_only_if_explicit_future_rollback_order","aggregate_count_by_batch_and_queue","secret_or_pii_or_wrong_environment_or_duplicate_idempotency_key"
"20260603_workqueue_expanded_pilot_dev_v1","gate_review","SDU.Gate.Review.Queue","59ea83ea-3f5f-f111-a826-00224805f9dd","20260603_wqexp_v1_gate_review_0045","corr_gate_review_0045","20260603_wqexp_v1_gate_review_0045","SDU Pilot gate_review 0045","1","true","false","false","delete_workqueueitem_by_uniqueidbyqueue_only_if_explicit_future_rollback_order","aggregate_count_by_batch_and_queue","secret_or_pii_or_wrong_environment_or_duplicate_idempotency_key"
"20260603_workqueue_expanded_pilot_dev_v1","gate_review","SDU.Gate.Review.Queue","59ea83ea-3f5f-f111-a826-00224805f9dd","20260603_wqexp_v1_gate_review_0046","corr_gate_review_0046","20260603_wqexp_v1_gate_review_0046","SDU Pilot gate_review 0046","1","true","false","false","delete_workqueueitem_by_uniqueidbyqueue_only_if_explicit_future_rollback_order","aggregate_count_by_batch_and_queue","secret_or_pii_or_wrong_environment_or_duplicate_idempotency_key"
"20260603_workqueue_expanded_pilot_dev_v1","gate_review","SDU.Gate.Review.Queue","59ea83ea-3f5f-f111-a826-00224805f9dd","20260603_wqexp_v1_gate_review_0047","corr_gate_review_0047","20260603_wqexp_v1_gate_review_0047","SDU Pilot gate_review 0047","1","true","false","false","delete_workqueueitem_by_uniqueidbyqueue_only_if_explicit_future_rollback_order","aggregate_count_by_batch_and_queue","secret_or_pii_or_wrong_environment_or_duplicate_idempotency_key"
"20260603_workqueue_expanded_pilot_dev_v1","gate_review","SDU.Gate.Review.Queue","59ea83ea-3f5f-f111-a826-00224805f9dd","20260603_wqexp_v1_gate_review_0048","corr_gate_review_0048","20260603_wqexp_v1_gate_review_0048","SDU Pilot gate_review 0048","1","true","false","false","delete_workqueueitem_by_uniqueidbyqueue_only_if_explicit_future_rollback_order","aggregate_count_by_batch_and_queue","secret_or_pii_or_wrong_environment_or_duplicate_idempotency_key"
"20260603_workqueue_expanded_pilot_dev_v1","gate_review","SDU.Gate.Review.Queue","59ea83ea-3f5f-f111-a826-00224805f9dd","20260603_wqexp_v1_gate_review_0049","corr_gate_review_0049","20260603_wqexp_v1_gate_review_0049","SDU Pilot gate_review 0049","1","true","false","false","delete_workqueueitem_by_uniqueidbyqueue_only_if_explicit_future_rollback_order","aggregate_count_by_batch_and_queue","secret_or_pii_or_wrong_environment_or_duplicate_idempotency_key"
"20260603_workqueue_expanded_pilot_dev_v1","gate_review","SDU.Gate.Review.Queue","59ea83ea-3f5f-f111-a826-00224805f9dd","20260603_wqexp_v1_gate_review_0050","corr_gate_review_0050","20260603_wqexp_v1_gate_review_0050","SDU Pilot gate_review 0050","1","true","false","false","delete_workqueueitem_by_uniqueidbyqueue_only_if_explicit_future_rollback_order","aggregate_count_by_batch_and_queue","secret_or_pii_or_wrong_environment_or_duplicate_idempotency_key"
"20260603_workqueue_expanded_pilot_dev_v1","drift_detection","SDU.Drift.Detection.Queue","2fd30de8-3f5f-f111-a826-00224805fcc4","20260603_wqexp_v1_drift_detection_0006","corr_drift_detection_0006","20260603_wqexp_v1_drift_detection_0006","SDU Pilot drift_detection 0006","2","true","false","false","delete_workqueueitem_by_uniqueidbyqueue_only_if_explicit_future_rollback_order","aggregate_count_by_batch_and_queue","secret_or_pii_or_wrong_environment_or_duplicate_idempotency_key"
"20260603_workqueue_expanded_pilot_dev_v1","drift_detection","SDU.Drift.Detection.Queue","2fd30de8-3f5f-f111-a826-00224805fcc4","20260603_wqexp_v1_drift_detection_0007","corr_drift_detection_0007","20260603_wqexp_v1_drift_detection_0007","SDU Pilot drift_detection 0007","2","true","false","false","delete_workqueueitem_by_uniqueidbyqueue_only_if_explicit_future_rollback_order","aggregate_count_by_batch_and_queue","secret_or_pii_or_wrong_environment_or_duplicate_idempotency_key"
"20260603_workqueue_expanded_pilot_dev_v1","drift_detection","SDU.Drift.Detection.Queue","2fd30de8-3f5f-f111-a826-00224805fcc4","20260603_wqexp_v1_drift_detection_0008","corr_drift_detection_0008","20260603_wqexp_v1_drift_detection_0008","SDU Pilot drift_detection 0008","2","true","false","false","delete_workqueueitem_by_uniqueidbyqueue_only_if_explicit_future_rollback_order","aggregate_count_by_batch_and_queue","secret_or_pii_or_wrong_environment_or_duplicate_idempotency_key"
"20260603_workqueue_expanded_pilot_dev_v1","drift_detection","SDU.Drift.Detection.Queue","2fd30de8-3f5f-f111-a826-00224805fcc4","20260603_wqexp_v1_drift_detection_0009","corr_drift_detection_0009","20260603_wqexp_v1_drift_detection_0009","SDU Pilot drift_detection 0009","2","true","false","false","delete_workqueueitem_by_uniqueidbyqueue_only_if_explicit_future_rollback_order","aggregate_count_by_batch_and_queue","secret_or_pii_or_wrong_environment_or_duplicate_idempotency_key"
"20260603_workqueue_expanded_pilot_dev_v1","drift_detection","SDU.Drift.Detection.Queue","2fd30de8-3f5f-f111-a826-00224805fcc4","20260603_wqexp_v1_drift_detection_0010","corr_drift_detection_0010","20260603_wqexp_v1_drift_detection_0010","SDU Pilot drift_detection 0010","2","true","false","false","delete_workqueueitem_by_uniqueidbyqueue_only_if_explicit_future_rollback_order","aggregate_count_by_batch_and_queue","secret_or_pii_or_wrong_environment_or_duplicate_idempotency_key"
"20260603_workqueue_expanded_pilot_dev_v1","drift_detection","SDU.Drift.Detection.Queue","2fd30de8-3f5f-f111-a826-00224805fcc4","20260603_wqexp_v1_drift_detection_0011","corr_drift_detection_0011","20260603_wqexp_v1_drift_detection_0011","SDU Pilot drift_detection 0011","2","true","false","false","delete_workqueueitem_by_uniqueidbyqueue_only_if_explicit_future_rollback_order","aggregate_count_by_batch_and_queue","secret_or_pii_or_wrong_environment_or_duplicate_idempotency_key"
"20260603_workqueue_expanded_pilot_dev_v1","drift_detection","SDU.Drift.Detection.Queue","2fd30de8-3f5f-f111-a826-00224805fcc4","20260603_wqexp_v1_drift_detection_0012","corr_drift_detection_0012","20260603_wqexp_v1_drift_detection_0012","SDU Pilot drift_detection 0012","2","true","false","false","delete_workqueueitem_by_uniqueidbyqueue_only_if_explicit_future_rollback_order","aggregate_count_by_batch_and_queue","secret_or_pii_or_wrong_environment_or_duplicate_idempotency_key"
"20260603_workqueue_expanded_pilot_dev_v1","drift_detection","SDU.Drift.Detection.Queue","2fd30de8-3f5f-f111-a826-00224805fcc4","20260603_wqexp_v1_drift_detection_0013","corr_drift_detection_0013","20260603_wqexp_v1_drift_detection_0013","SDU Pilot drift_detection 0013","2","true","false","false","delete_workqueueitem_by_uniqueidbyqueue_only_if_explicit_future_rollback_order","aggregate_count_by_batch_and_queue","secret_or_pii_or_wrong_environment_or_duplicate_idempotency_key"
"20260603_workqueue_expanded_pilot_dev_v1","drift_detection","SDU.Drift.Detection.Queue","2fd30de8-3f5f-f111-a826-00224805fcc4","20260603_wqexp_v1_drift_detection_0014","corr_drift_detection_0014","20260603_wqexp_v1_drift_detection_0014","SDU Pilot drift_detection 0014","2","true","false","false","delete_workqueueitem_by_uniqueidbyqueue_only_if_explicit_future_rollback_order","aggregate_count_by_batch_and_queue","secret_or_pii_or_wrong_environment_or_duplicate_idempotency_key"
"20260603_workqueue_expanded_pilot_dev_v1","drift_detection","SDU.Drift.Detection.Queue","2fd30de8-3f5f-f111-a826-00224805fcc4","20260603_wqexp_v1_drift_detection_0015","corr_drift_detection_0015","20260603_wqexp_v1_drift_detection_0015","SDU Pilot drift_detection 0015","2","true","false","false","delete_workqueueitem_by_uniqueidbyqueue_only_if_explicit_future_rollback_order","aggregate_count_by_batch_and_queue","secret_or_pii_or_wrong_environment_or_duplicate_idempotency_key"
"20260603_workqueue_expanded_pilot_dev_v1","drift_detection","SDU.Drift.Detection.Queue","2fd30de8-3f5f-f111-a826-00224805fcc4","20260603_wqexp_v1_drift_detection_0016","corr_drift_detection_0016","20260603_wqexp_v1_drift_detection_0016","SDU Pilot drift_detection 0016","2","true","false","false","delete_workqueueitem_by_uniqueidbyqueue_only_if_explicit_future_rollback_order","aggregate_count_by_batch_and_queue","secret_or_pii_or_wrong_environment_or_duplicate_idempotency_key"
"20260603_workqueue_expanded_pilot_dev_v1","drift_detection","SDU.Drift.Detection.Queue","2fd30de8-3f5f-f111-a826-00224805fcc4","20260603_wqexp_v1_drift_detection_0017","corr_drift_detection_0017","20260603_wqexp_v1_drift_detection_0017","SDU Pilot drift_detection 0017","2","true","false","false","delete_workqueueitem_by_uniqueidbyqueue_only_if_explicit_future_rollback_order","aggregate_count_by_batch_and_queue","secret_or_pii_or_wrong_environment_or_duplicate_idempotency_key"
"20260603_workqueue_expanded_pilot_dev_v1","drift_detection","SDU.Drift.Detection.Queue","2fd30de8-3f5f-f111-a826-00224805fcc4","20260603_wqexp_v1_drift_detection_0018","corr_drift_detection_0018","20260603_wqexp_v1_drift_detection_0018","SDU Pilot drift_detection 0018","2","true","false","false","delete_workqueueitem_by_uniqueidbyqueue_only_if_explicit_future_rollback_order","aggregate_count_by_batch_and_queue","secret_or_pii_or_wrong_environment_or_duplicate_idempotency_key"
"20260603_workqueue_expanded_pilot_dev_v1","drift_detection","SDU.Drift.Detection.Queue","2fd30de8-3f5f-f111-a826-00224805fcc4","20260603_wqexp_v1_drift_detection_0019","corr_drift_detection_0019","20260603_wqexp_v1_drift_detection_0019","SDU Pilot drift_detection 0019","2","true","false","false","delete_workqueueitem_by_uniqueidbyqueue_only_if_explicit_future_rollback_order","aggregate_count_by_batch_and_queue","secret_or_pii_or_wrong_environment_or_duplicate_idempotency_key"
"20260603_workqueue_expanded_pilot_dev_v1","drift_detection","SDU.Drift.Detection.Queue","2fd30de8-3f5f-f111-a826-00224805fcc4","20260603_wqexp_v1_drift_detection_0020","corr_drift_detection_0020","20260603_wqexp_v1_drift_detection_0020","SDU Pilot drift_detection 0020","2","true","false","false","delete_workqueueitem_by_uniqueidbyqueue_only_if_explicit_future_rollback_order","aggregate_count_by_batch_and_queue","secret_or_pii_or_wrong_environment_or_duplicate_idempotency_key"
"20260603_workqueue_expanded_pilot_dev_v1","drift_detection","SDU.Drift.Detection.Queue","2fd30de8-3f5f-f111-a826-00224805fcc4","20260603_wqexp_v1_drift_detection_0021","corr_drift_detection_0021","20260603_wqexp_v1_drift_detection_0021","SDU Pilot drift_detection 0021","2","true","false","false","delete_workqueueitem_by_uniqueidbyqueue_only_if_explicit_future_rollback_order","aggregate_count_by_batch_and_queue","secret_or_pii_or_wrong_environment_or_duplicate_idempotency_key"
"20260603_workqueue_expanded_pilot_dev_v1","drift_detection","SDU.Drift.Detection.Queue","2fd30de8-3f5f-f111-a826-00224805fcc4","20260603_wqexp_v1_drift_detection_0022","corr_drift_detection_0022","20260603_wqexp_v1_drift_detection_0022","SDU Pilot drift_detection 0022","2","true","false","false","delete_workqueueitem_by_uniqueidbyqueue_only_if_explicit_future_rollback_order","aggregate_count_by_batch_and_queue","secret_or_pii_or_wrong_environment_or_duplicate_idempotency_key"
"20260603_workqueue_expanded_pilot_dev_v1","drift_detection","SDU.Drift.Detection.Queue","2fd30de8-3f5f-f111-a826-00224805fcc4","20260603_wqexp_v1_drift_detection_0023","corr_drift_detection_0023","20260603_wqexp_v1_drift_detection_0023","SDU Pilot drift_detection 0023","2","true","false","false","delete_workqueueitem_by_uniqueidbyqueue_only_if_explicit_future_rollback_order","aggregate_count_by_batch_and_queue","secret_or_pii_or_wrong_environment_or_duplicate_idempotency_key"
"20260603_workqueue_expanded_pilot_dev_v1","drift_detection","SDU.Drift.Detection.Queue","2fd30de8-3f5f-f111-a826-00224805fcc4","20260603_wqexp_v1_drift_detection_0024","corr_drift_detection_0024","20260603_wqexp_v1_drift_detection_0024","SDU Pilot drift_detection 0024","2","true","false","false","delete_workqueueitem_by_uniqueidbyqueue_only_if_explicit_future_rollback_order","aggregate_count_by_batch_and_queue","secret_or_pii_or_wrong_environment_or_duplicate_idempotency_key"
"20260603_workqueue_expanded_pilot_dev_v1","drift_detection","SDU.Drift.Detection.Queue","2fd30de8-3f5f-f111-a826-00224805fcc4","20260603_wqexp_v1_drift_detection_0025","corr_drift_detection_0025","20260603_wqexp_v1_drift_detection_0025","SDU Pilot drift_detection 0025","2","true","false","false","delete_workqueueitem_by_uniqueidbyqueue_only_if_explicit_future_rollback_order","aggregate_count_by_batch_and_queue","secret_or_pii_or_wrong_environment_or_duplicate_idempotency_key"
"20260603_workqueue_expanded_pilot_dev_v1","drift_detection","SDU.Drift.Detection.Queue","2fd30de8-3f5f-f111-a826-00224805fcc4","20260603_wqexp_v1_drift_detection_0026","corr_drift_detection_0026","20260603_wqexp_v1_drift_detection_0026","SDU Pilot drift_detection 0026","2","true","false","false","delete_workqueueitem_by_uniqueidbyqueue_only_if_explicit_future_rollback_order","aggregate_count_by_batch_and_queue","secret_or_pii_or_wrong_environment_or_duplicate_idempotency_key"
"20260603_workqueue_expanded_pilot_dev_v1","drift_detection","SDU.Drift.Detection.Queue","2fd30de8-3f5f-f111-a826-00224805fcc4","20260603_wqexp_v1_drift_detection_0027","corr_drift_detection_0027","20260603_wqexp_v1_drift_detection_0027","SDU Pilot drift_detection 0027","2","true","false","false","delete_workqueueitem_by_uniqueidbyqueue_only_if_explicit_future_rollback_order","aggregate_count_by_batch_and_queue","secret_or_pii_or_wrong_environment_or_duplicate_idempotency_key"
"20260603_workqueue_expanded_pilot_dev_v1","drift_detection","SDU.Drift.Detection.Queue","2fd30de8-3f5f-f111-a826-00224805fcc4","20260603_wqexp_v1_drift_detection_0028","corr_drift_detection_0028","20260603_wqexp_v1_drift_detection_0028","SDU Pilot drift_detection 0028","2","true","false","false","delete_workqueueitem_by_uniqueidbyqueue_only_if_explicit_future_rollback_order","aggregate_count_by_batch_and_queue","secret_or_pii_or_wrong_environment_or_duplicate_idempotency_key"
"20260603_workqueue_expanded_pilot_dev_v1","drift_detection","SDU.Drift.Detection.Queue","2fd30de8-3f5f-f111-a826-00224805fcc4","20260603_wqexp_v1_drift_detection_0029","corr_drift_detection_0029","20260603_wqexp_v1_drift_detection_0029","SDU Pilot drift_detection 0029","2","true","false","false","delete_workqueueitem_by_uniqueidbyqueue_only_if_explicit_future_rollback_order","aggregate_count_by_batch_and_queue","secret_or_pii_or_wrong_environment_or_duplicate_idempotency_key"
"20260603_workqueue_expanded_pilot_dev_v1","drift_detection","SDU.Drift.Detection.Queue","2fd30de8-3f5f-f111-a826-00224805fcc4","20260603_wqexp_v1_drift_detection_0030","corr_drift_detection_0030","20260603_wqexp_v1_drift_detection_0030","SDU Pilot drift_detection 0030","2","true","false","false","delete_workqueueitem_by_uniqueidbyqueue_only_if_explicit_future_rollback_order","aggregate_count_by_batch_and_queue","secret_or_pii_or_wrong_environment_or_duplicate_idempotency_key"
"20260603_workqueue_expanded_pilot_dev_v1","drift_detection","SDU.Drift.Detection.Queue","2fd30de8-3f5f-f111-a826-00224805fcc4","20260603_wqexp_v1_drift_detection_0031","corr_drift_detection_0031","20260603_wqexp_v1_drift_detection_0031","SDU Pilot drift_detection 0031","2","true","false","false","delete_workqueueitem_by_uniqueidbyqueue_only_if_explicit_future_rollback_order","aggregate_count_by_batch_and_queue","secret_or_pii_or_wrong_environment_or_duplicate_idempotency_key"
"20260603_workqueue_expanded_pilot_dev_v1","drift_detection","SDU.Drift.Detection.Queue","2fd30de8-3f5f-f111-a826-00224805fcc4","20260603_wqexp_v1_drift_detection_0032","corr_drift_detection_0032","20260603_wqexp_v1_drift_detection_0032","SDU Pilot drift_detection 0032","2","true","false","false","delete_workqueueitem_by_uniqueidbyqueue_only_if_explicit_future_rollback_order","aggregate_count_by_batch_and_queue","secret_or_pii_or_wrong_environment_or_duplicate_idempotency_key"
"20260603_workqueue_expanded_pilot_dev_v1","drift_detection","SDU.Drift.Detection.Queue","2fd30de8-3f5f-f111-a826-00224805fcc4","20260603_wqexp_v1_drift_detection_0033","corr_drift_detection_0033","20260603_wqexp_v1_drift_detection_0033","SDU Pilot drift_detection 0033","2","true","false","false","delete_workqueueitem_by_uniqueidbyqueue_only_if_explicit_future_rollback_order","aggregate_count_by_batch_and_queue","secret_or_pii_or_wrong_environment_or_duplicate_idempotency_key"
"20260603_workqueue_expanded_pilot_dev_v1","drift_detection","SDU.Drift.Detection.Queue","2fd30de8-3f5f-f111-a826-00224805fcc4","20260603_wqexp_v1_drift_detection_0034","corr_drift_detection_0034","20260603_wqexp_v1_drift_detection_0034","SDU Pilot drift_detection 0034","2","true","false","false","delete_workqueueitem_by_uniqueidbyqueue_only_if_explicit_future_rollback_order","aggregate_count_by_batch_and_queue","secret_or_pii_or_wrong_environment_or_duplicate_idempotency_key"
"20260603_workqueue_expanded_pilot_dev_v1","drift_detection","SDU.Drift.Detection.Queue","2fd30de8-3f5f-f111-a826-00224805fcc4","20260603_wqexp_v1_drift_detection_0035","corr_drift_detection_0035","20260603_wqexp_v1_drift_detection_0035","SDU Pilot drift_detection 0035","2","true","false","false","delete_workqueueitem_by_uniqueidbyqueue_only_if_explicit_future_rollback_order","aggregate_count_by_batch_and_queue","secret_or_pii_or_wrong_environment_or_duplicate_idempotency_key"
"20260603_workqueue_expanded_pilot_dev_v1","drift_detection","SDU.Drift.Detection.Queue","2fd30de8-3f5f-f111-a826-00224805fcc4","20260603_wqexp_v1_drift_detection_0036","corr_drift_detection_0036","20260603_wqexp_v1_drift_detection_0036","SDU Pilot drift_detection 0036","2","true","false","false","delete_workqueueitem_by_uniqueidbyqueue_only_if_explicit_future_rollback_order","aggregate_count_by_batch_and_queue","secret_or_pii_or_wrong_environment_or_duplicate_idempotency_key"
"20260603_workqueue_expanded_pilot_dev_v1","drift_detection","SDU.Drift.Detection.Queue","2fd30de8-3f5f-f111-a826-00224805fcc4","20260603_wqexp_v1_drift_detection_0037","corr_drift_detection_0037","20260603_wqexp_v1_drift_detection_0037","SDU Pilot drift_detection 0037","2","true","false","false","delete_workqueueitem_by_uniqueidbyqueue_only_if_explicit_future_rollback_order","aggregate_count_by_batch_and_queue","secret_or_pii_or_wrong_environment_or_duplicate_idempotency_key"
"20260603_workqueue_expanded_pilot_dev_v1","drift_detection","SDU.Drift.Detection.Queue","2fd30de8-3f5f-f111-a826-00224805fcc4","20260603_wqexp_v1_drift_detection_0038","corr_drift_detection_0038","20260603_wqexp_v1_drift_detection_0038","SDU Pilot drift_detection 0038","2","true","false","false","delete_workqueueitem_by_uniqueidbyqueue_only_if_explicit_future_rollback_order","aggregate_count_by_batch_and_queue","secret_or_pii_or_wrong_environment_or_duplicate_idempotency_key"
"20260603_workqueue_expanded_pilot_dev_v1","drift_detection","SDU.Drift.Detection.Queue","2fd30de8-3f5f-f111-a826-00224805fcc4","20260603_wqexp_v1_drift_detection_0039","corr_drift_detection_0039","20260603_wqexp_v1_drift_detection_0039","SDU Pilot drift_detection 0039","2","true","false","false","delete_workqueueitem_by_uniqueidbyqueue_only_if_explicit_future_rollback_order","aggregate_count_by_batch_and_queue","secret_or_pii_or_wrong_environment_or_duplicate_idempotency_key"
"20260603_workqueue_expanded_pilot_dev_v1","drift_detection","SDU.Drift.Detection.Queue","2fd30de8-3f5f-f111-a826-00224805fcc4","20260603_wqexp_v1_drift_detection_0040","corr_drift_detection_0040","20260603_wqexp_v1_drift_detection_0040","SDU Pilot drift_detection 0040","2","true","false","false","delete_workqueueitem_by_uniqueidbyqueue_only_if_explicit_future_rollback_order","aggregate_count_by_batch_and_queue","secret_or_pii_or_wrong_environment_or_duplicate_idempotency_key"
"20260603_workqueue_expanded_pilot_dev_v1","drift_detection","SDU.Drift.Detection.Queue","2fd30de8-3f5f-f111-a826-00224805fcc4","20260603_wqexp_v1_drift_detection_0041","corr_drift_detection_0041","20260603_wqexp_v1_drift_detection_0041","SDU Pilot drift_detection 0041","2","true","false","false","delete_workqueueitem_by_uniqueidbyqueue_only_if_explicit_future_rollback_order","aggregate_count_by_batch_and_queue","secret_or_pii_or_wrong_environment_or_duplicate_idempotency_key"
"20260603_workqueue_expanded_pilot_dev_v1","drift_detection","SDU.Drift.Detection.Queue","2fd30de8-3f5f-f111-a826-00224805fcc4","20260603_wqexp_v1_drift_detection_0042","corr_drift_detection_0042","20260603_wqexp_v1_drift_detection_0042","SDU Pilot drift_detection 0042","2","true","false","false","delete_workqueueitem_by_uniqueidbyqueue_only_if_explicit_future_rollback_order","aggregate_count_by_batch_and_queue","secret_or_pii_or_wrong_environment_or_duplicate_idempotency_key"
"20260603_workqueue_expanded_pilot_dev_v1","drift_detection","SDU.Drift.Detection.Queue","2fd30de8-3f5f-f111-a826-00224805fcc4","20260603_wqexp_v1_drift_detection_0043","corr_drift_detection_0043","20260603_wqexp_v1_drift_detection_0043","SDU Pilot drift_detection 0043","2","true","false","false","delete_workqueueitem_by_uniqueidbyqueue_only_if_explicit_future_rollback_order","aggregate_count_by_batch_and_queue","secret_or_pii_or_wrong_environment_or_duplicate_idempotency_key"
"20260603_workqueue_expanded_pilot_dev_v1","drift_detection","SDU.Drift.Detection.Queue","2fd30de8-3f5f-f111-a826-00224805fcc4","20260603_wqexp_v1_drift_detection_0044","corr_drift_detection_0044","20260603_wqexp_v1_drift_detection_0044","SDU Pilot drift_detection 0044","2","true","false","false","delete_workqueueitem_by_uniqueidbyqueue_only_if_explicit_future_rollback_order","aggregate_count_by_batch_and_queue","secret_or_pii_or_wrong_environment_or_duplicate_idempotency_key"
"20260603_workqueue_expanded_pilot_dev_v1","drift_detection","SDU.Drift.Detection.Queue","2fd30de8-3f5f-f111-a826-00224805fcc4","20260603_wqexp_v1_drift_detection_0045","corr_drift_detection_0045","20260603_wqexp_v1_drift_detection_0045","SDU Pilot drift_detection 0045","2","true","false","false","delete_workqueueitem_by_uniqueidbyqueue_only_if_explicit_future_rollback_order","aggregate_count_by_batch_and_queue","secret_or_pii_or_wrong_environment_or_duplicate_idempotency_key"
"20260603_workqueue_expanded_pilot_dev_v1","drift_detection","SDU.Drift.Detection.Queue","2fd30de8-3f5f-f111-a826-00224805fcc4","20260603_wqexp_v1_drift_detection_0046","corr_drift_detection_0046","20260603_wqexp_v1_drift_detection_0046","SDU Pilot drift_detection 0046","2","true","false","false","delete_workqueueitem_by_uniqueidbyqueue_only_if_explicit_future_rollback_order","aggregate_count_by_batch_and_queue","secret_or_pii_or_wrong_environment_or_duplicate_idempotency_key"
"20260603_workqueue_expanded_pilot_dev_v1","drift_detection","SDU.Drift.Detection.Queue","2fd30de8-3f5f-f111-a826-00224805fcc4","20260603_wqexp_v1_drift_detection_0047","corr_drift_detection_0047","20260603_wqexp_v1_drift_detection_0047","SDU Pilot drift_detection 0047","2","true","false","false","delete_workqueueitem_by_uniqueidbyqueue_only_if_explicit_future_rollback_order","aggregate_count_by_batch_and_queue","secret_or_pii_or_wrong_environment_or_duplicate_idempotency_key"
"20260603_workqueue_expanded_pilot_dev_v1","drift_detection","SDU.Drift.Detection.Queue","2fd30de8-3f5f-f111-a826-00224805fcc4","20260603_wqexp_v1_drift_detection_0048","corr_drift_detection_0048","20260603_wqexp_v1_drift_detection_0048","SDU Pilot drift_detection 0048","2","true","false","false","delete_workqueueitem_by_uniqueidbyqueue_only_if_explicit_future_rollback_order","aggregate_count_by_batch_and_queue","secret_or_pii_or_wrong_environment_or_duplicate_idempotency_key"
"20260603_workqueue_expanded_pilot_dev_v1","drift_detection","SDU.Drift.Detection.Queue","2fd30de8-3f5f-f111-a826-00224805fcc4","20260603_wqexp_v1_drift_detection_0049","corr_drift_detection_0049","20260603_wqexp_v1_drift_detection_0049","SDU Pilot drift_detection 0049","2","true","false","false","delete_workqueueitem_by_uniqueidbyqueue_only_if_explicit_future_rollback_order","aggregate_count_by_batch_and_queue","secret_or_pii_or_wrong_environment_or_duplicate_idempotency_key"
"20260603_workqueue_expanded_pilot_dev_v1","drift_detection","SDU.Drift.Detection.Queue","2fd30de8-3f5f-f111-a826-00224805fcc4","20260603_wqexp_v1_drift_detection_0050","corr_drift_detection_0050","20260603_wqexp_v1_drift_detection_0050","SDU Pilot drift_detection 0050","2","true","false","false","delete_workqueueitem_by_uniqueidbyqueue_only_if_explicit_future_rollback_order","aggregate_count_by_batch_and_queue","secret_or_pii_or_wrong_environment_or_duplicate_idempotency_key"
"20260603_workqueue_expanded_pilot_dev_v1","evidence_publish","SDU.Evidence.Publish.Queue","d8489bf0-3f5f-f111-a826-00224805f9dd","20260603_wqexp_v1_evidence_publish_0006","corr_evidence_publish_0006","20260603_wqexp_v1_evidence_publish_0006","SDU Pilot evidence_publish 0006","2","true","false","false","delete_workqueueitem_by_uniqueidbyqueue_only_if_explicit_future_rollback_order","aggregate_count_by_batch_and_queue","secret_or_pii_or_wrong_environment_or_duplicate_idempotency_key"
"20260603_workqueue_expanded_pilot_dev_v1","evidence_publish","SDU.Evidence.Publish.Queue","d8489bf0-3f5f-f111-a826-00224805f9dd","20260603_wqexp_v1_evidence_publish_0007","corr_evidence_publish_0007","20260603_wqexp_v1_evidence_publish_0007","SDU Pilot evidence_publish 0007","2","true","false","false","delete_workqueueitem_by_uniqueidbyqueue_only_if_explicit_future_rollback_order","aggregate_count_by_batch_and_queue","secret_or_pii_or_wrong_environment_or_duplicate_idempotency_key"
"20260603_workqueue_expanded_pilot_dev_v1","evidence_publish","SDU.Evidence.Publish.Queue","d8489bf0-3f5f-f111-a826-00224805f9dd","20260603_wqexp_v1_evidence_publish_0008","corr_evidence_publish_0008","20260603_wqexp_v1_evidence_publish_0008","SDU Pilot evidence_publish 0008","2","true","false","false","delete_workqueueitem_by_uniqueidbyqueue_only_if_explicit_future_rollback_order","aggregate_count_by_batch_and_queue","secret_or_pii_or_wrong_environment_or_duplicate_idempotency_key"
"20260603_workqueue_expanded_pilot_dev_v1","evidence_publish","SDU.Evidence.Publish.Queue","d8489bf0-3f5f-f111-a826-00224805f9dd","20260603_wqexp_v1_evidence_publish_0009","corr_evidence_publish_0009","20260603_wqexp_v1_evidence_publish_0009","SDU Pilot evidence_publish 0009","2","true","false","false","delete_workqueueitem_by_uniqueidbyqueue_only_if_explicit_future_rollback_order","aggregate_count_by_batch_and_queue","secret_or_pii_or_wrong_environment_or_duplicate_idempotency_key"
"20260603_workqueue_expanded_pilot_dev_v1","evidence_publish","SDU.Evidence.Publish.Queue","d8489bf0-3f5f-f111-a826-00224805f9dd","20260603_wqexp_v1_evidence_publish_0010","corr_evidence_publish_0010","20260603_wqexp_v1_evidence_publish_0010","SDU Pilot evidence_publish 0010","2","true","false","false","delete_workqueueitem_by_uniqueidbyqueue_only_if_explicit_future_rollback_order","aggregate_count_by_batch_and_queue","secret_or_pii_or_wrong_environment_or_duplicate_idempotency_key"
"20260603_workqueue_expanded_pilot_dev_v1","evidence_publish","SDU.Evidence.Publish.Queue","d8489bf0-3f5f-f111-a826-00224805f9dd","20260603_wqexp_v1_evidence_publish_0011","corr_evidence_publish_0011","20260603_wqexp_v1_evidence_publish_0011","SDU Pilot evidence_publish 0011","2","true","false","false","delete_workqueueitem_by_uniqueidbyqueue_only_if_explicit_future_rollback_order","aggregate_count_by_batch_and_queue","secret_or_pii_or_wrong_environment_or_duplicate_idempotency_key"
"20260603_workqueue_expanded_pilot_dev_v1","evidence_publish","SDU.Evidence.Publish.Queue","d8489bf0-3f5f-f111-a826-00224805f9dd","20260603_wqexp_v1_evidence_publish_0012","corr_evidence_publish_0012","20260603_wqexp_v1_evidence_publish_0012","SDU Pilot evidence_publish 0012","2","true","false","false","delete_workqueueitem_by_uniqueidbyqueue_only_if_explicit_future_rollback_order","aggregate_count_by_batch_and_queue","secret_or_pii_or_wrong_environment_or_duplicate_idempotency_key"
"20260603_workqueue_expanded_pilot_dev_v1","evidence_publish","SDU.Evidence.Publish.Queue","d8489bf0-3f5f-f111-a826-00224805f9dd","20260603_wqexp_v1_evidence_publish_0013","corr_evidence_publish_0013","20260603_wqexp_v1_evidence_publish_0013","SDU Pilot evidence_publish 0013","2","true","false","false","delete_workqueueitem_by_uniqueidbyqueue_only_if_explicit_future_rollback_order","aggregate_count_by_batch_and_queue","secret_or_pii_or_wrong_environment_or_duplicate_idempotency_key"
"20260603_workqueue_expanded_pilot_dev_v1","evidence_publish","SDU.Evidence.Publish.Queue","d8489bf0-3f5f-f111-a826-00224805f9dd","20260603_wqexp_v1_evidence_publish_0014","corr_evidence_publish_0014","20260603_wqexp_v1_evidence_publish_0014","SDU Pilot evidence_publish 0014","2","true","false","false","delete_workqueueitem_by_uniqueidbyqueue_only_if_explicit_future_rollback_order","aggregate_count_by_batch_and_queue","secret_or_pii_or_wrong_environment_or_duplicate_idempotency_key"
"20260603_workqueue_expanded_pilot_dev_v1","evidence_publish","SDU.Evidence.Publish.Queue","d8489bf0-3f5f-f111-a826-00224805f9dd","20260603_wqexp_v1_evidence_publish_0015","corr_evidence_publish_0015","20260603_wqexp_v1_evidence_publish_0015","SDU Pilot evidence_publish 0015","2","true","false","false","delete_workqueueitem_by_uniqueidbyqueue_only_if_explicit_future_rollback_order","aggregate_count_by_batch_and_queue","secret_or_pii_or_wrong_environment_or_duplicate_idempotency_key"
"20260603_workqueue_expanded_pilot_dev_v1","evidence_publish","SDU.Evidence.Publish.Queue","d8489bf0-3f5f-f111-a826-00224805f9dd","20260603_wqexp_v1_evidence_publish_0016","corr_evidence_publish_0016","20260603_wqexp_v1_evidence_publish_0016","SDU Pilot evidence_publish 0016","2","true","false","false","delete_workqueueitem_by_uniqueidbyqueue_only_if_explicit_future_rollback_order","aggregate_count_by_batch_and_queue","secret_or_pii_or_wrong_environment_or_duplicate_idempotency_key"
"20260603_workqueue_expanded_pilot_dev_v1","evidence_publish","SDU.Evidence.Publish.Queue","d8489bf0-3f5f-f111-a826-00224805f9dd","20260603_wqexp_v1_evidence_publish_0017","corr_evidence_publish_0017","20260603_wqexp_v1_evidence_publish_0017","SDU Pilot evidence_publish 0017","2","true","false","false","delete_workqueueitem_by_uniqueidbyqueue_only_if_explicit_future_rollback_order","aggregate_count_by_batch_and_queue","secret_or_pii_or_wrong_environment_or_duplicate_idempotency_key"
"20260603_workqueue_expanded_pilot_dev_v1","evidence_publish","SDU.Evidence.Publish.Queue","d8489bf0-3f5f-f111-a826-00224805f9dd","20260603_wqexp_v1_evidence_publish_0018","corr_evidence_publish_0018","20260603_wqexp_v1_evidence_publish_0018","SDU Pilot evidence_publish 0018","2","true","false","false","delete_workqueueitem_by_uniqueidbyqueue_only_if_explicit_future_rollback_order","aggregate_count_by_batch_and_queue","secret_or_pii_or_wrong_environment_or_duplicate_idempotency_key"
"20260603_workqueue_expanded_pilot_dev_v1","evidence_publish","SDU.Evidence.Publish.Queue","d8489bf0-3f5f-f111-a826-00224805f9dd","20260603_wqexp_v1_evidence_publish_0019","corr_evidence_publish_0019","20260603_wqexp_v1_evidence_publish_0019","SDU Pilot evidence_publish 0019","2","true","false","false","delete_workqueueitem_by_uniqueidbyqueue_only_if_explicit_future_rollback_order","aggregate_count_by_batch_and_queue","secret_or_pii_or_wrong_environment_or_duplicate_idempotency_key"
"20260603_workqueue_expanded_pilot_dev_v1","evidence_publish","SDU.Evidence.Publish.Queue","d8489bf0-3f5f-f111-a826-00224805f9dd","20260603_wqexp_v1_evidence_publish_0020","corr_evidence_publish_0020","20260603_wqexp_v1_evidence_publish_0020","SDU Pilot evidence_publish 0020","2","true","false","false","delete_workqueueitem_by_uniqueidbyqueue_only_if_explicit_future_rollback_order","aggregate_count_by_batch_and_queue","secret_or_pii_or_wrong_environment_or_duplicate_idempotency_key"
"20260603_workqueue_expanded_pilot_dev_v1","evidence_publish","SDU.Evidence.Publish.Queue","d8489bf0-3f5f-f111-a826-00224805f9dd","20260603_wqexp_v1_evidence_publish_0021","corr_evidence_publish_0021","20260603_wqexp_v1_evidence_publish_0021","SDU Pilot evidence_publish 0021","2","true","false","false","delete_workqueueitem_by_uniqueidbyqueue_only_if_explicit_future_rollback_order","aggregate_count_by_batch_and_queue","secret_or_pii_or_wrong_environment_or_duplicate_idempotency_key"
"20260603_workqueue_expanded_pilot_dev_v1","evidence_publish","SDU.Evidence.Publish.Queue","d8489bf0-3f5f-f111-a826-00224805f9dd","20260603_wqexp_v1_evidence_publish_0022","corr_evidence_publish_0022","20260603_wqexp_v1_evidence_publish_0022","SDU Pilot evidence_publish 0022","2","true","false","false","delete_workqueueitem_by_uniqueidbyqueue_only_if_explicit_future_rollback_order","aggregate_count_by_batch_and_queue","secret_or_pii_or_wrong_environment_or_duplicate_idempotency_key"
"20260603_workqueue_expanded_pilot_dev_v1","evidence_publish","SDU.Evidence.Publish.Queue","d8489bf0-3f5f-f111-a826-00224805f9dd","20260603_wqexp_v1_evidence_publish_0023","corr_evidence_publish_0023","20260603_wqexp_v1_evidence_publish_0023","SDU Pilot evidence_publish 0023","2","true","false","false","delete_workqueueitem_by_uniqueidbyqueue_only_if_explicit_future_rollback_order","aggregate_count_by_batch_and_queue","secret_or_pii_or_wrong_environment_or_duplicate_idempotency_key"
"20260603_workqueue_expanded_pilot_dev_v1","evidence_publish","SDU.Evidence.Publish.Queue","d8489bf0-3f5f-f111-a826-00224805f9dd","20260603_wqexp_v1_evidence_publish_0024","corr_evidence_publish_0024","20260603_wqexp_v1_evidence_publish_0024","SDU Pilot evidence_publish 0024","2","true","false","false","delete_workqueueitem_by_uniqueidbyqueue_only_if_explicit_future_rollback_order","aggregate_count_by_batch_and_queue","secret_or_pii_or_wrong_environment_or_duplicate_idempotency_key"
"20260603_workqueue_expanded_pilot_dev_v1","evidence_publish","SDU.Evidence.Publish.Queue","d8489bf0-3f5f-f111-a826-00224805f9dd","20260603_wqexp_v1_evidence_publish_0025","corr_evidence_publish_0025","20260603_wqexp_v1_evidence_publish_0025","SDU Pilot evidence_publish 0025","2","true","false","false","delete_workqueueitem_by_uniqueidbyqueue_only_if_explicit_future_rollback_order","aggregate_count_by_batch_and_queue","secret_or_pii_or_wrong_environment_or_duplicate_idempotency_key"
"20260603_workqueue_expanded_pilot_dev_v1","exception_remediation","SDU.Exception.Remediation.Queue","ac89d1ef-3f5f-f111-a826-00224805fc91","20260603_wqexp_v1_exception_remediation_0001","corr_exception_remediation_0001","20260603_wqexp_v1_exception_remediation_0001","SDU Pilot exception_remediation 0001","1","true","false","false","delete_workqueueitem_by_uniqueidbyqueue_only_if_explicit_future_rollback_order","aggregate_count_by_batch_and_queue","secret_or_pii_or_wrong_environment_or_duplicate_idempotency_key"
"20260603_workqueue_expanded_pilot_dev_v1","exception_remediation","SDU.Exception.Remediation.Queue","ac89d1ef-3f5f-f111-a826-00224805fc91","20260603_wqexp_v1_exception_remediation_0002","corr_exception_remediation_0002","20260603_wqexp_v1_exception_remediation_0002","SDU Pilot exception_remediation 0002","1","true","false","false","delete_workqueueitem_by_uniqueidbyqueue_only_if_explicit_future_rollback_order","aggregate_count_by_batch_and_queue","secret_or_pii_or_wrong_environment_or_duplicate_idempotency_key"
"20260603_workqueue_expanded_pilot_dev_v1","exception_remediation","SDU.Exception.Remediation.Queue","ac89d1ef-3f5f-f111-a826-00224805fc91","20260603_wqexp_v1_exception_remediation_0003","corr_exception_remediation_0003","20260603_wqexp_v1_exception_remediation_0003","SDU Pilot exception_remediation 0003","1","true","false","false","delete_workqueueitem_by_uniqueidbyqueue_only_if_explicit_future_rollback_order","aggregate_count_by_batch_and_queue","secret_or_pii_or_wrong_environment_or_duplicate_idempotency_key"
"20260603_workqueue_expanded_pilot_dev_v1","exception_remediation","SDU.Exception.Remediation.Queue","ac89d1ef-3f5f-f111-a826-00224805fc91","20260603_wqexp_v1_exception_remediation_0004","corr_exception_remediation_0004","20260603_wqexp_v1_exception_remediation_0004","SDU Pilot exception_remediation 0004","1","true","false","false","delete_workqueueitem_by_uniqueidbyqueue_only_if_explicit_future_rollback_order","aggregate_count_by_batch_and_queue","secret_or_pii_or_wrong_environment_or_duplicate_idempotency_key"
"20260603_workqueue_expanded_pilot_dev_v1","exception_remediation","SDU.Exception.Remediation.Queue","ac89d1ef-3f5f-f111-a826-00224805fc91","20260603_wqexp_v1_exception_remediation_0005","corr_exception_remediation_0005","20260603_wqexp_v1_exception_remediation_0005","SDU Pilot exception_remediation 0005","1","true","false","false","delete_workqueueitem_by_uniqueidbyqueue_only_if_explicit_future_rollback_order","aggregate_count_by_batch_and_queue","secret_or_pii_or_wrong_environment_or_duplicate_idempotency_key"
"20260603_workqueue_expanded_pilot_dev_v1","exception_remediation","SDU.Exception.Remediation.Queue","ac89d1ef-3f5f-f111-a826-00224805fc91","20260603_wqexp_v1_exception_remediation_0006","corr_exception_remediation_0006","20260603_wqexp_v1_exception_remediation_0006","SDU Pilot exception_remediation 0006","1","true","false","false","delete_workqueueitem_by_uniqueidbyqueue_only_if_explicit_future_rollback_order","aggregate_count_by_batch_and_queue","secret_or_pii_or_wrong_environment_or_duplicate_idempotency_key"
"20260603_workqueue_expanded_pilot_dev_v1","exception_remediation","SDU.Exception.Remediation.Queue","ac89d1ef-3f5f-f111-a826-00224805fc91","20260603_wqexp_v1_exception_remediation_0007","corr_exception_remediation_0007","20260603_wqexp_v1_exception_remediation_0007","SDU Pilot exception_remediation 0007","1","true","false","false","delete_workqueueitem_by_uniqueidbyqueue_only_if_explicit_future_rollback_order","aggregate_count_by_batch_and_queue","secret_or_pii_or_wrong_environment_or_duplicate_idempotency_key"
"20260603_workqueue_expanded_pilot_dev_v1","exception_remediation","SDU.Exception.Remediation.Queue","ac89d1ef-3f5f-f111-a826-00224805fc91","20260603_wqexp_v1_exception_remediation_0008","corr_exception_remediation_0008","20260603_wqexp_v1_exception_remediation_0008","SDU Pilot exception_remediation 0008","1","true","false","false","delete_workqueueitem_by_uniqueidbyqueue_only_if_explicit_future_rollback_order","aggregate_count_by_batch_and_queue","secret_or_pii_or_wrong_environment_or_duplicate_idempotency_key"
"20260603_workqueue_expanded_pilot_dev_v1","exception_remediation","SDU.Exception.Remediation.Queue","ac89d1ef-3f5f-f111-a826-00224805fc91","20260603_wqexp_v1_exception_remediation_0009","corr_exception_remediation_0009","20260603_wqexp_v1_exception_remediation_0009","SDU Pilot exception_remediation 0009","1","true","false","false","delete_workqueueitem_by_uniqueidbyqueue_only_if_explicit_future_rollback_order","aggregate_count_by_batch_and_queue","secret_or_pii_or_wrong_environment_or_duplicate_idempotency_key"
"20260603_workqueue_expanded_pilot_dev_v1","exception_remediation","SDU.Exception.Remediation.Queue","ac89d1ef-3f5f-f111-a826-00224805fc91","20260603_wqexp_v1_exception_remediation_0010","corr_exception_remediation_0010","20260603_wqexp_v1_exception_remediation_0010","SDU Pilot exception_remediation 0010","1","true","false","false","delete_workqueueitem_by_uniqueidbyqueue_only_if_explicit_future_rollback_order","aggregate_count_by_batch_and_queue","secret_or_pii_or_wrong_environment_or_duplicate_idempotency_key"
"20260603_workqueue_expanded_pilot_dev_v1","exception_remediation","SDU.Exception.Remediation.Queue","ac89d1ef-3f5f-f111-a826-00224805fc91","20260603_wqexp_v1_exception_remediation_0011","corr_exception_remediation_0011","20260603_wqexp_v1_exception_remediation_0011","SDU Pilot exception_remediation 0011","1","true","false","false","delete_workqueueitem_by_uniqueidbyqueue_only_if_explicit_future_rollback_order","aggregate_count_by_batch_and_queue","secret_or_pii_or_wrong_environment_or_duplicate_idempotency_key"
"20260603_workqueue_expanded_pilot_dev_v1","exception_remediation","SDU.Exception.Remediation.Queue","ac89d1ef-3f5f-f111-a826-00224805fc91","20260603_wqexp_v1_exception_remediation_0012","corr_exception_remediation_0012","20260603_wqexp_v1_exception_remediation_0012","SDU Pilot exception_remediation 0012","1","true","false","false","delete_workqueueitem_by_uniqueidbyqueue_only_if_explicit_future_rollback_order","aggregate_count_by_batch_and_queue","secret_or_pii_or_wrong_environment_or_duplicate_idempotency_key"
"20260603_workqueue_expanded_pilot_dev_v1","exception_remediation","SDU.Exception.Remediation.Queue","ac89d1ef-3f5f-f111-a826-00224805fc91","20260603_wqexp_v1_exception_remediation_0013","corr_exception_remediation_0013","20260603_wqexp_v1_exception_remediation_0013","SDU Pilot exception_remediation 0013","1","true","false","false","delete_workqueueitem_by_uniqueidbyqueue_only_if_explicit_future_rollback_order","aggregate_count_by_batch_and_queue","secret_or_pii_or_wrong_environment_or_duplicate_idempotency_key"
"20260603_workqueue_expanded_pilot_dev_v1","exception_remediation","SDU.Exception.Remediation.Queue","ac89d1ef-3f5f-f111-a826-00224805fc91","20260603_wqexp_v1_exception_remediation_0014","corr_exception_remediation_0014","20260603_wqexp_v1_exception_remediation_0014","SDU Pilot exception_remediation 0014","1","true","false","false","delete_workqueueitem_by_uniqueidbyqueue_only_if_explicit_future_rollback_order","aggregate_count_by_batch_and_queue","secret_or_pii_or_wrong_environment_or_duplicate_idempotency_key"
"20260603_workqueue_expanded_pilot_dev_v1","exception_remediation","SDU.Exception.Remediation.Queue","ac89d1ef-3f5f-f111-a826-00224805fc91","20260603_wqexp_v1_exception_remediation_0015","corr_exception_remediation_0015","20260603_wqexp_v1_exception_remediation_0015","SDU Pilot exception_remediation 0015","1","true","false","false","delete_workqueueitem_by_uniqueidbyqueue_only_if_explicit_future_rollback_order","aggregate_count_by_batch_and_queue","secret_or_pii_or_wrong_environment_or_duplicate_idempotency_key"
"20260603_workqueue_expanded_pilot_dev_v1","exception_remediation","SDU.Exception.Remediation.Queue","ac89d1ef-3f5f-f111-a826-00224805fc91","20260603_wqexp_v1_exception_remediation_0016","corr_exception_remediation_0016","20260603_wqexp_v1_exception_remediation_0016","SDU Pilot exception_remediation 0016","1","true","false","false","delete_workqueueitem_by_uniqueidbyqueue_only_if_explicit_future_rollback_order","aggregate_count_by_batch_and_queue","secret_or_pii_or_wrong_environment_or_duplicate_idempotency_key"
"20260603_workqueue_expanded_pilot_dev_v1","exception_remediation","SDU.Exception.Remediation.Queue","ac89d1ef-3f5f-f111-a826-00224805fc91","20260603_wqexp_v1_exception_remediation_0017","corr_exception_remediation_0017","20260603_wqexp_v1_exception_remediation_0017","SDU Pilot exception_remediation 0017","1","true","false","false","delete_workqueueitem_by_uniqueidbyqueue_only_if_explicit_future_rollback_order","aggregate_count_by_batch_and_queue","secret_or_pii_or_wrong_environment_or_duplicate_idempotency_key"
"20260603_workqueue_expanded_pilot_dev_v1","exception_remediation","SDU.Exception.Remediation.Queue","ac89d1ef-3f5f-f111-a826-00224805fc91","20260603_wqexp_v1_exception_remediation_0018","corr_exception_remediation_0018","20260603_wqexp_v1_exception_remediation_0018","SDU Pilot exception_remediation 0018","1","true","false","false","delete_workqueueitem_by_uniqueidbyqueue_only_if_explicit_future_rollback_order","aggregate_count_by_batch_and_queue","secret_or_pii_or_wrong_environment_or_duplicate_idempotency_key"
"20260603_workqueue_expanded_pilot_dev_v1","exception_remediation","SDU.Exception.Remediation.Queue","ac89d1ef-3f5f-f111-a826-00224805fc91","20260603_wqexp_v1_exception_remediation_0019","corr_exception_remediation_0019","20260603_wqexp_v1_exception_remediation_0019","SDU Pilot exception_remediation 0019","1","true","false","false","delete_workqueueitem_by_uniqueidbyqueue_only_if_explicit_future_rollback_order","aggregate_count_by_batch_and_queue","secret_or_pii_or_wrong_environment_or_duplicate_idempotency_key"
"20260603_workqueue_expanded_pilot_dev_v1","exception_remediation","SDU.Exception.Remediation.Queue","ac89d1ef-3f5f-f111-a826-00224805fc91","20260603_wqexp_v1_exception_remediation_0020","corr_exception_remediation_0020","20260603_wqexp_v1_exception_remediation_0020","SDU Pilot exception_remediation 0020","1","true","false","false","delete_workqueueitem_by_uniqueidbyqueue_only_if_explicit_future_rollback_order","aggregate_count_by_batch_and_queue","secret_or_pii_or_wrong_environment_or_duplicate_idempotency_key"
"20260603_workqueue_expanded_pilot_dev_v1","exception_remediation","SDU.Exception.Remediation.Queue","ac89d1ef-3f5f-f111-a826-00224805fc91","20260603_wqexp_v1_exception_remediation_0021","corr_exception_remediation_0021","20260603_wqexp_v1_exception_remediation_0021","SDU Pilot exception_remediation 0021","1","true","false","false","delete_workqueueitem_by_uniqueidbyqueue_only_if_explicit_future_rollback_order","aggregate_count_by_batch_and_queue","secret_or_pii_or_wrong_environment_or_duplicate_idempotency_key"
"20260603_workqueue_expanded_pilot_dev_v1","exception_remediation","SDU.Exception.Remediation.Queue","ac89d1ef-3f5f-f111-a826-00224805fc91","20260603_wqexp_v1_exception_remediation_0022","corr_exception_remediation_0022","20260603_wqexp_v1_exception_remediation_0022","SDU Pilot exception_remediation 0022","1","true","false","false","delete_workqueueitem_by_uniqueidbyqueue_only_if_explicit_future_rollback_order","aggregate_count_by_batch_and_queue","secret_or_pii_or_wrong_environment_or_duplicate_idempotency_key"
"20260603_workqueue_expanded_pilot_dev_v1","exception_remediation","SDU.Exception.Remediation.Queue","ac89d1ef-3f5f-f111-a826-00224805fc91","20260603_wqexp_v1_exception_remediation_0023","corr_exception_remediation_0023","20260603_wqexp_v1_exception_remediation_0023","SDU Pilot exception_remediation 0023","1","true","false","false","delete_workqueueitem_by_uniqueidbyqueue_only_if_explicit_future_rollback_order","aggregate_count_by_batch_and_queue","secret_or_pii_or_wrong_environment_or_duplicate_idempotency_key"
"20260603_workqueue_expanded_pilot_dev_v1","exception_remediation","SDU.Exception.Remediation.Queue","ac89d1ef-3f5f-f111-a826-00224805fc91","20260603_wqexp_v1_exception_remediation_0024","corr_exception_remediation_0024","20260603_wqexp_v1_exception_remediation_0024","SDU Pilot exception_remediation 0024","1","true","false","false","delete_workqueueitem_by_uniqueidbyqueue_only_if_explicit_future_rollback_order","aggregate_count_by_batch_and_queue","secret_or_pii_or_wrong_environment_or_duplicate_idempotency_key"
"20260603_workqueue_expanded_pilot_dev_v1","exception_remediation","SDU.Exception.Remediation.Queue","ac89d1ef-3f5f-f111-a826-00224805fc91","20260603_wqexp_v1_exception_remediation_0025","corr_exception_remediation_0025","20260603_wqexp_v1_exception_remediation_0025","SDU Pilot exception_remediation 0025","1","true","false","false","delete_workqueueitem_by_uniqueidbyqueue_only_if_explicit_future_rollback_order","aggregate_count_by_batch_and_queue","secret_or_pii_or_wrong_environment_or_duplicate_idempotency_key"
