raw_connection_id,canonical_id,repo,repo_id,file_path,line_or_section,surface,connection_type,tenant_scope,gate_required,risk_level,seed_decision,stop_condition
conn.seshat_bootstrap.unknown_por_definir.19964,conn_canon_000080,SeshatSgin/seshat-bootstrap-sdu-cn,SESHAT_BOOTSTRAP,03_CORTE_EJECUTORA_DEL_REY/10_REPOS/02_ACTIVE/seshat-bootstrap-sdu-cn/agents/seshat_validaciones_n1_copilot_instruction.md,file_name,Unknown / POR_DEFINIR,Unknown / POR_DEFINIR,COURT_SDU_SESHAT,GATE_CONNECTION_SURFACE_CLASSIFICATION_REQUIRED,low,exclude_false_positive,connection_surface_unclassified
conn.seshat_bootstrap.unknown_por_definir.19973,conn_canon_000088,SeshatSgin/seshat-bootstrap-sdu-cn,SESHAT_BOOTSTRAP,03_CORTE_EJECUTORA_DEL_REY/10_REPOS/02_ACTIVE/seshat-bootstrap-sdu-cn/audit/SDU_CN_CODESPACE_CABINA_AUDIT_READBACK_20260527.md,file_name,Unknown / POR_DEFINIR,Unknown / POR_DEFINIR,COURT_SDU_SESHAT,GATE_CONNECTION_SURFACE_CLASSIFICATION_REQUIRED,low,exclude_false_positive,connection_surface_unclassified
conn.seshat_bootstrap.unknown_por_definir.20067,conn_canon_000108,SeshatSgin/seshat-bootstrap-sdu-cn,SESHAT_BOOTSTRAP,03_CORTE_EJECUTORA_DEL_REY/10_REPOS/02_ACTIVE/seshat-bootstrap-sdu-cn/audit/source_evidence_index.json,L132,Unknown / POR_DEFINIR,Unknown / POR_DEFINIR,COURT_SDU_SESHAT,GATE_CONNECTION_SURFACE_CLASSIFICATION_REQUIRED,low,exclude_false_positive,connection_surface_unclassified
conn.seshat_bootstrap.unknown_por_definir.20017,conn_canon_000114,SeshatSgin/seshat-bootstrap-sdu-cn,SESHAT_BOOTSTRAP,03_CORTE_EJECUTORA_DEL_REY/10_REPOS/02_ACTIVE/seshat-bootstrap-sdu-cn/audit/VSCODE_INSIDERS_CODESPACE_CABINA_AUDIT_20260527.md,file_name,Unknown / POR_DEFINIR,Unknown / POR_DEFINIR,COURT_SDU_SESHAT,GATE_CONNECTION_SURFACE_CLASSIFICATION_REQUIRED,low,exclude_false_positive,connection_surface_unclassified
conn.seshat_bootstrap.unknown_por_definir.20091,conn_canon_000122,SeshatSgin/seshat-bootstrap-sdu-cn,SESHAT_BOOTSTRAP,03_CORTE_EJECUTORA_DEL_REY/10_REPOS/02_ACTIVE/seshat-bootstrap-sdu-cn/ci/validate_repo.ps1,L59,Unknown / POR_DEFINIR,Unknown / POR_DEFINIR,COURT_SDU_SESHAT,GATE_CONNECTION_SURFACE_CLASSIFICATION_REQUIRED,low,exclude_false_positive,connection_surface_unclassified
conn.seshat_bootstrap.unknown_por_definir.20188,conn_canon_000132,SeshatSgin/seshat-bootstrap-sdu-cn,SESHAT_BOOTSTRAP,03_CORTE_EJECUTORA_DEL_REY/10_REPOS/02_ACTIVE/seshat-bootstrap-sdu-cn/configs/seshat_launch_campaign_plan.json,L4,Unknown / POR_DEFINIR,Unknown / POR_DEFINIR,COURT_SDU_SESHAT,GATE_CONNECTION_SURFACE_CLASSIFICATION_REQUIRED,low,exclude_false_positive,connection_surface_unclassified
conn.seshat_bootstrap.unknown_por_definir.20210,conn_canon_000143,SeshatSgin/seshat-bootstrap-sdu-cn,SESHAT_BOOTSTRAP,03_CORTE_EJECUTORA_DEL_REY/10_REPOS/02_ACTIVE/seshat-bootstrap-sdu-cn/docs/SESHAT_DOCUMENT_EDITING_CODESPACE_WORKBENCH.md,file_name,Unknown / POR_DEFINIR,Unknown / POR_DEFINIR,COURT_SDU_SESHAT,GATE_CONNECTION_SURFACE_CLASSIFICATION_REQUIRED,low,exclude_false_positive,connection_surface_unclassified
conn.seshat_bootstrap.unknown_por_definir.20271,conn_canon_000168,SeshatSgin/seshat-bootstrap-sdu-cn,SESHAT_BOOTSTRAP,03_CORTE_EJECUTORA_DEL_REY/10_REPOS/02_ACTIVE/seshat-bootstrap-sdu-cn/integrations/cdf_staff/CDF_STAFF_ESCRIBANIA_BITSCH_ARCHITECTURE_WORKSPACE_ORDER.md,file_name,Unknown / POR_DEFINIR,Unknown / POR_DEFINIR,COURT_SDU_SESHAT,GATE_CONNECTION_SURFACE_CLASSIFICATION_REQUIRED,low,exclude_false_positive,connection_surface_unclassified
conn.seshat_bootstrap.unknown_por_definir.20274,conn_canon_000171,SeshatSgin/seshat-bootstrap-sdu-cn,SESHAT_BOOTSTRAP,03_CORTE_EJECUTORA_DEL_REY/10_REPOS/02_ACTIVE/seshat-bootstrap-sdu-cn/integrations/cdf_staff/CDF_STAFF_SESHAT_ARCHITECTURE_WORKSPACE_ORDER.md,file_name,Unknown / POR_DEFINIR,Unknown / POR_DEFINIR,COURT_SDU_SESHAT,GATE_CONNECTION_SURFACE_CLASSIFICATION_REQUIRED,low,exclude_false_positive,connection_surface_unclassified
conn.seshat_bootstrap.unknown_por_definir.20379,conn_canon_000191,SeshatSgin/seshat-bootstrap-sdu-cn,SESHAT_BOOTSTRAP,03_CORTE_EJECUTORA_DEL_REY/10_REPOS/02_ACTIVE/seshat-bootstrap-sdu-cn/manifest.json,L108,Unknown / POR_DEFINIR,Unknown / POR_DEFINIR,COURT_SDU_SESHAT,GATE_CONNECTION_SURFACE_CLASSIFICATION_REQUIRED,low,exclude_false_positive,connection_surface_unclassified
conn.seshat_bootstrap.unknown_por_definir.20399,conn_canon_000194,SeshatSgin/seshat-bootstrap-sdu-cn,SESHAT_BOOTSTRAP,03_CORTE_EJECUTORA_DEL_REY/10_REPOS/02_ACTIVE/seshat-bootstrap-sdu-cn/matrices/sdu_cn/CODESPACE_SDU_CDF_WORK_ROUTING_MATRIX_20260527.csv,file_name,Unknown / POR_DEFINIR,Unknown / POR_DEFINIR,COURT_SDU_SESHAT,GATE_CONNECTION_SURFACE_CLASSIFICATION_REQUIRED,low,exclude_false_positive,connection_surface_unclassified
conn.seshat_bootstrap.unknown_por_definir.20401,conn_canon_000197,SeshatSgin/seshat-bootstrap-sdu-cn,SESHAT_BOOTSTRAP,03_CORTE_EJECUTORA_DEL_REY/10_REPOS/02_ACTIVE/seshat-bootstrap-sdu-cn/matrices/sdu_cn/ESCRIBANIA_BITSCH_DOCUMENT_WORKSPACE_SOURCE_REGISTER_20260527.csv,file_name,Unknown / POR_DEFINIR,Unknown / POR_DEFINIR,COURT_SDU_SESHAT,GATE_CONNECTION_SURFACE_CLASSIFICATION_REQUIRED,low,exclude_false_positive,connection_surface_unclassified
conn.seshat_bootstrap.unknown_por_definir.20418,conn_canon_000202,SeshatSgin/seshat-bootstrap-sdu-cn,SESHAT_BOOTSTRAP,03_CORTE_EJECUTORA_DEL_REY/10_REPOS/02_ACTIVE/seshat-bootstrap-sdu-cn/matrices/sdu_cn/SDU_CN_AGENT_COMMUNICATION_MATRIX.csv,L14,Unknown / POR_DEFINIR,Unknown / POR_DEFINIR,COURT_SDU_SESHAT,GATE_CONNECTION_SURFACE_CLASSIFICATION_REQUIRED,low,exclude_false_positive,connection_surface_unclassified
conn.seshat_bootstrap.unknown_por_definir.20427,conn_canon_000212,SeshatSgin/seshat-bootstrap-sdu-cn,SESHAT_BOOTSTRAP,03_CORTE_EJECUTORA_DEL_REY/10_REPOS/02_ACTIVE/seshat-bootstrap-sdu-cn/matrices/sdu_cn/SDU_CN_CDF_STAFF_CONNECTION_EXECUTION_MATRIX.csv,file_name,Unknown / POR_DEFINIR,Unknown / POR_DEFINIR,COURT_SDU_SESHAT,GATE_CONNECTION_SURFACE_CLASSIFICATION_REQUIRED,low,exclude_false_positive,connection_surface_unclassified
conn.seshat_bootstrap.unknown_por_definir.20692,conn_canon_000233,SeshatSgin/seshat-bootstrap-sdu-cn,SESHAT_BOOTSTRAP,03_CORTE_EJECUTORA_DEL_REY/10_REPOS/02_ACTIVE/seshat-bootstrap-sdu-cn/matrices/sdu_cn/sdu_cn_matrix_manifest.json,L23,Unknown / POR_DEFINIR,Unknown / POR_DEFINIR,COURT_SDU_SESHAT,GATE_CONNECTION_SURFACE_CLASSIFICATION_REQUIRED,low,exclude_false_positive,connection_surface_unclassified
conn.seshat_bootstrap.unknown_por_definir.20612,conn_canon_000256,SeshatSgin/seshat-bootstrap-sdu-cn,SESHAT_BOOTSTRAP,03_CORTE_EJECUTORA_DEL_REY/10_REPOS/02_ACTIVE/seshat-bootstrap-sdu-cn/matrices/sdu_cn/SESHAT_DOCUMENT_WORKSPACE_SOURCE_REGISTER_20260527.csv,file_name,Unknown / POR_DEFINIR,Unknown / POR_DEFINIR,COURT_SDU_SESHAT,GATE_CONNECTION_SURFACE_CLASSIFICATION_REQUIRED,low,exclude_false_positive,connection_surface_unclassified
conn.seshat_bootstrap.unknown_por_definir.20776,conn_canon_000283,SeshatSgin/seshat-bootstrap-sdu-cn,SESHAT_BOOTSTRAP,03_CORTE_EJECUTORA_DEL_REY/10_REPOS/02_ACTIVE/seshat-bootstrap-sdu-cn/policies/CODESPACE_WORK_POLICY.md,file_name,Unknown / POR_DEFINIR,Unknown / POR_DEFINIR,COURT_SDU_SESHAT,GATE_CONNECTION_SURFACE_CLASSIFICATION_REQUIRED,low,exclude_false_positive,connection_surface_unclassified
conn.seshat_bootstrap.unknown_por_definir.20805,conn_canon_000305,SeshatSgin/seshat-bootstrap-sdu-cn,SESHAT_BOOTSTRAP,03_CORTE_EJECUTORA_DEL_REY/10_REPOS/02_ACTIVE/seshat-bootstrap-sdu-cn/seshat-bootstrap-sdu-cn.code-workspace,file_name,Unknown / POR_DEFINIR,Unknown / POR_DEFINIR,COURT_SDU_SESHAT,GATE_CONNECTION_SURFACE_CLASSIFICATION_REQUIRED,low,exclude_false_positive,connection_surface_unclassified
conn.seshat_bootstrap.unknown_por_definir.20876,conn_canon_000324,SeshatSgin/seshat-bootstrap-sdu-cn,SESHAT_BOOTSTRAP,03_CORTE_EJECUTORA_DEL_REY/10_REPOS/02_ACTIVE/seshat-bootstrap-sdu-cn/workspace/CODESPACE_START_HERE.md,file_name,Unknown / POR_DEFINIR,Unknown / POR_DEFINIR,COURT_SDU_SESHAT,GATE_CONNECTION_SURFACE_CLASSIFICATION_REQUIRED,low,exclude_false_positive,connection_surface_unclassified
conn.sgin_cumplimiento.unknown_por_definir.18639,conn_canon_000590,SeshatSgin/sgin-cumplimiento,SGIN_CUMPLIMIENTO,10_UNIVERSOS/ESCRIBANIA/10_REPOS/02_ACTIVE/sgin-cumplimiento/automation/manifests/MANIFEST_FRONTERA_CUMPLIMIENTO_20260425.md,L81,Unknown / POR_DEFINIR,Unknown / POR_DEFINIR,ESCRIBANIA,GATE_CONNECTION_SURFACE_CLASSIFICATION_REQUIRED,low,exclude_false_positive,connection_surface_unclassified
conn.sgin_cumplimiento.unknown_por_definir.18862,conn_canon_000600,SeshatSgin/sgin-cumplimiento,SGIN_CUMPLIMIENTO,10_UNIVERSOS/ESCRIBANIA/10_REPOS/02_ACTIVE/sgin-cumplimiento/automation/scripts/session/Open-SginWorkspaceSessionConsole.ps1,file_name,Unknown / POR_DEFINIR,Unknown / POR_DEFINIR,ESCRIBANIA,GATE_CONNECTION_SURFACE_CLASSIFICATION_REQUIRED,low,exclude_false_positive,connection_surface_unclassified
conn.sgin_cumplimiento.unknown_por_definir.18867,conn_canon_000604,SeshatSgin/sgin-cumplimiento,SGIN_CUMPLIMIENTO,10_UNIVERSOS/ESCRIBANIA/10_REPOS/02_ACTIVE/sgin-cumplimiento/automation/scripts/session/Start-SginWorkspaceSession.ps1,file_name,Unknown / POR_DEFINIR,Unknown / POR_DEFINIR,ESCRIBANIA,GATE_CONNECTION_SURFACE_CLASSIFICATION_REQUIRED,low,exclude_false_positive,connection_surface_unclassified
conn.sgin_cumplimiento.unknown_por_definir.18607,conn_canon_000609,SeshatSgin/sgin-cumplimiento,SGIN_CUMPLIMIENTO,10_UNIVERSOS/ESCRIBANIA/10_REPOS/02_ACTIVE/sgin-cumplimiento/Cumplimiento Normativo - Cabina.code-workspace,file_name,Unknown / POR_DEFINIR,Unknown / POR_DEFINIR,ESCRIBANIA,GATE_CONNECTION_SURFACE_CLASSIFICATION_REQUIRED,low,exclude_false_positive,connection_surface_unclassified
conn.sgin_cumplimiento.unknown_por_definir.18922,conn_canon_000611,SeshatSgin/sgin-cumplimiento,SGIN_CUMPLIMIENTO,10_UNIVERSOS/ESCRIBANIA/10_REPOS/02_ACTIVE/sgin-cumplimiento/docs/00_inicio/mapa-estructural-frente-cumplimiento.md,L56,Unknown / POR_DEFINIR,Unknown / POR_DEFINIR,ESCRIBANIA,GATE_CONNECTION_SURFACE_CLASSIFICATION_REQUIRED,low,exclude_false_positive,connection_surface_unclassified
conn.sgin_cumplimiento.unknown_por_definir.18910,conn_canon_000615,SeshatSgin/sgin-cumplimiento,SGIN_CUMPLIMIENTO,10_UNIVERSOS/ESCRIBANIA/10_REPOS/02_ACTIVE/sgin-cumplimiento/docs/00_inicio/PAQUETE_MINIMO_PUBLICABLE_CUMPLIMIENTO_2026-04-21.md,L88,Unknown / POR_DEFINIR,Unknown / POR_DEFINIR,ESCRIBANIA,GATE_CONNECTION_SURFACE_CLASSIFICATION_REQUIRED,low,exclude_false_positive,connection_surface_unclassified
conn.sgin_cumplimiento.unknown_por_definir.18988,conn_canon_000643,SeshatSgin/sgin-cumplimiento,SGIN_CUMPLIMIENTO,10_UNIVERSOS/ESCRIBANIA/10_REPOS/02_ACTIVE/sgin-cumplimiento/docs/04_automatizacion/AUTO_LINK_DOCUMENT_TO_KYC_status.md,L21,Unknown / POR_DEFINIR,Unknown / POR_DEFINIR,ESCRIBANIA,GATE_CONNECTION_SURFACE_CLASSIFICATION_REQUIRED,low,exclude_false_positive,connection_surface_unclassified
conn.sgin_cumplimiento.unknown_por_definir.18995,conn_canon_000649,SeshatSgin/sgin-cumplimiento,SGIN_CUMPLIMIENTO,10_UNIVERSOS/ESCRIBANIA/10_REPOS/02_ACTIVE/sgin-cumplimiento/docs/04_automatizacion/power_automate_environment_map_ESCRIBANIA_BITSCH_20260408.md,file_name,Unknown / POR_DEFINIR,Unknown / POR_DEFINIR,ESCRIBANIA,GATE_CONNECTION_SURFACE_CLASSIFICATION_REQUIRED,low,exclude_false_positive,connection_surface_unclassified
conn.sgin_cumplimiento.unknown_por_definir.19006,conn_canon_000653,SeshatSgin/sgin-cumplimiento,SGIN_CUMPLIMIENTO,10_UNIVERSOS/ESCRIBANIA/10_REPOS/02_ACTIVE/sgin-cumplimiento/docs/04_automatizacion/power_automate_flows_audit_20260408.md,file_name,Unknown / POR_DEFINIR,Unknown / POR_DEFINIR,ESCRIBANIA,GATE_CONNECTION_SURFACE_CLASSIFICATION_REQUIRED,low,exclude_false_positive,connection_surface_unclassified
conn.sgin_cumplimiento.unknown_por_definir.19035,conn_canon_000662,SeshatSgin/sgin-cumplimiento,SGIN_CUMPLIMIENTO,10_UNIVERSOS/ESCRIBANIA/10_REPOS/02_ACTIVE/sgin-cumplimiento/docs/05_normalizacion/cabina-vscode-superpoderes-recursos-exportados-y-flujo-operativo-2026-04-21.md,L32,Unknown / POR_DEFINIR,Unknown / POR_DEFINIR,ESCRIBANIA,GATE_CONNECTION_SURFACE_CLASSIFICATION_REQUIRED,low,exclude_false_positive,connection_surface_unclassified
conn.sgin_cumplimiento.unknown_por_definir.19037,conn_canon_000663,SeshatSgin/sgin-cumplimiento,SGIN_CUMPLIMIENTO,10_UNIVERSOS/ESCRIBANIA/10_REPOS/02_ACTIVE/sgin-cumplimiento/docs/05_normalizacion/cabina-vscode-superpoderes-recursos-exportados-y-flujo-operativo-2026-04-21.md,L34,Unknown / POR_DEFINIR,Unknown / POR_DEFINIR,ESCRIBANIA,GATE_CONNECTION_SURFACE_CLASSIFICATION_REQUIRED,low,exclude_false_positive,connection_surface_unclassified
conn.sgin_cumplimiento.unknown_por_definir.19399,conn_canon_000701,SeshatSgin/sgin-cumplimiento,SGIN_CUMPLIMIENTO,10_UNIVERSOS/ESCRIBANIA/10_REPOS/02_ACTIVE/sgin-cumplimiento/registros/auditoria-estados-canonicos-sys/export/02_SYS_CAPACIDADES_ESTADOS.csv,file_name,Unknown / POR_DEFINIR,Unknown / POR_DEFINIR,ESCRIBANIA,GATE_CONNECTION_SURFACE_CLASSIFICATION_REQUIRED,low,exclude_false_positive,connection_surface_unclassified
conn.sgin_cumplimiento.unknown_por_definir.19604,conn_canon_000717,SeshatSgin/sgin-cumplimiento,SGIN_CUMPLIMIENTO,10_UNIVERSOS/ESCRIBANIA/10_REPOS/02_ACTIVE/sgin-cumplimiento/registros/saneamiento-maquina-trabajo-cabina/diagnostico/03_ALERTAS_SENSIBLES.md,L6,Unknown / POR_DEFINIR,Unknown / POR_DEFINIR,ESCRIBANIA,GATE_CONNECTION_SURFACE_CLASSIFICATION_REQUIRED,low,exclude_false_positive,connection_surface_unclassified
conn.sgin_cumplimiento.unknown_por_definir.19607,conn_canon_000718,SeshatSgin/sgin-cumplimiento,SGIN_CUMPLIMIENTO,10_UNIVERSOS/ESCRIBANIA/10_REPOS/02_ACTIVE/sgin-cumplimiento/registros/saneamiento-maquina-trabajo-cabina/diagnostico/03_ALERTAS_SENSIBLES.md,L9,Unknown / POR_DEFINIR,Unknown / POR_DEFINIR,ESCRIBANIA,GATE_CONNECTION_SURFACE_CLASSIFICATION_REQUIRED,high,exclude_false_positive,connection_surface_unclassified
conn.sgin_cumplimiento.unknown_por_definir.19670,conn_canon_000725,SeshatSgin/sgin-cumplimiento,SGIN_CUMPLIMIENTO,10_UNIVERSOS/ESCRIBANIA/10_REPOS/02_ACTIVE/sgin-cumplimiento/registros/saneamiento-maquina-trabajo-cabina/matrices/04_CLASIFICACION_VIGENTE_HISTORICO_TEMPORAL.md,L51,Unknown / POR_DEFINIR,Unknown / POR_DEFINIR,ESCRIBANIA,GATE_CONNECTION_SURFACE_CLASSIFICATION_REQUIRED,low,exclude_false_positive,connection_surface_unclassified
conn.tcu_agentic_runtime.unknown_por_definir.21344,conn_canon_000760,SeshatSgin/tcu-agentic-runtime-control,TCU_AGENTIC_RUNTIME,03_CORTE_EJECUTORA_DEL_REY/10_REPOS/02_ACTIVE/tcu-agentic-runtime-control/04_EVALS/run_runtime_smoke_result_eval.py,L12,Unknown / POR_DEFINIR,Unknown / POR_DEFINIR,COURT_SDU_SESHAT,GATE_CONNECTION_SURFACE_CLASSIFICATION_REQUIRED,low,exclude_false_positive,connection_surface_unclassified
conn.tcu_agentic_runtime.unknown_por_definir.21455,conn_canon_000802,SeshatSgin/tcu-agentic-runtime-control,TCU_AGENTIC_RUNTIME,03_CORTE_EJECUTORA_DEL_REY/10_REPOS/02_ACTIVE/tcu-agentic-runtime-control/08_READBACKS/GATE_02_CONTROLLED_RUNTIME_HARNESS_RESULTS.json,L22,Unknown / POR_DEFINIR,Unknown / POR_DEFINIR,COURT_SDU_SESHAT,GATE_CONNECTION_SURFACE_CLASSIFICATION_REQUIRED,low,exclude_false_positive,connection_surface_unclassified
conn.tcu_agentic_runtime.unknown_por_definir.21481,conn_canon_000817,SeshatSgin/tcu-agentic-runtime-control,TCU_AGENTIC_RUNTIME,03_CORTE_EJECUTORA_DEL_REY/10_REPOS/02_ACTIVE/tcu-agentic-runtime-control/09_RUNTIME_SMOKES/tcu_controlled_runtime_harness.py,L42,Unknown / POR_DEFINIR,Unknown / POR_DEFINIR,COURT_SDU_SESHAT,GATE_CONNECTION_SURFACE_CLASSIFICATION_REQUIRED,low,exclude_false_positive,connection_surface_unclassified
conn.tge_agentic_runtime.unknown_por_definir.17895,conn_canon_000888,SeshatSgin/tge-agentic-runtime-control-escribania,TGE_AGENTIC_RUNTIME,10_UNIVERSOS/ESCRIBANIA/10_REPOS/02_ACTIVE/tge-agentic-runtime-control-escribania/04_EVALS/run_tge_runtime_smoke_result_eval.py,L14,Unknown / POR_DEFINIR,Unknown / POR_DEFINIR,ESCRIBANIA,GATE_CONNECTION_SURFACE_CLASSIFICATION_REQUIRED,low,exclude_false_positive,connection_surface_unclassified
conn.tge_agentic_runtime.unknown_por_definir.17900,conn_canon_000892,SeshatSgin/tge-agentic-runtime-control-escribania,TGE_AGENTIC_RUNTIME,10_UNIVERSOS/ESCRIBANIA/10_REPOS/02_ACTIVE/tge-agentic-runtime-control-escribania/04_EVALS/run_tge_sdu_cn_court_order_adapter_alignment_eval.py,L42,Unknown / POR_DEFINIR,Unknown / POR_DEFINIR,ESCRIBANIA,GATE_CONNECTION_SURFACE_CLASSIFICATION_REQUIRED,low,exclude_false_positive,connection_surface_unclassified
conn.tge_agentic_runtime.unknown_por_definir.18029,conn_canon_000945,SeshatSgin/tge-agentic-runtime-control-escribania,TGE_AGENTIC_RUNTIME,10_UNIVERSOS/ESCRIBANIA/10_REPOS/02_ACTIVE/tge-agentic-runtime-control-escribania/08_READBACKS/GATE_TGE_02_CONTROLLED_RUNTIME_HARNESS_RESULTS.json,L25,Unknown / POR_DEFINIR,Unknown / POR_DEFINIR,ESCRIBANIA,GATE_CONNECTION_SURFACE_CLASSIFICATION_REQUIRED,low,exclude_false_positive,connection_surface_unclassified
conn.tge_agentic_runtime.unknown_por_definir.18048,conn_canon_000951,SeshatSgin/tge-agentic-runtime-control-escribania,TGE_AGENTIC_RUNTIME,10_UNIVERSOS/ESCRIBANIA/10_REPOS/02_ACTIVE/tge-agentic-runtime-control-escribania/08_READBACKS/GATE_TGE_02_RUNTIME_COOKBOOK_EXPANSION_RESULTS.json,L21,Unknown / POR_DEFINIR,Unknown / POR_DEFINIR,ESCRIBANIA,GATE_CONNECTION_SURFACE_CLASSIFICATION_REQUIRED,low,exclude_false_positive,connection_surface_unclassified
conn.tge_agentic_runtime.unknown_por_definir.18089,conn_canon_000973,SeshatSgin/tge-agentic-runtime-control-escribania,TGE_AGENTIC_RUNTIME,10_UNIVERSOS/ESCRIBANIA/10_REPOS/02_ACTIVE/tge-agentic-runtime-control-escribania/09_RUNTIME_SMOKES/tge_controlled_runtime_harness.py,L43,Unknown / POR_DEFINIR,Unknown / POR_DEFINIR,ESCRIBANIA,GATE_CONNECTION_SURFACE_CLASSIFICATION_REQUIRED,low,exclude_false_positive,connection_surface_unclassified
conn.torre_gemela_escribania.unknown_por_definir.2516,conn_canon_001001,SeshatSgin/torre-gemela-escribania,TORRE_GEMELA_ESCRIBANIA,10_UNIVERSOS/ESCRIBANIA/10_REPOS/02_ACTIVE/torre-gemela-escribania/.devcontainer/agent-runner/devcontainer.json,L16,Unknown / POR_DEFINIR,Unknown / POR_DEFINIR,ESCRIBANIA,GATE_CONNECTION_SURFACE_CLASSIFICATION_REQUIRED,low,exclude_false_positive,connection_surface_unclassified
conn.torre_gemela_escribania.unknown_por_definir.2522,conn_canon_001005,SeshatSgin/torre-gemela-escribania,TORRE_GEMELA_ESCRIBANIA,10_UNIVERSOS/ESCRIBANIA/10_REPOS/02_ACTIVE/torre-gemela-escribania/.devcontainer/devcontainer.json,L11,Unknown / POR_DEFINIR,Unknown / POR_DEFINIR,ESCRIBANIA,GATE_CONNECTION_SURFACE_CLASSIFICATION_REQUIRED,low,exclude_false_positive,connection_surface_unclassified
conn.torre_gemela_escribania.unknown_por_definir.2744,conn_canon_001117,SeshatSgin/torre-gemela-escribania,TORRE_GEMELA_ESCRIBANIA,10_UNIVERSOS/ESCRIBANIA/10_REPOS/02_ACTIVE/torre-gemela-escribania/00_CONTEXT/CAPABILITY_TRANSFER_MATRIX.csv,L14,Unknown / POR_DEFINIR,Unknown / POR_DEFINIR,ESCRIBANIA,GATE_CONNECTION_SURFACE_CLASSIFICATION_REQUIRED,low,exclude_false_positive,connection_surface_unclassified
conn.torre_gemela_escribania.unknown_por_definir.2787,conn_canon_001156,SeshatSgin/torre-gemela-escribania,TORRE_GEMELA_ESCRIBANIA,10_UNIVERSOS/ESCRIBANIA/10_REPOS/02_ACTIVE/torre-gemela-escribania/00_CONTEXT/CURRENT_STATE.md,L180,Unknown / POR_DEFINIR,Unknown / POR_DEFINIR,ESCRIBANIA,GATE_CONNECTION_SURFACE_CLASSIFICATION_REQUIRED,low,exclude_false_positive,connection_surface_unclassified
conn.torre_gemela_escribania.unknown_por_definir.2794,conn_canon_001157,SeshatSgin/torre-gemela-escribania,TORRE_GEMELA_ESCRIBANIA,10_UNIVERSOS/ESCRIBANIA/10_REPOS/02_ACTIVE/torre-gemela-escribania/00_CONTEXT/CURRENT_STATE.md,L188,Unknown / POR_DEFINIR,Unknown / POR_DEFINIR,ESCRIBANIA,GATE_CONNECTION_SURFACE_CLASSIFICATION_REQUIRED,high,exclude_false_positive,connection_surface_unclassified
conn.torre_gemela_escribania.unknown_por_definir.3842,conn_canon_001318,SeshatSgin/torre-gemela-escribania,TORRE_GEMELA_ESCRIBANIA,10_UNIVERSOS/ESCRIBANIA/10_REPOS/02_ACTIVE/torre-gemela-escribania/00_CONTEXT/MCP_CONNECTION_TEST_RESULTS.csv,file_name,Unknown / POR_DEFINIR,Unknown / POR_DEFINIR,ESCRIBANIA,GATE_CONNECTION_SURFACE_CLASSIFICATION_REQUIRED,low,exclude_false_positive,connection_surface_unclassified
conn.torre_gemela_escribania.unknown_por_definir.3852,conn_canon_001325,SeshatSgin/torre-gemela-escribania,TORRE_GEMELA_ESCRIBANIA,10_UNIVERSOS/ESCRIBANIA/10_REPOS/02_ACTIVE/torre-gemela-escribania/00_CONTEXT/MICROSOFT_365_CONNECTION_SURFACE_MATRIX.csv,file_name,Unknown / POR_DEFINIR,Unknown / POR_DEFINIR,ESCRIBANIA,GATE_CONNECTION_SURFACE_CLASSIFICATION_REQUIRED,low,exclude_false_positive,connection_surface_unclassified
conn.torre_gemela_escribania.unknown_por_definir.4082,conn_canon_001401,SeshatSgin/torre-gemela-escribania,TORRE_GEMELA_ESCRIBANIA,10_UNIVERSOS/ESCRIBANIA/10_REPOS/02_ACTIVE/torre-gemela-escribania/00_CONTEXT/POWER_PLATFORM_READONLY_DISCOVERY_RESULTS.csv,file_name,Unknown / POR_DEFINIR,Unknown / POR_DEFINIR,ESCRIBANIA,GATE_CONNECTION_SURFACE_CLASSIFICATION_REQUIRED,low,exclude_false_positive,connection_surface_unclassified
conn.torre_gemela_escribania.unknown_por_definir.4100,conn_canon_001409,SeshatSgin/torre-gemela-escribania,TORRE_GEMELA_ESCRIBANIA,10_UNIVERSOS/ESCRIBANIA/10_REPOS/02_ACTIVE/torre-gemela-escribania/00_CONTEXT/ROUTING_POLICY.md,L89,Unknown / POR_DEFINIR,Unknown / POR_DEFINIR,ESCRIBANIA,GATE_CONNECTION_SURFACE_CLASSIFICATION_REQUIRED,low,exclude_false_positive,connection_surface_unclassified
conn.torre_gemela_escribania.unknown_por_definir.4345,conn_canon_001486,SeshatSgin/torre-gemela-escribania,TORRE_GEMELA_ESCRIBANIA,10_UNIVERSOS/ESCRIBANIA/10_REPOS/02_ACTIVE/torre-gemela-escribania/00_CONTEXT/SGSD_TC_CARRILES_ESTADOS_RECONNECTION_ORDER_20260526.md,file_name,Unknown / POR_DEFINIR,Unknown / POR_DEFINIR,ESCRIBANIA,GATE_CONNECTION_SURFACE_CLASSIFICATION_REQUIRED,low,exclude_false_positive,connection_surface_unclassified
conn.torre_gemela_escribania.unknown_por_definir.4413,conn_canon_001500,SeshatSgin/torre-gemela-escribania,TORRE_GEMELA_ESCRIBANIA,10_UNIVERSOS/ESCRIBANIA/10_REPOS/02_ACTIVE/torre-gemela-escribania/00_CONTEXT/SGSD_TC_CORPUS_PUBLICATION_PACKAGE.md,file_name,Unknown / POR_DEFINIR,Unknown / POR_DEFINIR,ESCRIBANIA,GATE_CONNECTION_SURFACE_CLASSIFICATION_REQUIRED,low,exclude_false_positive,connection_surface_unclassified
conn.torre_gemela_escribania.unknown_por_definir.4469,conn_canon_001515,SeshatSgin/torre-gemela-escribania,TORRE_GEMELA_ESCRIBANIA,10_UNIVERSOS/ESCRIBANIA/10_REPOS/02_ACTIVE/torre-gemela-escribania/00_CONTEXT/SGSD_TC_FUNCTIONAL_GAPS_AND_FIX_PLAN.md,L48,Unknown / POR_DEFINIR,Unknown / POR_DEFINIR,ESCRIBANIA,GATE_CONNECTION_SURFACE_CLASSIFICATION_REQUIRED,low,exclude_false_positive,connection_surface_unclassified
conn.torre_gemela_escribania.unknown_por_definir.4500,conn_canon_001530,SeshatSgin/torre-gemela-escribania,TORRE_GEMELA_ESCRIBANIA,10_UNIVERSOS/ESCRIBANIA/10_REPOS/02_ACTIVE/torre-gemela-escribania/00_CONTEXT/SGSD_TC_LIST_RECORDS_RECONCILIATION_MATRIX_20260527.csv,L93,Unknown / POR_DEFINIR,Unknown / POR_DEFINIR,ESCRIBANIA,GATE_CONNECTION_SURFACE_CLASSIFICATION_REQUIRED,low,exclude_false_positive,connection_surface_unclassified
conn.torre_gemela_escribania.unknown_por_definir.4502,conn_canon_001531,SeshatSgin/torre-gemela-escribania,TORRE_GEMELA_ESCRIBANIA,10_UNIVERSOS/ESCRIBANIA/10_REPOS/02_ACTIVE/torre-gemela-escribania/00_CONTEXT/SGSD_TC_LIST_RECORDS_RECONCILIATION_MATRIX_20260527.csv,L96,Unknown / POR_DEFINIR,Unknown / POR_DEFINIR,ESCRIBANIA,GATE_CONNECTION_SURFACE_CLASSIFICATION_REQUIRED,high,exclude_false_positive,connection_surface_unclassified
conn.torre_gemela_escribania.unknown_por_definir.4563,conn_canon_001543,SeshatSgin/torre-gemela-escribania,TORRE_GEMELA_ESCRIBANIA,10_UNIVERSOS/ESCRIBANIA/10_REPOS/02_ACTIVE/torre-gemela-escribania/00_CONTEXT/SGSD_TC_LIVE_READONLY_PREFLIGHT_PACKAGE_20260526.md,file_name,Unknown / POR_DEFINIR,Unknown / POR_DEFINIR,ESCRIBANIA,GATE_CONNECTION_SURFACE_CLASSIFICATION_REQUIRED,low,exclude_false_positive,connection_surface_unclassified
conn.torre_gemela_escribania.unknown_por_definir.4622,conn_canon_001559,SeshatSgin/torre-gemela-escribania,TORRE_GEMELA_ESCRIBANIA,10_UNIVERSOS/ESCRIBANIA/10_REPOS/02_ACTIVE/torre-gemela-escribania/00_CONTEXT/SGSD_TC_NO_BREAK_IMPACT_MATRIX.csv,file_name,Unknown / POR_DEFINIR,Unknown / POR_DEFINIR,ESCRIBANIA,GATE_CONNECTION_SURFACE_CLASSIFICATION_REQUIRED,low,exclude_false_positive,connection_surface_unclassified
conn.torre_gemela_escribania.unknown_por_definir.4672,conn_canon_001581,SeshatSgin/torre-gemela-escribania,TORRE_GEMELA_ESCRIBANIA,10_UNIVERSOS/ESCRIBANIA/10_REPOS/02_ACTIVE/torre-gemela-escribania/00_CONTEXT/SGSD_TC_RECTOR_INDEX_20260526.md,L16,Unknown / POR_DEFINIR,Unknown / POR_DEFINIR,ESCRIBANIA,GATE_CONNECTION_SURFACE_CLASSIFICATION_REQUIRED,low,exclude_false_positive,connection_surface_unclassified
conn.torre_gemela_escribania.unknown_por_definir.4682,conn_canon_001584,SeshatSgin/torre-gemela-escribania,TORRE_GEMELA_ESCRIBANIA,10_UNIVERSOS/ESCRIBANIA/10_REPOS/02_ACTIVE/torre-gemela-escribania/00_CONTEXT/SGSD_TC_SAFE_PUBLICATION_PACKAGE.md,file_name,Unknown / POR_DEFINIR,Unknown / POR_DEFINIR,ESCRIBANIA,GATE_CONNECTION_SURFACE_CLASSIFICATION_REQUIRED,low,exclude_false_positive,connection_surface_unclassified
conn.torre_gemela_escribania.unknown_por_definir.4717,conn_canon_001600,SeshatSgin/torre-gemela-escribania,TORRE_GEMELA_ESCRIBANIA,10_UNIVERSOS/ESCRIBANIA/10_REPOS/02_ACTIVE/torre-gemela-escribania/00_CONTEXT/START_HERE.md,L49,Unknown / POR_DEFINIR,Unknown / POR_DEFINIR,ESCRIBANIA,GATE_CONNECTION_SURFACE_CLASSIFICATION_REQUIRED,low,exclude_false_positive,connection_surface_unclassified
conn.torre_gemela_escribania.unknown_por_definir.4758,conn_canon_001614,SeshatSgin/torre-gemela-escribania,TORRE_GEMELA_ESCRIBANIA,10_UNIVERSOS/ESCRIBANIA/10_REPOS/02_ACTIVE/torre-gemela-escribania/00_CONTEXT/TENANT_CONTROL_PLANE_BOOTSTRAP.md,L76,Unknown / POR_DEFINIR,Unknown / POR_DEFINIR,ESCRIBANIA,GATE_CONNECTION_SURFACE_CLASSIFICATION_REQUIRED,low,exclude_false_positive,connection_surface_unclassified
conn.torre_gemela_escribania.unknown_por_definir.4761,conn_canon_001619,SeshatSgin/torre-gemela-escribania,TORRE_GEMELA_ESCRIBANIA,10_UNIVERSOS/ESCRIBANIA/10_REPOS/02_ACTIVE/torre-gemela-escribania/00_CONTEXT/TENANT_RUNTIME_CONTEXT.md,L14,Unknown / POR_DEFINIR,Unknown / POR_DEFINIR,ESCRIBANIA,GATE_CONNECTION_SURFACE_CLASSIFICATION_REQUIRED,low,exclude_false_positive,connection_surface_unclassified
conn.torre_gemela_escribania.unknown_por_definir.4860,conn_canon_001656,SeshatSgin/torre-gemela-escribania,TORRE_GEMELA_ESCRIBANIA,10_UNIVERSOS/ESCRIBANIA/10_REPOS/02_ACTIVE/torre-gemela-escribania/00_CONTEXT/TGE_AGENT_DISCOVERY_CROSSWALK_20260527.csv,L10,Unknown / POR_DEFINIR,Unknown / POR_DEFINIR,ESCRIBANIA,GATE_CONNECTION_SURFACE_CLASSIFICATION_REQUIRED,low,exclude_false_positive,connection_surface_unclassified
conn.torre_gemela_escribania.unknown_por_definir.4888,conn_canon_001668,SeshatSgin/torre-gemela-escribania,TORRE_GEMELA_ESCRIBANIA,10_UNIVERSOS/ESCRIBANIA/10_REPOS/02_ACTIVE/torre-gemela-escribania/00_CONTEXT/TGE_AGENT_READING_POINTERS_20260528.md,L58,Unknown / POR_DEFINIR,Unknown / POR_DEFINIR,ESCRIBANIA,GATE_CONNECTION_SURFACE_CLASSIFICATION_REQUIRED,low,exclude_false_positive,connection_surface_unclassified
conn.torre_gemela_escribania.unknown_por_definir.4935,conn_canon_001693,SeshatSgin/torre-gemela-escribania,TORRE_GEMELA_ESCRIBANIA,10_UNIVERSOS/ESCRIBANIA/10_REPOS/02_ACTIVE/torre-gemela-escribania/00_CONTEXT/TGE_AGENT_SPACE_TOOL_PROVISIONING_MATRIX_20260526.csv,file_name,Unknown / POR_DEFINIR,Unknown / POR_DEFINIR,ESCRIBANIA,GATE_CONNECTION_SURFACE_CLASSIFICATION_REQUIRED,low,exclude_false_positive,connection_surface_unclassified
conn.torre_gemela_escribania.unknown_por_definir.4950,conn_canon_001702,SeshatSgin/torre-gemela-escribania,TORRE_GEMELA_ESCRIBANIA,10_UNIVERSOS/ESCRIBANIA/10_REPOS/02_ACTIVE/torre-gemela-escribania/00_CONTEXT/TGE_AGENT_TASK_SPECIALTY_ROUTING_MATRIX_20260528.md,L25,Unknown / POR_DEFINIR,Unknown / POR_DEFINIR,ESCRIBANIA,GATE_CONNECTION_SURFACE_CLASSIFICATION_REQUIRED,low,exclude_false_positive,connection_surface_unclassified
conn.torre_gemela_escribania.unknown_por_definir.4984,conn_canon_001711,SeshatSgin/torre-gemela-escribania,TORRE_GEMELA_ESCRIBANIA,10_UNIVERSOS/ESCRIBANIA/10_REPOS/02_ACTIVE/torre-gemela-escribania/00_CONTEXT/TGE_AGENT_TOOL_GATE_CROSSWALK_20260527.csv,L10,Unknown / POR_DEFINIR,Unknown / POR_DEFINIR,ESCRIBANIA,GATE_CONNECTION_SURFACE_CLASSIFICATION_REQUIRED,low,exclude_false_positive,connection_surface_unclassified
conn.torre_gemela_escribania.unknown_por_definir.4996,conn_canon_001716,SeshatSgin/torre-gemela-escribania,TORRE_GEMELA_ESCRIBANIA,10_UNIVERSOS/ESCRIBANIA/10_REPOS/02_ACTIVE/torre-gemela-escribania/00_CONTEXT/TGE_AGENT_TRAINING_RUNTIME_SITE_SURFACE_MATRIX_20260530.csv,L5,Unknown / POR_DEFINIR,Unknown / POR_DEFINIR,ESCRIBANIA,GATE_CONNECTION_SURFACE_CLASSIFICATION_REQUIRED,high,exclude_false_positive,connection_surface_unclassified
conn.torre_gemela_escribania.unknown_por_definir.5028,conn_canon_001748,SeshatSgin/torre-gemela-escribania,TORRE_GEMELA_ESCRIBANIA,10_UNIVERSOS/ESCRIBANIA/10_REPOS/02_ACTIVE/torre-gemela-escribania/00_CONTEXT/TGE_ALL_CARRILES_AGENT_CONTROL_CENTER_20260526.md,L44,Unknown / POR_DEFINIR,Unknown / POR_DEFINIR,ESCRIBANIA,GATE_CONNECTION_SURFACE_CLASSIFICATION_REQUIRED,low,exclude_false_positive,connection_surface_unclassified
conn.torre_gemela_escribania.unknown_por_definir.5084,conn_canon_001757,SeshatSgin/torre-gemela-escribania,TORRE_GEMELA_ESCRIBANIA,10_UNIVERSOS/ESCRIBANIA/10_REPOS/02_ACTIVE/torre-gemela-escribania/00_CONTEXT/TGE_ALL_MATRICES_RECONCILIATION_INDEX_20260527.csv,L50,Unknown / POR_DEFINIR,Unknown / POR_DEFINIR,ESCRIBANIA,GATE_CONNECTION_SURFACE_CLASSIFICATION_REQUIRED,low,exclude_false_positive,connection_surface_unclassified
conn.torre_gemela_escribania.unknown_por_definir.5233,conn_canon_001765,SeshatSgin/torre-gemela-escribania,TORRE_GEMELA_ESCRIBANIA,10_UNIVERSOS/ESCRIBANIA/10_REPOS/02_ACTIVE/torre-gemela-escribania/00_CONTEXT/TGE_CABINA_ARRANQUE_DIARIO_20260528.md,L50,Unknown / POR_DEFINIR,Unknown / POR_DEFINIR,ESCRIBANIA,GATE_CONNECTION_SURFACE_CLASSIFICATION_REQUIRED,low,exclude_false_positive,connection_surface_unclassified
conn.torre_gemela_escribania.unknown_por_definir.5267,conn_canon_001771,SeshatSgin/torre-gemela-escribania,TORRE_GEMELA_ESCRIBANIA,10_UNIVERSOS/ESCRIBANIA/10_REPOS/02_ACTIVE/torre-gemela-escribania/00_CONTEXT/TGE_CABINA_DELEGACION_ASUNTO_CUERPO_20260528.md,L41,Unknown / POR_DEFINIR,Unknown / POR_DEFINIR,ESCRIBANIA,GATE_CONNECTION_SURFACE_CLASSIFICATION_REQUIRED,low,exclude_false_positive,connection_surface_unclassified
conn.torre_gemela_escribania.unknown_por_definir.5273,conn_canon_001775,SeshatSgin/torre-gemela-escribania,TORRE_GEMELA_ESCRIBANIA,10_UNIVERSOS/ESCRIBANIA/10_REPOS/02_ACTIVE/torre-gemela-escribania/00_CONTEXT/TGE_CABINA_DELEGACION_DIARIA_20260528.md,L37,Unknown / POR_DEFINIR,Unknown / POR_DEFINIR,ESCRIBANIA,GATE_CONNECTION_SURFACE_CLASSIFICATION_REQUIRED,low,exclude_false_positive,connection_surface_unclassified
conn.torre_gemela_escribania.unknown_por_definir.5309,conn_canon_001795,SeshatSgin/torre-gemela-escribania,TORRE_GEMELA_ESCRIBANIA,10_UNIVERSOS/ESCRIBANIA/10_REPOS/02_ACTIVE/torre-gemela-escribania/00_CONTEXT/TGE_CABINA_FULL_SURVEY_MATRIX_20260528.csv,L10,Unknown / POR_DEFINIR,Unknown / POR_DEFINIR,ESCRIBANIA,GATE_CONNECTION_SURFACE_CLASSIFICATION_REQUIRED,low,exclude_false_positive,connection_surface_unclassified
conn.torre_gemela_escribania.unknown_por_definir.5333,conn_canon_001799,SeshatSgin/torre-gemela-escribania,TORRE_GEMELA_ESCRIBANIA,10_UNIVERSOS/ESCRIBANIA/10_REPOS/02_ACTIVE/torre-gemela-escribania/00_CONTEXT/TGE_CABINA_IMPORTED_REFERENCE_MANIFEST_20260527.csv,L33,Unknown / POR_DEFINIR,Unknown / POR_DEFINIR,ESCRIBANIA,GATE_CONNECTION_SURFACE_CLASSIFICATION_REQUIRED,high,exclude_false_positive,connection_surface_unclassified
conn.torre_gemela_escribania.unknown_por_definir.5343,conn_canon_001806,SeshatSgin/torre-gemela-escribania,TORRE_GEMELA_ESCRIBANIA,10_UNIVERSOS/ESCRIBANIA/10_REPOS/02_ACTIVE/torre-gemela-escribania/00_CONTEXT/TGE_CABINA_ORDEN_DEL_DIA_20260528.md,L76,Unknown / POR_DEFINIR,Unknown / POR_DEFINIR,ESCRIBANIA,GATE_CONNECTION_SURFACE_CLASSIFICATION_REQUIRED,low,exclude_false_positive,connection_surface_unclassified
conn.torre_gemela_escribania.unknown_por_definir.5352,conn_canon_001810,SeshatSgin/torre-gemela-escribania,TORRE_GEMELA_ESCRIBANIA,10_UNIVERSOS/ESCRIBANIA/10_REPOS/02_ACTIVE/torre-gemela-escribania/00_CONTEXT/TGE_CABINA_ORDEN_DEL_DIA_COMPACTA_20260528.md,file_name,Unknown / POR_DEFINIR,Unknown / POR_DEFINIR,ESCRIBANIA,GATE_CONNECTION_SURFACE_CLASSIFICATION_REQUIRED,low,exclude_false_positive,connection_surface_unclassified
conn.torre_gemela_escribania.unknown_por_definir.5362,conn_canon_001813,SeshatSgin/torre-gemela-escribania,TORRE_GEMELA_ESCRIBANIA,10_UNIVERSOS/ESCRIBANIA/10_REPOS/02_ACTIVE/torre-gemela-escribania/00_CONTEXT/TGE_CABINA_PRIORIDAD_DIARIA_20260528.md,L87,Unknown / POR_DEFINIR,Unknown / POR_DEFINIR,ESCRIBANIA,GATE_CONNECTION_SURFACE_CLASSIFICATION_REQUIRED,low,exclude_false_positive,connection_surface_unclassified
conn.torre_gemela_escribania.unknown_por_definir.5449,conn_canon_001839,SeshatSgin/torre-gemela-escribania,TORRE_GEMELA_ESCRIBANIA,10_UNIVERSOS/ESCRIBANIA/10_REPOS/02_ACTIVE/torre-gemela-escribania/00_CONTEXT/TGE_CANON_COMPACTION_20260531.md,file_name,Unknown / POR_DEFINIR,Unknown / POR_DEFINIR,ESCRIBANIA,GATE_CONNECTION_SURFACE_CLASSIFICATION_REQUIRED,low,exclude_false_positive,connection_surface_unclassified
conn.torre_gemela_escribania.unknown_por_definir.5465,conn_canon_001842,SeshatSgin/torre-gemela-escribania,TORRE_GEMELA_ESCRIBANIA,10_UNIVERSOS/ESCRIBANIA/10_REPOS/02_ACTIVE/torre-gemela-escribania/00_CONTEXT/TGE_CANON_COMPACTION_MATRIX_20260531.csv,file_name,Unknown / POR_DEFINIR,Unknown / POR_DEFINIR,ESCRIBANIA,GATE_CONNECTION_SURFACE_CLASSIFICATION_REQUIRED,low,exclude_false_positive,connection_surface_unclassified
conn.torre_gemela_escribania.unknown_por_definir.5500,conn_canon_001861,SeshatSgin/torre-gemela-escribania,TORRE_GEMELA_ESCRIBANIA,10_UNIVERSOS/ESCRIBANIA/10_REPOS/02_ACTIVE/torre-gemela-escribania/00_CONTEXT/TGE_CAPABILITY_EXPANSION_PROGRAM_20260527.md,L149,Unknown / POR_DEFINIR,Unknown / POR_DEFINIR,ESCRIBANIA,GATE_CONNECTION_SURFACE_CLASSIFICATION_REQUIRED,low,exclude_false_positive,connection_surface_unclassified
conn.torre_gemela_escribania.unknown_por_definir.5528,conn_canon_001873,SeshatSgin/torre-gemela-escribania,TORRE_GEMELA_ESCRIBANIA,10_UNIVERSOS/ESCRIBANIA/10_REPOS/02_ACTIVE/torre-gemela-escribania/00_CONTEXT/TGE_CAPABILITY_STACK_INVENTORY_MATRIX_20260526.csv,L33,Unknown / POR_DEFINIR,Unknown / POR_DEFINIR,ESCRIBANIA,GATE_CONNECTION_SURFACE_CLASSIFICATION_REQUIRED,low,exclude_false_positive,connection_surface_unclassified
conn.torre_gemela_escribania.unknown_por_definir.5563,conn_canon_001885,SeshatSgin/torre-gemela-escribania,TORRE_GEMELA_ESCRIBANIA,10_UNIVERSOS/ESCRIBANIA/10_REPOS/02_ACTIVE/torre-gemela-escribania/00_CONTEXT/TGE_CDF_STAFF_CODESPACE_ALIGNMENT_MATRIX_20260527.csv,file_name,Unknown / POR_DEFINIR,Unknown / POR_DEFINIR,ESCRIBANIA,GATE_CONNECTION_SURFACE_CLASSIFICATION_REQUIRED,low,exclude_false_positive,connection_surface_unclassified
conn.torre_gemela_escribania.unknown_por_definir.5565,conn_canon_001887,SeshatSgin/torre-gemela-escribania,TORRE_GEMELA_ESCRIBANIA,10_UNIVERSOS/ESCRIBANIA/10_REPOS/02_ACTIVE/torre-gemela-escribania/00_CONTEXT/TGE_CDF_STAFF_CODESPACE_OPERATING_POLICY_20260527.md,file_name,Unknown / POR_DEFINIR,Unknown / POR_DEFINIR,ESCRIBANIA,GATE_CONNECTION_SURFACE_CLASSIFICATION_REQUIRED,low,exclude_false_positive,connection_surface_unclassified
conn.torre_gemela_escribania.unknown_por_definir.5593,conn_canon_001904,SeshatSgin/torre-gemela-escribania,TORRE_GEMELA_ESCRIBANIA,10_UNIVERSOS/ESCRIBANIA/10_REPOS/02_ACTIVE/torre-gemela-escribania/00_CONTEXT/TGE_CDF_STAFF_MICROSOFT_LIVE_LOTE1_PREFLIGHT_REPORT_20260527.md,L37,Unknown / POR_DEFINIR,Unknown / POR_DEFINIR,ESCRIBANIA,GATE_CONNECTION_SURFACE_CLASSIFICATION_REQUIRED,low,exclude_false_positive,connection_surface_unclassified
conn.torre_gemela_escribania.unknown_por_definir.5605,conn_canon_001911,SeshatSgin/torre-gemela-escribania,TORRE_GEMELA_ESCRIBANIA,10_UNIVERSOS/ESCRIBANIA/10_REPOS/02_ACTIVE/torre-gemela-escribania/00_CONTEXT/TGE_CDF_STAFF_MICROSOFT_LIVE_MAX_FRONTIER_ORDER_20260527.md,L42,Unknown / POR_DEFINIR,Unknown / POR_DEFINIR,ESCRIBANIA,GATE_CONNECTION_SURFACE_CLASSIFICATION_REQUIRED,low,exclude_false_positive,connection_surface_unclassified
conn.torre_gemela_escribania.unknown_por_definir.5614,conn_canon_001917,SeshatSgin/torre-gemela-escribania,TORRE_GEMELA_ESCRIBANIA,10_UNIVERSOS/ESCRIBANIA/10_REPOS/02_ACTIVE/torre-gemela-escribania/00_CONTEXT/TGE_CDF_STAFF_SDU_CN_TOOL_INVOCATION_GUARD_MATRIX_20260527.csv,L4,Unknown / POR_DEFINIR,Unknown / POR_DEFINIR,ESCRIBANIA,GATE_CONNECTION_SURFACE_CLASSIFICATION_REQUIRED,low,exclude_false_positive,connection_surface_unclassified
conn.torre_gemela_escribania.unknown_por_definir.5710,conn_canon_001950,SeshatSgin/torre-gemela-escribania,TORRE_GEMELA_ESCRIBANIA,10_UNIVERSOS/ESCRIBANIA/10_REPOS/02_ACTIVE/torre-gemela-escribania/00_CONTEXT/TGE_CODESPACE_LIFECYCLE_AND_TOOLING_QUEUE_20260526.md,file_name,Unknown / POR_DEFINIR,Unknown / POR_DEFINIR,ESCRIBANIA,GATE_CONNECTION_SURFACE_CLASSIFICATION_REQUIRED,low,exclude_false_positive,connection_surface_unclassified
conn.torre_gemela_escribania.unknown_por_definir.5714,conn_canon_001956,SeshatSgin/torre-gemela-escribania,TORRE_GEMELA_ESCRIBANIA,10_UNIVERSOS/ESCRIBANIA/10_REPOS/02_ACTIVE/torre-gemela-escribania/00_CONTEXT/TGE_CODESPACE_MAX_UTILIZATION_OPERATING_MODEL_20260526.md,file_name,Unknown / POR_DEFINIR,Unknown / POR_DEFINIR,ESCRIBANIA,GATE_CONNECTION_SURFACE_CLASSIFICATION_REQUIRED,low,exclude_false_positive,connection_surface_unclassified
conn.torre_gemela_escribania.unknown_por_definir.5721,conn_canon_001960,SeshatSgin/torre-gemela-escribania,TORRE_GEMELA_ESCRIBANIA,10_UNIVERSOS/ESCRIBANIA/10_REPOS/02_ACTIVE/torre-gemela-escribania/00_CONTEXT/TGE_CODESPACE_PREPARATION_PLAN_20260526.md,file_name,Unknown / POR_DEFINIR,Unknown / POR_DEFINIR,ESCRIBANIA,GATE_CONNECTION_SURFACE_CLASSIFICATION_REQUIRED,low,exclude_false_positive,connection_surface_unclassified
conn.torre_gemela_escribania.unknown_por_definir.5725,conn_canon_001964,SeshatSgin/torre-gemela-escribania,TORRE_GEMELA_ESCRIBANIA,10_UNIVERSOS/ESCRIBANIA/10_REPOS/02_ACTIVE/torre-gemela-escribania/00_CONTEXT/TGE_CODESPACE_REMOTE_POSTCHECK_20260526.md,file_name,Unknown / POR_DEFINIR,Unknown / POR_DEFINIR,ESCRIBANIA,GATE_CONNECTION_SURFACE_CLASSIFICATION_REQUIRED,low,exclude_false_positive,connection_surface_unclassified
conn.torre_gemela_escribania.unknown_por_definir.5729,conn_canon_001970,SeshatSgin/torre-gemela-escribania,TORRE_GEMELA_ESCRIBANIA,10_UNIVERSOS/ESCRIBANIA/10_REPOS/02_ACTIVE/torre-gemela-escribania/00_CONTEXT/TGE_CODESPACE_USAGE_POLICY_AND_RECOVERY_PLAN_20260527.md,file_name,Unknown / POR_DEFINIR,Unknown / POR_DEFINIR,ESCRIBANIA,GATE_CONNECTION_SURFACE_CLASSIFICATION_REQUIRED,low,exclude_false_positive,connection_surface_unclassified
conn.torre_gemela_escribania.unknown_por_definir.5699,conn_canon_001977,SeshatSgin/torre-gemela-escribania,TORRE_GEMELA_ESCRIBANIA,10_UNIVERSOS/ESCRIBANIA/10_REPOS/02_ACTIVE/torre-gemela-escribania/00_CONTEXT/TGE_CODESPACES_USAGE_POLICY_AND_IMPLEMENTATION_PATH.md,file_name,Unknown / POR_DEFINIR,Unknown / POR_DEFINIR,ESCRIBANIA,GATE_CONNECTION_SURFACE_CLASSIFICATION_REQUIRED,low,exclude_false_positive,connection_surface_unclassified
conn.torre_gemela_escribania.unknown_por_definir.5747,conn_canon_001982,SeshatSgin/torre-gemela-escribania,TORRE_GEMELA_ESCRIBANIA,10_UNIVERSOS/ESCRIBANIA/10_REPOS/02_ACTIVE/torre-gemela-escribania/00_CONTEXT/TGE_CONNECTIONS_AND_TOOLS_LIVE_READINESS_MATRIX_20260527.csv,file_name,Unknown / POR_DEFINIR,Unknown / POR_DEFINIR,ESCRIBANIA,GATE_CONNECTION_SURFACE_CLASSIFICATION_REQUIRED,low,exclude_false_positive,connection_surface_unclassified
conn.torre_gemela_escribania.unknown_por_definir.5780,conn_canon_001989,SeshatSgin/torre-gemela-escribania,TORRE_GEMELA_ESCRIBANIA,10_UNIVERSOS/ESCRIBANIA/10_REPOS/02_ACTIVE/torre-gemela-escribania/00_CONTEXT/TGE_DELEGATED_AGENT_PROMPT_PACK_20260528.md,file_name,Unknown / POR_DEFINIR,Unknown / POR_DEFINIR,ESCRIBANIA,GATE_CONNECTION_SURFACE_CLASSIFICATION_REQUIRED,low,exclude_false_positive,connection_surface_unclassified
conn.torre_gemela_escribania.unknown_por_definir.5810,conn_canon_001998,SeshatSgin/torre-gemela-escribania,TORRE_GEMELA_ESCRIBANIA,10_UNIVERSOS/ESCRIBANIA/10_REPOS/02_ACTIVE/torre-gemela-escribania/00_CONTEXT/TGE_DOCUMENTAL_SET_BASE_20260528.md,L67,Unknown / POR_DEFINIR,Unknown / POR_DEFINIR,ESCRIBANIA,GATE_CONNECTION_SURFACE_CLASSIFICATION_REQUIRED,low,exclude_false_positive,connection_surface_unclassified
conn.torre_gemela_escribania.unknown_por_definir.5813,conn_canon_002002,SeshatSgin/torre-gemela-escribania,TORRE_GEMELA_ESCRIBANIA,10_UNIVERSOS/ESCRIBANIA/10_REPOS/02_ACTIVE/torre-gemela-escribania/00_CONTEXT/TGE_DUAL_CODESPACE_CABINA_MATRIX_20260527.csv,file_name,Unknown / POR_DEFINIR,Unknown / POR_DEFINIR,ESCRIBANIA,GATE_CONNECTION_SURFACE_CLASSIFICATION_REQUIRED,low,exclude_false_positive,connection_surface_unclassified
conn.torre_gemela_escribania.unknown_por_definir.5815,conn_canon_002006,SeshatSgin/torre-gemela-escribania,TORRE_GEMELA_ESCRIBANIA,10_UNIVERSOS/ESCRIBANIA/10_REPOS/02_ACTIVE/torre-gemela-escribania/00_CONTEXT/TGE_DUAL_CODESPACE_CABINA_PREP_20260527.md,file_name,Unknown / POR_DEFINIR,Unknown / POR_DEFINIR,ESCRIBANIA,GATE_CONNECTION_SURFACE_CLASSIFICATION_REQUIRED,low,exclude_false_positive,connection_surface_unclassified
conn.torre_gemela_escribania.unknown_por_definir.5829,conn_canon_002014,SeshatSgin/torre-gemela-escribania,TORRE_GEMELA_ESCRIBANIA,10_UNIVERSOS/ESCRIBANIA/10_REPOS/02_ACTIVE/torre-gemela-escribania/00_CONTEXT/TGE_EVIDENCE_READBACK_INDEX_20260527.csv,L14,Unknown / POR_DEFINIR,Unknown / POR_DEFINIR,ESCRIBANIA,GATE_CONNECTION_SURFACE_CLASSIFICATION_REQUIRED,low,exclude_false_positive,connection_surface_unclassified
conn.torre_gemela_escribania.unknown_por_definir.5890,conn_canon_002017,SeshatSgin/torre-gemela-escribania,TORRE_GEMELA_ESCRIBANIA,10_UNIVERSOS/ESCRIBANIA/10_REPOS/02_ACTIVE/torre-gemela-escribania/00_CONTEXT/TGE_FRONT_DOOR_CANON_ALIGNMENT_REPORT_20260527.md,L5,Unknown / POR_DEFINIR,Unknown / POR_DEFINIR,ESCRIBANIA,GATE_CONNECTION_SURFACE_CLASSIFICATION_REQUIRED,low,exclude_false_positive,connection_surface_unclassified
conn.torre_gemela_escribania.unknown_por_definir.5936,conn_canon_002034,SeshatSgin/torre-gemela-escribania,TORRE_GEMELA_ESCRIBANIA,10_UNIVERSOS/ESCRIBANIA/10_REPOS/02_ACTIVE/torre-gemela-escribania/00_CONTEXT/TGE_GOVERNED_EXECUTION_CANON_20260530.md,L121,Unknown / POR_DEFINIR,Unknown / POR_DEFINIR,ESCRIBANIA,GATE_CONNECTION_SURFACE_CLASSIFICATION_REQUIRED,low,exclude_false_positive,connection_surface_unclassified
conn.torre_gemela_escribania.unknown_por_definir.5944,conn_canon_002043,SeshatSgin/torre-gemela-escribania,TORRE_GEMELA_ESCRIBANIA,10_UNIVERSOS/ESCRIBANIA/10_REPOS/02_ACTIVE/torre-gemela-escribania/00_CONTEXT/TGE_HISTORICAL_ARTIFACTS_STATUS_MATRIX_20260527.csv,L15,Unknown / POR_DEFINIR,Unknown / POR_DEFINIR,ESCRIBANIA,GATE_CONNECTION_SURFACE_CLASSIFICATION_REQUIRED,low,exclude_false_positive,connection_surface_unclassified
conn.torre_gemela_escribania.unknown_por_definir.6424,conn_canon_002047,SeshatSgin/torre-gemela-escribania,TORRE_GEMELA_ESCRIBANIA,10_UNIVERSOS/ESCRIBANIA/10_REPOS/02_ACTIVE/torre-gemela-escribania/00_CONTEXT/TGE_HISTORICAL_CABINA_EXTRACTION_ROUTER_20260527.csv,L33,Unknown / POR_DEFINIR,Unknown / POR_DEFINIR,ESCRIBANIA,GATE_CONNECTION_SURFACE_CLASSIFICATION_REQUIRED,high,exclude_false_positive,connection_surface_unclassified
conn.torre_gemela_escribania.unknown_por_definir.6493,conn_canon_002078,SeshatSgin/torre-gemela-escribania,TORRE_GEMELA_ESCRIBANIA,10_UNIVERSOS/ESCRIBANIA/10_REPOS/02_ACTIVE/torre-gemela-escribania/00_CONTEXT/TGE_MICROSOFT_EXECUTION_ENABLEMENT_POLICY.md,L47,Unknown / POR_DEFINIR,Unknown / POR_DEFINIR,ESCRIBANIA,GATE_CONNECTION_SURFACE_CLASSIFICATION_REQUIRED,low,exclude_false_positive,connection_surface_unclassified
conn.torre_gemela_escribania.unknown_por_definir.6622,conn_canon_002127,SeshatSgin/torre-gemela-escribania,TORRE_GEMELA_ESCRIBANIA,10_UNIVERSOS/ESCRIBANIA/10_REPOS/02_ACTIVE/torre-gemela-escribania/00_CONTEXT/TGE_PARALLEL_LANE_MATRIX_20260528.md,L46,Unknown / POR_DEFINIR,Unknown / POR_DEFINIR,ESCRIBANIA,GATE_CONNECTION_SURFACE_CLASSIFICATION_REQUIRED,low,exclude_false_positive,connection_surface_unclassified
conn.torre_gemela_escribania.unknown_por_definir.6624,conn_canon_002128,SeshatSgin/torre-gemela-escribania,TORRE_GEMELA_ESCRIBANIA,10_UNIVERSOS/ESCRIBANIA/10_REPOS/02_ACTIVE/torre-gemela-escribania/00_CONTEXT/TGE_PENDING_MATRICES_RECONCILIATION_20260528.csv,L6,Unknown / POR_DEFINIR,Unknown / POR_DEFINIR,ESCRIBANIA,GATE_CONNECTION_SURFACE_CLASSIFICATION_REQUIRED,low,exclude_false_positive,connection_surface_unclassified
conn.torre_gemela_escribania.unknown_por_definir.6675,conn_canon_002142,SeshatSgin/torre-gemela-escribania,TORRE_GEMELA_ESCRIBANIA,10_UNIVERSOS/ESCRIBANIA/10_REPOS/02_ACTIVE/torre-gemela-escribania/00_CONTEXT/TGE_PHYSICAL_DISCOVERY_INDEX_20260527.csv,L132,Unknown / POR_DEFINIR,Unknown / POR_DEFINIR,ESCRIBANIA,GATE_CONNECTION_SURFACE_CLASSIFICATION_REQUIRED,low,exclude_false_positive,connection_surface_unclassified
conn.torre_gemela_escribania.unknown_por_definir.6893,conn_canon_002143,SeshatSgin/torre-gemela-escribania,TORRE_GEMELA_ESCRIBANIA,10_UNIVERSOS/ESCRIBANIA/10_REPOS/02_ACTIVE/torre-gemela-escribania/00_CONTEXT/TGE_PHYSICAL_DISCOVERY_INDEX_20260527.csv,L904,Unknown / POR_DEFINIR,Unknown / POR_DEFINIR,ESCRIBANIA,GATE_CONNECTION_SURFACE_CLASSIFICATION_REQUIRED,high,exclude_false_positive,connection_surface_unclassified
conn.torre_gemela_escribania.unknown_por_definir.7128,conn_canon_002157,SeshatSgin/torre-gemela-escribania,TORRE_GEMELA_ESCRIBANIA,10_UNIVERSOS/ESCRIBANIA/10_REPOS/02_ACTIVE/torre-gemela-escribania/00_CONTEXT/TGE_PROMPT_EXECUTION_MATRIX_20260528.csv,L6,Unknown / POR_DEFINIR,Unknown / POR_DEFINIR,ESCRIBANIA,GATE_CONNECTION_SURFACE_CLASSIFICATION_REQUIRED,low,exclude_false_positive,connection_surface_unclassified
conn.torre_gemela_escribania.unknown_por_definir.7133,conn_canon_002160,SeshatSgin/torre-gemela-escribania,TORRE_GEMELA_ESCRIBANIA,10_UNIVERSOS/ESCRIBANIA/10_REPOS/02_ACTIVE/torre-gemela-escribania/00_CONTEXT/TGE_REAL_DELTA_DECISION_MATRIX_20260528.csv,L7,Unknown / POR_DEFINIR,Unknown / POR_DEFINIR,ESCRIBANIA,GATE_CONNECTION_SURFACE_CLASSIFICATION_REQUIRED,low,exclude_false_positive,connection_surface_unclassified
conn.torre_gemela_escribania.unknown_por_definir.7135,conn_canon_002163,SeshatSgin/torre-gemela-escribania,TORRE_GEMELA_ESCRIBANIA,10_UNIVERSOS/ESCRIBANIA/10_REPOS/02_ACTIVE/torre-gemela-escribania/00_CONTEXT/TGE_REAUDIT_EVIDENCE_ARTIFACT_MATRIX_20260527.csv,L8,Unknown / POR_DEFINIR,Unknown / POR_DEFINIR,ESCRIBANIA,GATE_CONNECTION_SURFACE_CLASSIFICATION_REQUIRED,low,exclude_false_positive,connection_surface_unclassified
conn.torre_gemela_escribania.unknown_por_definir.7138,conn_canon_002167,SeshatSgin/torre-gemela-escribania,TORRE_GEMELA_ESCRIBANIA,10_UNIVERSOS/ESCRIBANIA/10_REPOS/02_ACTIVE/torre-gemela-escribania/00_CONTEXT/TGE_REAUDIT_EVIDENCE_PACKAGE_20260527.md,file_name,Unknown / POR_DEFINIR,Unknown / POR_DEFINIR,ESCRIBANIA,GATE_CONNECTION_SURFACE_CLASSIFICATION_REQUIRED,low,exclude_false_positive,connection_surface_unclassified
conn.torre_gemela_escribania.unknown_por_definir.7272,conn_canon_002192,SeshatSgin/torre-gemela-escribania,TORRE_GEMELA_ESCRIBANIA,10_UNIVERSOS/ESCRIBANIA/10_REPOS/02_ACTIVE/torre-gemela-escribania/00_CONTEXT/TGE_REMOTE_REPO_FULL_READ_INDEX_20260527.csv,L70,Unknown / POR_DEFINIR,Unknown / POR_DEFINIR,ESCRIBANIA,GATE_CONNECTION_SURFACE_CLASSIFICATION_REQUIRED,low,exclude_false_positive,connection_surface_unclassified
conn.torre_gemela_escribania.unknown_por_definir.7437,conn_canon_002202,SeshatSgin/torre-gemela-escribania,TORRE_GEMELA_ESCRIBANIA,10_UNIVERSOS/ESCRIBANIA/10_REPOS/02_ACTIVE/torre-gemela-escribania/00_CONTEXT/TGE_REMOTE_REPO_TO_CODESPACE_RECONCILIATION_MATRIX_20260527.csv,file_name,Unknown / POR_DEFINIR,Unknown / POR_DEFINIR,ESCRIBANIA,GATE_CONNECTION_SURFACE_CLASSIFICATION_REQUIRED,low,exclude_false_positive,connection_surface_unclassified
conn.torre_gemela_escribania.unknown_por_definir.7692,conn_canon_002216,SeshatSgin/torre-gemela-escribania,TORRE_GEMELA_ESCRIBANIA,10_UNIVERSOS/ESCRIBANIA/10_REPOS/02_ACTIVE/torre-gemela-escribania/00_CONTEXT/TGE_REPO_AGENT_DISCOVERY_INDEX_20260527.csv,L132,Unknown / POR_DEFINIR,Unknown / POR_DEFINIR,ESCRIBANIA,GATE_CONNECTION_SURFACE_CLASSIFICATION_REQUIRED,low,exclude_false_positive,connection_surface_unclassified
conn.torre_gemela_escribania.unknown_por_definir.7904,conn_canon_002217,SeshatSgin/torre-gemela-escribania,TORRE_GEMELA_ESCRIBANIA,10_UNIVERSOS/ESCRIBANIA/10_REPOS/02_ACTIVE/torre-gemela-escribania/00_CONTEXT/TGE_REPO_AGENT_DISCOVERY_INDEX_20260527.csv,L904,Unknown / POR_DEFINIR,Unknown / POR_DEFINIR,ESCRIBANIA,GATE_CONNECTION_SURFACE_CLASSIFICATION_REQUIRED,high,exclude_false_positive,connection_surface_unclassified
conn.torre_gemela_escribania.unknown_por_definir.8215,conn_canon_002249,SeshatSgin/torre-gemela-escribania,TORRE_GEMELA_ESCRIBANIA,10_UNIVERSOS/ESCRIBANIA/10_REPOS/02_ACTIVE/torre-gemela-escribania/00_CONTEXT/TGE_REPO_WIDE_ARTIFACT_INDEX_20260527.csv,L112,Unknown / POR_DEFINIR,Unknown / POR_DEFINIR,ESCRIBANIA,GATE_CONNECTION_SURFACE_CLASSIFICATION_REQUIRED,low,exclude_false_positive,connection_surface_unclassified
conn.torre_gemela_escribania.unknown_por_definir.8921,conn_canon_002251,SeshatSgin/torre-gemela-escribania,TORRE_GEMELA_ESCRIBANIA,10_UNIVERSOS/ESCRIBANIA/10_REPOS/02_ACTIVE/torre-gemela-escribania/00_CONTEXT/TGE_REPO_WIDE_HISTORICAL_NORMALIZATION_REPORT_20260527.md,L5,Unknown / POR_DEFINIR,Unknown / POR_DEFINIR,ESCRIBANIA,GATE_CONNECTION_SURFACE_CLASSIFICATION_REQUIRED,low,exclude_false_positive,connection_surface_unclassified
conn.torre_gemela_escribania.unknown_por_definir.8925,conn_canon_002254,SeshatSgin/torre-gemela-escribania,TORRE_GEMELA_ESCRIBANIA,10_UNIVERSOS/ESCRIBANIA/10_REPOS/02_ACTIVE/torre-gemela-escribania/00_CONTEXT/TGE_REPO_WIDE_NORMALIZATION_CONNECTIONS_ORDER_20260527.md,file_name,Unknown / POR_DEFINIR,Unknown / POR_DEFINIR,ESCRIBANIA,GATE_CONNECTION_SURFACE_CLASSIFICATION_REQUIRED,low,exclude_false_positive,connection_surface_unclassified
conn.torre_gemela_escribania.unknown_por_definir.8931,conn_canon_002262,SeshatSgin/torre-gemela-escribania,TORRE_GEMELA_ESCRIBANIA,10_UNIVERSOS/ESCRIBANIA/10_REPOS/02_ACTIVE/torre-gemela-escribania/00_CONTEXT/TGE_REPO_WIDE_NORMALIZATION_EVIDENCE_SCHEMA_20260527.md,L3,Unknown / POR_DEFINIR,Unknown / POR_DEFINIR,ESCRIBANIA,GATE_CONNECTION_SURFACE_CLASSIFICATION_REQUIRED,low,exclude_false_positive,connection_surface_unclassified
conn.torre_gemela_escribania.unknown_por_definir.8945,conn_canon_002263,SeshatSgin/torre-gemela-escribania,TORRE_GEMELA_ESCRIBANIA,10_UNIVERSOS/ESCRIBANIA/10_REPOS/02_ACTIVE/torre-gemela-escribania/00_CONTEXT/TGE_REPO_WIDE_NORMALIZATION_EVIDENCE_SCHEMA_20260527.md,L237,Unknown / POR_DEFINIR,Unknown / POR_DEFINIR,ESCRIBANIA,GATE_CONNECTION_SURFACE_CLASSIFICATION_REQUIRED,high,exclude_false_positive,connection_surface_unclassified
conn.torre_gemela_escribania.unknown_por_definir.8950,conn_canon_002271,SeshatSgin/torre-gemela-escribania,TORRE_GEMELA_ESCRIBANIA,10_UNIVERSOS/ESCRIBANIA/10_REPOS/02_ACTIVE/torre-gemela-escribania/00_CONTEXT/TGE_REPO_WIDE_NORMALIZATION_TECHNICAL_SCHEMA_20260527.md,L3,Unknown / POR_DEFINIR,Unknown / POR_DEFINIR,ESCRIBANIA,GATE_CONNECTION_SURFACE_CLASSIFICATION_REQUIRED,low,exclude_false_positive,connection_surface_unclassified
conn.torre_gemela_escribania.unknown_por_definir.8955,conn_canon_002272,SeshatSgin/torre-gemela-escribania,TORRE_GEMELA_ESCRIBANIA,10_UNIVERSOS/ESCRIBANIA/10_REPOS/02_ACTIVE/torre-gemela-escribania/00_CONTEXT/TGE_REPO_WIDE_NORMALIZATION_TECHNICAL_SCHEMA_20260527.md,L111,Unknown / POR_DEFINIR,Unknown / POR_DEFINIR,ESCRIBANIA,GATE_CONNECTION_SURFACE_CLASSIFICATION_REQUIRED,high,exclude_false_positive,connection_surface_unclassified
conn.torre_gemela_escribania.unknown_por_definir.8977,conn_canon_002278,SeshatSgin/torre-gemela-escribania,TORRE_GEMELA_ESCRIBANIA,10_UNIVERSOS/ESCRIBANIA/10_REPOS/02_ACTIVE/torre-gemela-escribania/00_CONTEXT/TGE_RETROSPECTIVE_SKILLS_RECIPES_TOOLS_AGENTS_DECISION_MATRIX_20260531.csv,L4,Unknown / POR_DEFINIR,Unknown / POR_DEFINIR,ESCRIBANIA,GATE_CONNECTION_SURFACE_CLASSIFICATION_REQUIRED,low,exclude_false_positive,connection_surface_unclassified
conn.torre_gemela_escribania.unknown_por_definir.8986,conn_canon_002284,SeshatSgin/torre-gemela-escribania,TORRE_GEMELA_ESCRIBANIA,10_UNIVERSOS/ESCRIBANIA/10_REPOS/02_ACTIVE/torre-gemela-escribania/00_CONTEXT/TGE_RETROSPECTIVE_SKILLS_RECIPES_TOOLS_AGENTS_MATRIX_20260531.csv,L9,Unknown / POR_DEFINIR,Unknown / POR_DEFINIR,ESCRIBANIA,GATE_CONNECTION_SURFACE_CLASSIFICATION_REQUIRED,low,exclude_false_positive,connection_surface_unclassified
conn.torre_gemela_escribania.unknown_por_definir.9005,conn_canon_002295,SeshatSgin/torre-gemela-escribania,TORRE_GEMELA_ESCRIBANIA,10_UNIVERSOS/ESCRIBANIA/10_REPOS/02_ACTIVE/torre-gemela-escribania/00_CONTEXT/TGE_SDU_CN_AGENT_ACTIVATION_MATRIX_20260531.csv,L3,Unknown / POR_DEFINIR,Unknown / POR_DEFINIR,ESCRIBANIA,GATE_CONNECTION_SURFACE_CLASSIFICATION_REQUIRED,low,exclude_false_positive,connection_surface_unclassified
conn.torre_gemela_escribania.unknown_por_definir.9007,conn_canon_002303,SeshatSgin/torre-gemela-escribania,TORRE_GEMELA_ESCRIBANIA,10_UNIVERSOS/ESCRIBANIA/10_REPOS/02_ACTIVE/torre-gemela-escribania/00_CONTEXT/TGE_SDU_CN_AGENT_ACTIVATION_PACKET_20260528.md,file_name,Unknown / POR_DEFINIR,Unknown / POR_DEFINIR,ESCRIBANIA,GATE_CONNECTION_SURFACE_CLASSIFICATION_REQUIRED,low,exclude_false_positive,connection_surface_unclassified
conn.torre_gemela_escribania.unknown_por_definir.9018,conn_canon_002309,SeshatSgin/torre-gemela-escribania,TORRE_GEMELA_ESCRIBANIA,10_UNIVERSOS/ESCRIBANIA/10_REPOS/02_ACTIVE/torre-gemela-escribania/00_CONTEXT/TGE_SDU_CN_COPILOT_SESHAT_NORMATIVA_EN_US_DRAFT_TEXT_ENRICHMENT_20260531.md,file_name,Unknown / POR_DEFINIR,Unknown / POR_DEFINIR,ESCRIBANIA,GATE_CONNECTION_SURFACE_CLASSIFICATION_REQUIRED,low,exclude_false_positive,connection_surface_unclassified
conn.torre_gemela_escribania.unknown_por_definir.9034,conn_canon_002316,SeshatSgin/torre-gemela-escribania,TORRE_GEMELA_ESCRIBANIA,10_UNIVERSOS/ESCRIBANIA/10_REPOS/02_ACTIVE/torre-gemela-escribania/00_CONTEXT/TGE_SDU_CN_COPILOT_SHELL_SESHAT_NORMATIVA_20260531.md,file_name,Unknown / POR_DEFINIR,Unknown / POR_DEFINIR,ESCRIBANIA,GATE_CONNECTION_SURFACE_CLASSIFICATION_REQUIRED,low,exclude_false_positive,connection_surface_unclassified
conn.torre_gemela_escribania.unknown_por_definir.9144,conn_canon_002352,SeshatSgin/torre-gemela-escribania,TORRE_GEMELA_ESCRIBANIA,10_UNIVERSOS/ESCRIBANIA/10_REPOS/02_ACTIVE/torre-gemela-escribania/00_CONTEXT/TGE_SKILL_RECIPE_CREATION_ROADMAP_20260527.csv,L6,Unknown / POR_DEFINIR,Unknown / POR_DEFINIR,ESCRIBANIA,GATE_CONNECTION_SURFACE_CLASSIFICATION_REQUIRED,low,exclude_false_positive,connection_surface_unclassified
conn.torre_gemela_escribania.unknown_por_definir.9175,conn_canon_002363,SeshatSgin/torre-gemela-escribania,TORRE_GEMELA_ESCRIBANIA,10_UNIVERSOS/ESCRIBANIA/10_REPOS/02_ACTIVE/torre-gemela-escribania/00_CONTEXT/TGE_SKILL_RECIPE_TOOL_PLUGIN_GAP_BACKLOG_20260527.md,L85,Unknown / POR_DEFINIR,Unknown / POR_DEFINIR,ESCRIBANIA,GATE_CONNECTION_SURFACE_CLASSIFICATION_REQUIRED,low,exclude_false_positive,connection_surface_unclassified
conn.torre_gemela_escribania.unknown_por_definir.9244,conn_canon_002394,SeshatSgin/torre-gemela-escribania,TORRE_GEMELA_ESCRIBANIA,10_UNIVERSOS/ESCRIBANIA/10_REPOS/02_ACTIVE/torre-gemela-escribania/00_CONTEXT/TGE_TCU_RUNTIME_POLICY_AND_AGENT_ADOPTION_REPORT_20260526.md,L85,Unknown / POR_DEFINIR,Unknown / POR_DEFINIR,ESCRIBANIA,GATE_CONNECTION_SURFACE_CLASSIFICATION_REQUIRED,low,exclude_false_positive,connection_surface_unclassified
conn.torre_gemela_escribania.unknown_por_definir.9257,conn_canon_002398,SeshatSgin/torre-gemela-escribania,TORRE_GEMELA_ESCRIBANIA,10_UNIVERSOS/ESCRIBANIA/10_REPOS/02_ACTIVE/torre-gemela-escribania/00_CONTEXT/TGE_TEAM_CAPABILITY_PROVISIONING_MATRIX_20260528.md,L56,Unknown / POR_DEFINIR,Unknown / POR_DEFINIR,ESCRIBANIA,GATE_CONNECTION_SURFACE_CLASSIFICATION_REQUIRED,low,exclude_false_positive,connection_surface_unclassified
conn.torre_gemela_escribania.unknown_por_definir.9449,conn_canon_002452,SeshatSgin/torre-gemela-escribania,TORRE_GEMELA_ESCRIBANIA,10_UNIVERSOS/ESCRIBANIA/10_REPOS/02_ACTIVE/torre-gemela-escribania/00_CONTEXT/TGE_VSCODE_INSIDERS_CODESPACE_EXECUTION_BOUNDARY_MATRIX_20260527.csv,file_name,Unknown / POR_DEFINIR,Unknown / POR_DEFINIR,ESCRIBANIA,GATE_CONNECTION_SURFACE_CLASSIFICATION_REQUIRED,low,exclude_false_positive,connection_surface_unclassified
conn.torre_gemela_escribania.unknown_por_definir.9534,conn_canon_002480,SeshatSgin/torre-gemela-escribania,TORRE_GEMELA_ESCRIBANIA,10_UNIVERSOS/ESCRIBANIA/10_REPOS/02_ACTIVE/torre-gemela-escribania/00_CONTEXT/TGE_WORK_SURFACES_RECTOR_INDEX_20260526.md,L27,Unknown / POR_DEFINIR,Unknown / POR_DEFINIR,ESCRIBANIA,GATE_CONNECTION_SURFACE_CLASSIFICATION_REQUIRED,low,exclude_false_positive,connection_surface_unclassified
conn.torre_gemela_escribania.unknown_por_definir.9493,conn_canon_002487,SeshatSgin/torre-gemela-escribania,TORRE_GEMELA_ESCRIBANIA,10_UNIVERSOS/ESCRIBANIA/10_REPOS/02_ACTIVE/torre-gemela-escribania/00_CONTEXT/TGE_WORKFLOW_OPERATING_CANON_20260528.md,L84,Unknown / POR_DEFINIR,Unknown / POR_DEFINIR,ESCRIBANIA,GATE_CONNECTION_SURFACE_CLASSIFICATION_REQUIRED,low,exclude_false_positive,connection_surface_unclassified
conn.torre_gemela_escribania.unknown_por_definir.9500,conn_canon_002492,SeshatSgin/torre-gemela-escribania,TORRE_GEMELA_ESCRIBANIA,10_UNIVERSOS/ESCRIBANIA/10_REPOS/02_ACTIVE/torre-gemela-escribania/00_CONTEXT/TGE_WORKTREE_CONSOLIDATION_20260528.md,L63,Unknown / POR_DEFINIR,Unknown / POR_DEFINIR,ESCRIBANIA,GATE_CONNECTION_SURFACE_CLASSIFICATION_REQUIRED,low,exclude_false_positive,connection_surface_unclassified
conn.torre_gemela_escribania.unknown_por_definir.9587,conn_canon_002511,SeshatSgin/torre-gemela-escribania,TORRE_GEMELA_ESCRIBANIA,10_UNIVERSOS/ESCRIBANIA/10_REPOS/02_ACTIVE/torre-gemela-escribania/00_CONTEXT/VSCODE_INSIDERS_MCP_CONNECTION_REGISTER.csv,file_name,Unknown / POR_DEFINIR,Unknown / POR_DEFINIR,ESCRIBANIA,GATE_CONNECTION_SURFACE_CLASSIFICATION_REQUIRED,low,exclude_false_positive,connection_surface_unclassified
conn.torre_gemela_escribania.unknown_por_definir.9625,conn_canon_002548,SeshatSgin/torre-gemela-escribania,TORRE_GEMELA_ESCRIBANIA,10_UNIVERSOS/ESCRIBANIA/10_REPOS/02_ACTIVE/torre-gemela-escribania/02_GOBIERNO/GATES.md,L18,Unknown / POR_DEFINIR,Unknown / POR_DEFINIR,ESCRIBANIA,GATE_CONNECTION_SURFACE_CLASSIFICATION_REQUIRED,low,exclude_false_positive,connection_surface_unclassified
conn.torre_gemela_escribania.unknown_por_definir.9747,conn_canon_002553,SeshatSgin/torre-gemela-escribania,TORRE_GEMELA_ESCRIBANIA,10_UNIVERSOS/ESCRIBANIA/10_REPOS/02_ACTIVE/torre-gemela-escribania/02_GOBIERNO/RUNBOOKS/00_INDEX.md,L17,Unknown / POR_DEFINIR,Unknown / POR_DEFINIR,ESCRIBANIA,GATE_CONNECTION_SURFACE_CLASSIFICATION_REQUIRED,low,exclude_false_positive,connection_surface_unclassified
conn.torre_gemela_escribania.unknown_por_definir.9755,conn_canon_002556,SeshatSgin/torre-gemela-escribania,TORRE_GEMELA_ESCRIBANIA,10_UNIVERSOS/ESCRIBANIA/10_REPOS/02_ACTIVE/torre-gemela-escribania/02_GOBIERNO/RUNBOOKS/05_MCP.md,file_name,Unknown / POR_DEFINIR,Unknown / POR_DEFINIR,ESCRIBANIA,GATE_CONNECTION_SURFACE_CLASSIFICATION_REQUIRED,low,exclude_false_positive,connection_surface_unclassified
conn.torre_gemela_escribania.unknown_por_definir.9794,conn_canon_002568,SeshatSgin/torre-gemela-escribania,TORRE_GEMELA_ESCRIBANIA,10_UNIVERSOS/ESCRIBANIA/10_REPOS/02_ACTIVE/torre-gemela-escribania/02_GOBIERNO/RUNBOOKS/10_POWER_PLATFORM_PAC.md,file_name,Unknown / POR_DEFINIR,Unknown / POR_DEFINIR,ESCRIBANIA,GATE_CONNECTION_SURFACE_CLASSIFICATION_REQUIRED,low,exclude_false_positive,connection_surface_unclassified
conn.torre_gemela_escribania.unknown_por_definir.9917,conn_canon_002600,SeshatSgin/torre-gemela-escribania,TORRE_GEMELA_ESCRIBANIA,10_UNIVERSOS/ESCRIBANIA/10_REPOS/02_ACTIVE/torre-gemela-escribania/05_POWER_PLATFORM/AGENTS.md,L1,Unknown / POR_DEFINIR,Unknown / POR_DEFINIR,ESCRIBANIA,GATE_CONNECTION_SURFACE_CLASSIFICATION_REQUIRED,low,exclude_false_positive,connection_surface_unclassified
conn.torre_gemela_escribania.unknown_por_definir.9921,conn_canon_002602,SeshatSgin/torre-gemela-escribania,TORRE_GEMELA_ESCRIBANIA,10_UNIVERSOS/ESCRIBANIA/10_REPOS/02_ACTIVE/torre-gemela-escribania/05_POWER_PLATFORM/POWER_PLATFORM_BOUNDARY.md,file_name,Unknown / POR_DEFINIR,Unknown / POR_DEFINIR,ESCRIBANIA,GATE_CONNECTION_SURFACE_CLASSIFICATION_REQUIRED,low,exclude_false_positive,connection_surface_unclassified
conn.torre_gemela_escribania.unknown_por_definir.9924,conn_canon_002606,SeshatSgin/torre-gemela-escribania,TORRE_GEMELA_ESCRIBANIA,10_UNIVERSOS/ESCRIBANIA/10_REPOS/02_ACTIVE/torre-gemela-escribania/05_POWER_PLATFORM/SDU_CN_POWER_PLATFORM_LIVE_BLUEPRINT.md,file_name,Unknown / POR_DEFINIR,Unknown / POR_DEFINIR,ESCRIBANIA,GATE_CONNECTION_SURFACE_CLASSIFICATION_REQUIRED,low,exclude_false_positive,connection_surface_unclassified
conn.torre_gemela_escribania.unknown_por_definir.9967,conn_canon_002616,SeshatSgin/torre-gemela-escribania,TORRE_GEMELA_ESCRIBANIA,10_UNIVERSOS/ESCRIBANIA/10_REPOS/02_ACTIVE/torre-gemela-escribania/06_AGENTES/cdf_staff/CDF_GATE68_TGE_STAFF_BLOCKER_TAXONOMY_20260527.csv,L4,Unknown / POR_DEFINIR,Unknown / POR_DEFINIR,ESCRIBANIA,GATE_CONNECTION_SURFACE_CLASSIFICATION_REQUIRED,low,exclude_false_positive,connection_surface_unclassified
conn.torre_gemela_escribania.unknown_por_definir.9973,conn_canon_002621,SeshatSgin/torre-gemela-escribania,TORRE_GEMELA_ESCRIBANIA,10_UNIVERSOS/ESCRIBANIA/10_REPOS/02_ACTIVE/torre-gemela-escribania/06_AGENTES/cdf_staff/CDF_GATE68_TGE_STAFF_POSTCHECK_FIELD_MATRIX_20260527.csv,L5,Unknown / POR_DEFINIR,Unknown / POR_DEFINIR,ESCRIBANIA,GATE_CONNECTION_SURFACE_CLASSIFICATION_REQUIRED,low,exclude_false_positive,connection_surface_unclassified
conn.torre_gemela_escribania.unknown_por_definir.10002,conn_canon_002625,SeshatSgin/torre-gemela-escribania,TORRE_GEMELA_ESCRIBANIA,10_UNIVERSOS/ESCRIBANIA/10_REPOS/02_ACTIVE/torre-gemela-escribania/06_AGENTES/cdf_staff/CDF_GATE68_TGE_STAFF_PREPARATION_PLAN_20260527.md,L59,Unknown / POR_DEFINIR,Unknown / POR_DEFINIR,ESCRIBANIA,GATE_CONNECTION_SURFACE_CLASSIFICATION_REQUIRED,low,exclude_false_positive,connection_surface_unclassified
conn.torre_gemela_escribania.unknown_por_definir.10041,conn_canon_002648,SeshatSgin/torre-gemela-escribania,TORRE_GEMELA_ESCRIBANIA,10_UNIVERSOS/ESCRIBANIA/10_REPOS/02_ACTIVE/torre-gemela-escribania/06_AGENTES/cdf_staff/CDF_STAFF_ORDER_DECK.json,L55,Unknown / POR_DEFINIR,Unknown / POR_DEFINIR,ESCRIBANIA,GATE_CONNECTION_SURFACE_CLASSIFICATION_REQUIRED,low,exclude_false_positive,connection_surface_unclassified
conn.torre_gemela_escribania.unknown_por_definir.10054,conn_canon_002653,SeshatSgin/torre-gemela-escribania,TORRE_GEMELA_ESCRIBANIA,10_UNIVERSOS/ESCRIBANIA/10_REPOS/02_ACTIVE/torre-gemela-escribania/06_AGENTES/cdf_staff/CDF_STAFF_REPO_ONLY_ACTIVATION_20260527.md,L62,Unknown / POR_DEFINIR,Unknown / POR_DEFINIR,ESCRIBANIA,GATE_CONNECTION_SURFACE_CLASSIFICATION_REQUIRED,low,exclude_false_positive,connection_surface_unclassified
conn.torre_gemela_escribania.unknown_por_definir.10067,conn_canon_002659,SeshatSgin/torre-gemela-escribania,TORRE_GEMELA_ESCRIBANIA,10_UNIVERSOS/ESCRIBANIA/10_REPOS/02_ACTIVE/torre-gemela-escribania/06_AGENTES/cdf_staff/CDF_STAFF_TO_SDU_CN_HANDOFF_MATRIX.csv,L8,Unknown / POR_DEFINIR,Unknown / POR_DEFINIR,ESCRIBANIA,GATE_CONNECTION_SURFACE_CLASSIFICATION_REQUIRED,low,exclude_false_positive,connection_surface_unclassified
conn.torre_gemela_escribania.unknown_por_definir.10093,conn_canon_002667,SeshatSgin/torre-gemela-escribania,TORRE_GEMELA_ESCRIBANIA,10_UNIVERSOS/ESCRIBANIA/10_REPOS/02_ACTIVE/torre-gemela-escribania/06_AGENTES/cdf_staff/imported_cabina_references/cdf_repo/00_CONTEXT/CDF_TGE_CAPABILITY_ADOPTION_REVIEW.csv,L16,Unknown / POR_DEFINIR,Unknown / POR_DEFINIR,ESCRIBANIA,GATE_CONNECTION_SURFACE_CLASSIFICATION_REQUIRED,low,exclude_false_positive,connection_surface_unclassified
conn.torre_gemela_escribania.unknown_por_definir.10456,conn_canon_002723,SeshatSgin/torre-gemela-escribania,TORRE_GEMELA_ESCRIBANIA,10_UNIVERSOS/ESCRIBANIA/10_REPOS/02_ACTIVE/torre-gemela-escribania/06_AGENTES/cdf_staff/imported_cabina_references/cdf_repo/CHAT_CONTEXT.md,L115,Unknown / POR_DEFINIR,Unknown / POR_DEFINIR,ESCRIBANIA,GATE_CONNECTION_SURFACE_CLASSIFICATION_REQUIRED,low,exclude_false_positive,connection_surface_unclassified
conn.torre_gemela_escribania.unknown_por_definir.10480,conn_canon_002728,SeshatSgin/torre-gemela-escribania,TORRE_GEMELA_ESCRIBANIA,10_UNIVERSOS/ESCRIBANIA/10_REPOS/02_ACTIVE/torre-gemela-escribania/06_AGENTES/cdf_staff/imported_cabina_references/cdf_repo/README.md,L169,Unknown / POR_DEFINIR,Unknown / POR_DEFINIR,ESCRIBANIA,GATE_CONNECTION_SURFACE_CLASSIFICATION_REQUIRED,low,exclude_false_positive,connection_surface_unclassified
conn.torre_gemela_escribania.unknown_por_definir.10600,conn_canon_002791,SeshatSgin/torre-gemela-escribania,TORRE_GEMELA_ESCRIBANIA,10_UNIVERSOS/ESCRIBANIA/10_REPOS/02_ACTIVE/torre-gemela-escribania/06_AGENTES/cdf_staff/imported_cabina_references/tcu_control_plane/registry/agents.yaml,L49,Unknown / POR_DEFINIR,Unknown / POR_DEFINIR,ESCRIBANIA,GATE_CONNECTION_SURFACE_CLASSIFICATION_REQUIRED,low,exclude_false_positive,connection_surface_unclassified
conn.torre_gemela_escribania.unknown_por_definir.10781,conn_canon_002870,SeshatSgin/torre-gemela-escribania,TORRE_GEMELA_ESCRIBANIA,10_UNIVERSOS/ESCRIBANIA/10_REPOS/02_ACTIVE/torre-gemela-escribania/06_AGENTES/papeles_de_trabajo/agente_inventario/outbox/SGSD_TC_LIST_RECORDS_SANITIZED_EXPORT_20260527.csv,L93,Unknown / POR_DEFINIR,Unknown / POR_DEFINIR,ESCRIBANIA,GATE_CONNECTION_SURFACE_CLASSIFICATION_REQUIRED,low,exclude_false_positive,connection_surface_unclassified
conn.torre_gemela_escribania.unknown_por_definir.10783,conn_canon_002871,SeshatSgin/torre-gemela-escribania,TORRE_GEMELA_ESCRIBANIA,10_UNIVERSOS/ESCRIBANIA/10_REPOS/02_ACTIVE/torre-gemela-escribania/06_AGENTES/papeles_de_trabajo/agente_inventario/outbox/SGSD_TC_LIST_RECORDS_SANITIZED_EXPORT_20260527.csv,L96,Unknown / POR_DEFINIR,Unknown / POR_DEFINIR,ESCRIBANIA,GATE_CONNECTION_SURFACE_CLASSIFICATION_REQUIRED,high,exclude_false_positive,connection_surface_unclassified
conn.torre_gemela_escribania.unknown_por_definir.10869,conn_canon_002903,SeshatSgin/torre-gemela-escribania,TORRE_GEMELA_ESCRIBANIA,10_UNIVERSOS/ESCRIBANIA/10_REPOS/02_ACTIVE/torre-gemela-escribania/06_AGENTES/papeles_de_trabajo/prompt_router/orders/TGE_POWER_PLATFORM_LANE_PREP_ORDER_20260528.md,file_name,Unknown / POR_DEFINIR,Unknown / POR_DEFINIR,ESCRIBANIA,GATE_CONNECTION_SURFACE_CLASSIFICATION_REQUIRED,low,exclude_false_positive,connection_surface_unclassified
conn.torre_gemela_escribania.unknown_por_definir.10908,conn_canon_002912,SeshatSgin/torre-gemela-escribania,TORRE_GEMELA_ESCRIBANIA,10_UNIVERSOS/ESCRIBANIA/10_REPOS/02_ACTIVE/torre-gemela-escribania/06_AGENTES/papeles_de_trabajo/prompt_router/outbox/TGE_COURT_ORDER_ADAPTER_PROMPT_PACK_20260601.md,file_name,Unknown / POR_DEFINIR,Unknown / POR_DEFINIR,ESCRIBANIA,GATE_CONNECTION_SURFACE_CLASSIFICATION_REQUIRED,low,exclude_false_positive,connection_surface_unclassified
conn.torre_gemela_escribania.unknown_por_definir.10933,conn_canon_002930,SeshatSgin/torre-gemela-escribania,TORRE_GEMELA_ESCRIBANIA,10_UNIVERSOS/ESCRIBANIA/10_REPOS/02_ACTIVE/torre-gemela-escribania/06_AGENTES/remote/remote_agent_manifest.json,L17,Unknown / POR_DEFINIR,Unknown / POR_DEFINIR,ESCRIBANIA,GATE_CONNECTION_SURFACE_CLASSIFICATION_REQUIRED,low,exclude_false_positive,connection_surface_unclassified
conn.torre_gemela_escribania.unknown_por_definir.10940,conn_canon_002936,SeshatSgin/torre-gemela-escribania,TORRE_GEMELA_ESCRIBANIA,10_UNIVERSOS/ESCRIBANIA/10_REPOS/02_ACTIVE/torre-gemela-escribania/06_AGENTES/runtime_parallel/TGE_RUNTIME_PARALLEL_AGENT_PROVISIONING_20260531.md,L21,Unknown / POR_DEFINIR,Unknown / POR_DEFINIR,ESCRIBANIA,GATE_CONNECTION_SURFACE_CLASSIFICATION_REQUIRED,low,exclude_false_positive,connection_surface_unclassified
conn.torre_gemela_escribania.unknown_por_definir.10963,conn_canon_002952,SeshatSgin/torre-gemela-escribania,TORRE_GEMELA_ESCRIBANIA,10_UNIVERSOS/ESCRIBANIA/10_REPOS/02_ACTIVE/torre-gemela-escribania/06_AGENTES/sdk/run_local_simulation.py,L65,Unknown / POR_DEFINIR,Unknown / POR_DEFINIR,ESCRIBANIA,GATE_CONNECTION_SURFACE_CLASSIFICATION_REQUIRED,low,exclude_false_positive,connection_surface_unclassified
conn.torre_gemela_escribania.unknown_por_definir.10968,conn_canon_002957,SeshatSgin/torre-gemela-escribania,TORRE_GEMELA_ESCRIBANIA,10_UNIVERSOS/ESCRIBANIA/10_REPOS/02_ACTIVE/torre-gemela-escribania/06_AGENTES/sdk/tests/test_agent_layer.py,L26,Unknown / POR_DEFINIR,Unknown / POR_DEFINIR,ESCRIBANIA,GATE_CONNECTION_SURFACE_CLASSIFICATION_REQUIRED,low,exclude_false_positive,connection_surface_unclassified
conn.torre_gemela_escribania.unknown_por_definir.11008,conn_canon_002971,SeshatSgin/torre-gemela-escribania,TORRE_GEMELA_ESCRIBANIA,10_UNIVERSOS/ESCRIBANIA/10_REPOS/02_ACTIVE/torre-gemela-escribania/06_AGENTES/sdk/tge_agents/models.py,L130,Unknown / POR_DEFINIR,Unknown / POR_DEFINIR,ESCRIBANIA,GATE_CONNECTION_SURFACE_CLASSIFICATION_REQUIRED,low,exclude_false_positive,connection_surface_unclassified
conn.torre_gemela_escribania.unknown_por_definir.11027,conn_canon_002984,SeshatSgin/torre-gemela-escribania,TORRE_GEMELA_ESCRIBANIA,10_UNIVERSOS/ESCRIBANIA/10_REPOS/02_ACTIVE/torre-gemela-escribania/06_AGENTES/sdk/tge_agents/triage_staging.py,L292,Unknown / POR_DEFINIR,Unknown / POR_DEFINIR,ESCRIBANIA,GATE_CONNECTION_SURFACE_CLASSIFICATION_REQUIRED,low,exclude_false_positive,connection_surface_unclassified
conn.torre_gemela_escribania.unknown_por_definir.11067,conn_canon_003022,SeshatSgin/torre-gemela-escribania,TORRE_GEMELA_ESCRIBANIA,10_UNIVERSOS/ESCRIBANIA/10_REPOS/02_ACTIVE/torre-gemela-escribania/06_SKILLS_RECETAS_PLUGINS/RECIPES.md,L36,Unknown / POR_DEFINIR,Unknown / POR_DEFINIR,ESCRIBANIA,GATE_CONNECTION_SURFACE_CLASSIFICATION_REQUIRED,low,exclude_false_positive,connection_surface_unclassified
conn.torre_gemela_escribania.unknown_por_definir.11168,conn_canon_003035,SeshatSgin/torre-gemela-escribania,TORRE_GEMELA_ESCRIBANIA,10_UNIVERSOS/ESCRIBANIA/10_REPOS/02_ACTIVE/torre-gemela-escribania/06_SKILLS_RECETAS_PLUGINS/recipes/recipe_tge_codex_desktop_deep_forensic_readback/README.md,L46,Unknown / POR_DEFINIR,Unknown / POR_DEFINIR,ESCRIBANIA,GATE_CONNECTION_SURFACE_CLASSIFICATION_REQUIRED,low,exclude_false_positive,connection_surface_unclassified
conn.torre_gemela_escribania.unknown_por_definir.11210,conn_canon_003059,SeshatSgin/torre-gemela-escribania,TORRE_GEMELA_ESCRIBANIA,10_UNIVERSOS/ESCRIBANIA/10_REPOS/02_ACTIVE/torre-gemela-escribania/06_SKILLS_RECETAS_PLUGINS/recipes/recipe_tge_microsoft_mcp_plugin_preflight/README.md,L1,Unknown / POR_DEFINIR,Unknown / POR_DEFINIR,ESCRIBANIA,GATE_CONNECTION_SURFACE_CLASSIFICATION_REQUIRED,low,exclude_false_positive,connection_surface_unclassified
conn.torre_gemela_escribania.unknown_por_definir.11085,conn_canon_003089,SeshatSgin/torre-gemela-escribania,TORRE_GEMELA_ESCRIBANIA,10_UNIVERSOS/ESCRIBANIA/10_REPOS/02_ACTIVE/torre-gemela-escribania/06_SKILLS_RECETAS_PLUGINS/RESOURCE_REGISTRY.md,L136,Unknown / POR_DEFINIR,Unknown / POR_DEFINIR,ESCRIBANIA,GATE_CONNECTION_SURFACE_CLASSIFICATION_REQUIRED,low,exclude_false_positive,connection_surface_unclassified
conn.torre_gemela_escribania.unknown_por_definir.11376,conn_canon_003130,SeshatSgin/torre-gemela-escribania,TORRE_GEMELA_ESCRIBANIA,10_UNIVERSOS/ESCRIBANIA/10_REPOS/02_ACTIVE/torre-gemela-escribania/06_SKILLS_RECETAS_PLUGINS/skills/skill_tge_plugin_tool_registry_guard/README.md,L42,Unknown / POR_DEFINIR,Unknown / POR_DEFINIR,ESCRIBANIA,GATE_CONNECTION_SURFACE_CLASSIFICATION_REQUIRED,low,exclude_false_positive,connection_surface_unclassified
conn.torre_gemela_escribania.unknown_por_definir.11422,conn_canon_003157,SeshatSgin/torre-gemela-escribania,TORRE_GEMELA_ESCRIBANIA,10_UNIVERSOS/ESCRIBANIA/10_REPOS/02_ACTIVE/torre-gemela-escribania/06_SKILLS_RECETAS_PLUGINS/transfer_from_tcu/05AO_TCU_TGE_BIDIRECTIONAL_RETROSPECTIVE/00_PACKAGE_INDEX.md,file_name,Unknown / POR_DEFINIR,Unknown / POR_DEFINIR,ESCRIBANIA,GATE_CONNECTION_SURFACE_CLASSIFICATION_REQUIRED,low,exclude_false_positive,connection_surface_unclassified
conn.torre_gemela_escribania.unknown_por_definir.12744,conn_canon_003179,SeshatSgin/torre-gemela-escribania,TORRE_GEMELA_ESCRIBANIA,10_UNIVERSOS/ESCRIBANIA/10_REPOS/02_ACTIVE/torre-gemela-escribania/07_EVIDENCIA/a365_admin_tools_mcp_probe_20260530/ToolingManifest.json,L2,Unknown / POR_DEFINIR,Unknown / POR_DEFINIR,ESCRIBANIA,GATE_CONNECTION_SURFACE_CLASSIFICATION_REQUIRED,low,exclude_false_positive,connection_surface_unclassified
conn.torre_gemela_escribania.unknown_por_definir.12747,conn_canon_003180,SeshatSgin/torre-gemela-escribania,TORRE_GEMELA_ESCRIBANIA,10_UNIVERSOS/ESCRIBANIA/10_REPOS/02_ACTIVE/torre-gemela-escribania/07_EVIDENCIA/a365_calendar_workiq_mcp_probe_20260530/ToolingManifest.json,L2,Unknown / POR_DEFINIR,Unknown / POR_DEFINIR,ESCRIBANIA,GATE_CONNECTION_SURFACE_CLASSIFICATION_REQUIRED,low,exclude_false_positive,connection_surface_unclassified
conn.torre_gemela_escribania.unknown_por_definir.12750,conn_canon_003181,SeshatSgin/torre-gemela-escribania,TORRE_GEMELA_ESCRIBANIA,10_UNIVERSOS/ESCRIBANIA/10_REPOS/02_ACTIVE/torre-gemela-escribania/07_EVIDENCIA/a365_calendar_workiq_mcp_probe_20260530/ToolingManifest.json,L6,Unknown / POR_DEFINIR,Unknown / POR_DEFINIR,ESCRIBANIA,GATE_CONNECTION_SURFACE_CLASSIFICATION_REQUIRED,low,exclude_false_positive,connection_surface_unclassified
conn.torre_gemela_escribania.unknown_por_definir.12751,conn_canon_003183,SeshatSgin/torre-gemela-escribania,TORRE_GEMELA_ESCRIBANIA,10_UNIVERSOS/ESCRIBANIA/10_REPOS/02_ACTIVE/torre-gemela-escribania/07_EVIDENCIA/a365_odsp_remote_mcp_probe_20260530/ToolingManifest.json,L2,Unknown / POR_DEFINIR,Unknown / POR_DEFINIR,ESCRIBANIA,GATE_CONNECTION_SURFACE_CLASSIFICATION_REQUIRED,low,exclude_false_positive,connection_surface_unclassified
conn.torre_gemela_escribania.unknown_por_definir.12754,conn_canon_003184,SeshatSgin/torre-gemela-escribania,TORRE_GEMELA_ESCRIBANIA,10_UNIVERSOS/ESCRIBANIA/10_REPOS/02_ACTIVE/torre-gemela-escribania/07_EVIDENCIA/a365_odsp_remote_mcp_probe_20260530/ToolingManifest.json,L6,Unknown / POR_DEFINIR,Unknown / POR_DEFINIR,ESCRIBANIA,GATE_CONNECTION_SURFACE_CLASSIFICATION_REQUIRED,low,exclude_false_positive,connection_surface_unclassified
conn.torre_gemela_escribania.unknown_por_definir.12756,conn_canon_003185,SeshatSgin/torre-gemela-escribania,TORRE_GEMELA_ESCRIBANIA,10_UNIVERSOS/ESCRIBANIA/10_REPOS/02_ACTIVE/torre-gemela-escribania/07_EVIDENCIA/a365_onedrive_workiq_mcp_probe_20260530/ToolingManifest.json,L2,Unknown / POR_DEFINIR,Unknown / POR_DEFINIR,ESCRIBANIA,GATE_CONNECTION_SURFACE_CLASSIFICATION_REQUIRED,low,exclude_false_positive,connection_surface_unclassified
conn.torre_gemela_escribania.unknown_por_definir.12759,conn_canon_003186,SeshatSgin/torre-gemela-escribania,TORRE_GEMELA_ESCRIBANIA,10_UNIVERSOS/ESCRIBANIA/10_REPOS/02_ACTIVE/torre-gemela-escribania/07_EVIDENCIA/a365_onedrive_workiq_mcp_probe_20260530/ToolingManifest.json,L6,Unknown / POR_DEFINIR,Unknown / POR_DEFINIR,ESCRIBANIA,GATE_CONNECTION_SURFACE_CLASSIFICATION_REQUIRED,low,exclude_false_positive,connection_surface_unclassified
conn.torre_gemela_escribania.unknown_por_definir.11469,conn_canon_003198,SeshatSgin/torre-gemela-escribania,TORRE_GEMELA_ESCRIBANIA,10_UNIVERSOS/ESCRIBANIA/10_REPOS/02_ACTIVE/torre-gemela-escribania/07_EVIDENCIA/EVIDENCE_INDEX.csv,L18,Unknown / POR_DEFINIR,Unknown / POR_DEFINIR,ESCRIBANIA,GATE_CONNECTION_SURFACE_CLASSIFICATION_REQUIRED,low,exclude_false_positive,connection_surface_unclassified
conn.torre_gemela_escribania.unknown_por_definir.11509,conn_canon_003215,SeshatSgin/torre-gemela-escribania,TORRE_GEMELA_ESCRIBANIA,10_UNIVERSOS/ESCRIBANIA/10_REPOS/02_ACTIVE/torre-gemela-escribania/07_EVIDENCIA/GATE_SGSD_TC_AGENT_LINKED_CORPUS_SEMANTIC_AUDIT_20260527.json,L41,Unknown / POR_DEFINIR,Unknown / POR_DEFINIR,ESCRIBANIA,GATE_CONNECTION_SURFACE_CLASSIFICATION_REQUIRED,low,exclude_false_positive,connection_surface_unclassified
conn.torre_gemela_escribania.unknown_por_definir.11532,conn_canon_003225,SeshatSgin/torre-gemela-escribania,TORRE_GEMELA_ESCRIBANIA,10_UNIVERSOS/ESCRIBANIA/10_REPOS/02_ACTIVE/torre-gemela-escribania/07_EVIDENCIA/GATE_SGSD_TC_LIST_RECORDS_LIVE_READONLY_EXPORT_SANITIZED_20260527.json,L46,Unknown / POR_DEFINIR,Unknown / POR_DEFINIR,ESCRIBANIA,GATE_CONNECTION_SURFACE_CLASSIFICATION_REQUIRED,low,exclude_false_positive,connection_surface_unclassified
conn.torre_gemela_escribania.unknown_por_definir.11536,conn_canon_003229,SeshatSgin/torre-gemela-escribania,TORRE_GEMELA_ESCRIBANIA,10_UNIVERSOS/ESCRIBANIA/10_REPOS/02_ACTIVE/torre-gemela-escribania/07_EVIDENCIA/GATE_SGSD_TC_LIST_RECORDS_RECONCILIATION_FROM_SANITIZED_EXPORT_20260527.json,L40,Unknown / POR_DEFINIR,Unknown / POR_DEFINIR,ESCRIBANIA,GATE_CONNECTION_SURFACE_CLASSIFICATION_REQUIRED,low,exclude_false_positive,connection_surface_unclassified
conn.torre_gemela_escribania.unknown_por_definir.11543,conn_canon_003236,SeshatSgin/torre-gemela-escribania,TORRE_GEMELA_ESCRIBANIA,10_UNIVERSOS/ESCRIBANIA/10_REPOS/02_ACTIVE/torre-gemela-escribania/07_EVIDENCIA/GATE_SGSD_TC_LIVE_READONLY_PREFLIGHT_20260526.json,L48,Unknown / POR_DEFINIR,Unknown / POR_DEFINIR,ESCRIBANIA,GATE_CONNECTION_SURFACE_CLASSIFICATION_REQUIRED,low,exclude_false_positive,connection_surface_unclassified
conn.torre_gemela_escribania.unknown_por_definir.11625,conn_canon_003248,SeshatSgin/torre-gemela-escribania,TORRE_GEMELA_ESCRIBANIA,10_UNIVERSOS/ESCRIBANIA/10_REPOS/02_ACTIVE/torre-gemela-escribania/07_EVIDENCIA/GATE_TGE_02A_MCP_CONNECTION_TESTS.json,file_name,Unknown / POR_DEFINIR,Unknown / POR_DEFINIR,ESCRIBANIA,GATE_CONNECTION_SURFACE_CLASSIFICATION_REQUIRED,low,exclude_false_positive,connection_surface_unclassified
conn.torre_gemela_escribania.unknown_por_definir.11686,conn_canon_003265,SeshatSgin/torre-gemela-escribania,TORRE_GEMELA_ESCRIBANIA,10_UNIVERSOS/ESCRIBANIA/10_REPOS/02_ACTIVE/torre-gemela-escribania/07_EVIDENCIA/GATE_TGE_02D_CONTROLLED_RUNTIME_ACTIVATION.json,L10,Unknown / POR_DEFINIR,Unknown / POR_DEFINIR,ESCRIBANIA,GATE_CONNECTION_SURFACE_CLASSIFICATION_REQUIRED,low,exclude_false_positive,connection_surface_unclassified
conn.torre_gemela_escribania.unknown_por_definir.11784,conn_canon_003289,SeshatSgin/torre-gemela-escribania,TORRE_GEMELA_ESCRIBANIA,10_UNIVERSOS/ESCRIBANIA/10_REPOS/02_ACTIVE/torre-gemela-escribania/07_EVIDENCIA/GATE_TGE_02N_02O_FULL_CIRCUIT_LIVE_OPERATION_SANITIZED_RESULT.json,L15,Unknown / POR_DEFINIR,Unknown / POR_DEFINIR,ESCRIBANIA,GATE_CONNECTION_SURFACE_CLASSIFICATION_REQUIRED,low,exclude_false_positive,connection_surface_unclassified
conn.torre_gemela_escribania.unknown_por_definir.11805,conn_canon_003297,SeshatSgin/torre-gemela-escribania,TORRE_GEMELA_ESCRIBANIA,10_UNIVERSOS/ESCRIBANIA/10_REPOS/02_ACTIVE/torre-gemela-escribania/07_EVIDENCIA/GATE_TGE_02N_SINGLE_CARD_CIRCUIT_TEST_RESULT.json,L15,Unknown / POR_DEFINIR,Unknown / POR_DEFINIR,ESCRIBANIA,GATE_CONNECTION_SURFACE_CLASSIFICATION_REQUIRED,low,exclude_false_positive,connection_surface_unclassified
conn.torre_gemela_escribania.unknown_por_definir.11818,conn_canon_003301,SeshatSgin/torre-gemela-escribania,TORRE_GEMELA_ESCRIBANIA,10_UNIVERSOS/ESCRIBANIA/10_REPOS/02_ACTIVE/torre-gemela-escribania/07_EVIDENCIA/GATE_TGE_02P_REAL_CASES_OPERATION_SANITIZED_RESULT.json,L116,Unknown / POR_DEFINIR,Unknown / POR_DEFINIR,ESCRIBANIA,GATE_CONNECTION_SURFACE_CLASSIFICATION_REQUIRED,low,exclude_false_positive,connection_surface_unclassified
conn.torre_gemela_escribania.unknown_por_definir.11824,conn_canon_003304,SeshatSgin/torre-gemela-escribania,TORRE_GEMELA_ESCRIBANIA,10_UNIVERSOS/ESCRIBANIA/10_REPOS/02_ACTIVE/torre-gemela-escribania/07_EVIDENCIA/GATE_TGE_02P_REAL_CASES_SECURITY_SCAN.json,L25,Unknown / POR_DEFINIR,Unknown / POR_DEFINIR,ESCRIBANIA,GATE_CONNECTION_SURFACE_CLASSIFICATION_REQUIRED,low,exclude_false_positive,connection_surface_unclassified
conn.torre_gemela_escribania.unknown_por_definir.11832,conn_canon_003311,SeshatSgin/torre-gemela-escribania,TORRE_GEMELA_ESCRIBANIA,10_UNIVERSOS/ESCRIBANIA/10_REPOS/02_ACTIVE/torre-gemela-escribania/07_EVIDENCIA/GATE_TGE_03A_AGENT_LAYER_DIRECTED_CASE_RESULT_20260529.json,L14,Unknown / POR_DEFINIR,Unknown / POR_DEFINIR,ESCRIBANIA,GATE_CONNECTION_SURFACE_CLASSIFICATION_REQUIRED,low,exclude_false_positive,connection_surface_unclassified
conn.torre_gemela_escribania.unknown_por_definir.11867,conn_canon_003315,SeshatSgin/torre-gemela-escribania,TORRE_GEMELA_ESCRIBANIA,10_UNIVERSOS/ESCRIBANIA/10_REPOS/02_ACTIVE/torre-gemela-escribania/07_EVIDENCIA/GATE_TGE_03A_AGENT_LAYER_LOCAL_SIMULATION_RESULT.json,L1131,Unknown / POR_DEFINIR,Unknown / POR_DEFINIR,ESCRIBANIA,GATE_CONNECTION_SURFACE_CLASSIFICATION_REQUIRED,low,exclude_false_positive,connection_surface_unclassified
conn.torre_gemela_escribania.unknown_por_definir.11899,conn_canon_003319,SeshatSgin/torre-gemela-escribania,TORRE_GEMELA_ESCRIBANIA,10_UNIVERSOS/ESCRIBANIA/10_REPOS/02_ACTIVE/torre-gemela-escribania/07_EVIDENCIA/GATE_TGE_03A_AGENT_SDK_STAGING_RESULT.json,L1131,Unknown / POR_DEFINIR,Unknown / POR_DEFINIR,ESCRIBANIA,GATE_CONNECTION_SURFACE_CLASSIFICATION_REQUIRED,low,exclude_false_positive,connection_surface_unclassified
conn.torre_gemela_escribania.unknown_por_definir.11907,conn_canon_003323,SeshatSgin/torre-gemela-escribania,TORRE_GEMELA_ESCRIBANIA,10_UNIVERSOS/ESCRIBANIA/10_REPOS/02_ACTIVE/torre-gemela-escribania/07_EVIDENCIA/GATE_TGE_03B_AGENT_SDK_REAL_CASE_TRIAGE_STAGING_RESULT.json,L163,Unknown / POR_DEFINIR,Unknown / POR_DEFINIR,ESCRIBANIA,GATE_CONNECTION_SURFACE_CLASSIFICATION_REQUIRED,low,exclude_false_positive,connection_surface_unclassified
conn.torre_gemela_escribania.unknown_por_definir.11914,conn_canon_003327,SeshatSgin/torre-gemela-escribania,TORRE_GEMELA_ESCRIBANIA,10_UNIVERSOS/ESCRIBANIA/10_REPOS/02_ACTIVE/torre-gemela-escribania/07_EVIDENCIA/GATE_TGE_03C_AGENT_UPDATE_PROPOSALS_RESULT.json,L21,Unknown / POR_DEFINIR,Unknown / POR_DEFINIR,ESCRIBANIA,GATE_CONNECTION_SURFACE_CLASSIFICATION_REQUIRED,low,exclude_false_positive,connection_surface_unclassified
conn.torre_gemela_escribania.unknown_por_definir.11926,conn_canon_003330,SeshatSgin/torre-gemela-escribania,TORRE_GEMELA_ESCRIBANIA,10_UNIVERSOS/ESCRIBANIA/10_REPOS/02_ACTIVE/torre-gemela-escribania/07_EVIDENCIA/GATE_TGE_03C_AGENT_UPDATE_PROPOSALS_SECURITY_SCAN.json,L19,Unknown / POR_DEFINIR,Unknown / POR_DEFINIR,ESCRIBANIA,GATE_CONNECTION_SURFACE_CLASSIFICATION_REQUIRED,low,exclude_false_positive,connection_surface_unclassified
conn.torre_gemela_escribania.unknown_por_definir.11930,conn_canon_003333,SeshatSgin/torre-gemela-escribania,TORRE_GEMELA_ESCRIBANIA,10_UNIVERSOS/ESCRIBANIA/10_REPOS/02_ACTIVE/torre-gemela-escribania/07_EVIDENCIA/GATE_TGE_03D_APPROVAL_MATRIX_COMPLETION_RESULT.json,L22,Unknown / POR_DEFINIR,Unknown / POR_DEFINIR,ESCRIBANIA,GATE_CONNECTION_SURFACE_CLASSIFICATION_REQUIRED,low,exclude_false_positive,connection_surface_unclassified
conn.torre_gemela_escribania.unknown_por_definir.11948,conn_canon_003341,SeshatSgin/torre-gemela-escribania,TORRE_GEMELA_ESCRIBANIA,10_UNIVERSOS/ESCRIBANIA/10_REPOS/02_ACTIVE/torre-gemela-escribania/07_EVIDENCIA/GATE_TGE_03E_AGENT_REPORTING_SECURITY_SCAN.json,L11,Unknown / POR_DEFINIR,Unknown / POR_DEFINIR,ESCRIBANIA,GATE_CONNECTION_SURFACE_CLASSIFICATION_REQUIRED,low,exclude_false_positive,connection_surface_unclassified
conn.torre_gemela_escribania.unknown_por_definir.11955,conn_canon_003345,SeshatSgin/torre-gemela-escribania,TORRE_GEMELA_ESCRIBANIA,10_UNIVERSOS/ESCRIBANIA/10_REPOS/02_ACTIVE/torre-gemela-escribania/07_EVIDENCIA/GATE_TGE_03E_DAILY_OPERATION_REPORT_SANITIZED_RESULT.json,L14,Unknown / POR_DEFINIR,Unknown / POR_DEFINIR,ESCRIBANIA,GATE_CONNECTION_SURFACE_CLASSIFICATION_REQUIRED,low,exclude_false_positive,connection_surface_unclassified
conn.torre_gemela_escribania.unknown_por_definir.11959,conn_canon_003351,SeshatSgin/torre-gemela-escribania,TORRE_GEMELA_ESCRIBANIA,10_UNIVERSOS/ESCRIBANIA/10_REPOS/02_ACTIVE/torre-gemela-escribania/07_EVIDENCIA/GATE_TGE_04M_CONTROLLED_ACTIVATION.json,L7,Unknown / POR_DEFINIR,Unknown / POR_DEFINIR,ESCRIBANIA,GATE_CONNECTION_SURFACE_CLASSIFICATION_REQUIRED,low,exclude_false_positive,connection_surface_unclassified
conn.torre_gemela_escribania.unknown_por_definir.11973,conn_canon_003357,SeshatSgin/torre-gemela-escribania,TORRE_GEMELA_ESCRIBANIA,10_UNIVERSOS/ESCRIBANIA/10_REPOS/02_ACTIVE/torre-gemela-escribania/07_EVIDENCIA/GATE_TGE_DOCUMENTAL_SET_BASE_20260528.json,L39,Unknown / POR_DEFINIR,Unknown / POR_DEFINIR,ESCRIBANIA,GATE_CONNECTION_SURFACE_CLASSIFICATION_REQUIRED,low,exclude_false_positive,connection_surface_unclassified
conn.torre_gemela_escribania.unknown_por_definir.11976,conn_canon_003362,SeshatSgin/torre-gemela-escribania,TORRE_GEMELA_ESCRIBANIA,10_UNIVERSOS/ESCRIBANIA/10_REPOS/02_ACTIVE/torre-gemela-escribania/07_EVIDENCIA/GATE_TGE_RA01_REMOTE_AGENT_BOOTSTRAP_RESULT.json,L17,Unknown / POR_DEFINIR,Unknown / POR_DEFINIR,ESCRIBANIA,GATE_CONNECTION_SURFACE_CLASSIFICATION_REQUIRED,low,exclude_false_positive,connection_surface_unclassified
conn.torre_gemela_escribania.unknown_por_definir.11982,conn_canon_003367,SeshatSgin/torre-gemela-escribania,TORRE_GEMELA_ESCRIBANIA,10_UNIVERSOS/ESCRIBANIA/10_REPOS/02_ACTIVE/torre-gemela-escribania/07_EVIDENCIA/GATE_TGE_RA01_REMOTE_AGENT_BOOTSTRAP_SECURITY_SCAN.json,L10,Unknown / POR_DEFINIR,Unknown / POR_DEFINIR,ESCRIBANIA,GATE_CONNECTION_SURFACE_CLASSIFICATION_REQUIRED,low,exclude_false_positive,connection_surface_unclassified
conn.torre_gemela_escribania.unknown_por_definir.12828,conn_canon_003368,SeshatSgin/torre-gemela-escribania,TORRE_GEMELA_ESCRIBANIA,10_UNIVERSOS/ESCRIBANIA/10_REPOS/02_ACTIVE/torre-gemela-escribania/07_EVIDENCIA/imports/lfs_seed_20260530/SYS_SEI_SoporteSistemas_GobiernoDeclarativo_CompletePack_v0_4_1.zip,file_name,Unknown / POR_DEFINIR,Unknown / POR_DEFINIR,ESCRIBANIA,GATE_CONNECTION_SURFACE_CLASSIFICATION_REQUIRED,low,exclude_false_positive,connection_surface_unclassified
conn.torre_gemela_escribania.unknown_por_definir.11999,conn_canon_003373,SeshatSgin/torre-gemela-escribania,TORRE_GEMELA_ESCRIBANIA,10_UNIVERSOS/ESCRIBANIA/10_REPOS/02_ACTIVE/torre-gemela-escribania/07_EVIDENCIA/README.md,L40,Unknown / POR_DEFINIR,Unknown / POR_DEFINIR,ESCRIBANIA,GATE_CONNECTION_SURFACE_CLASSIFICATION_REQUIRED,low,exclude_false_positive,connection_surface_unclassified
conn.torre_gemela_escribania.unknown_por_definir.12005,conn_canon_003378,SeshatSgin/torre-gemela-escribania,TORRE_GEMELA_ESCRIBANIA,10_UNIVERSOS/ESCRIBANIA/10_REPOS/02_ACTIVE/torre-gemela-escribania/07_EVIDENCIA/TGE_AGENT365_ADMIN_CONSENT_AND_BLUEPRINT_POSTCHECK_20260531.json,L6,Unknown / POR_DEFINIR,Unknown / POR_DEFINIR,ESCRIBANIA,GATE_CONNECTION_SURFACE_CLASSIFICATION_REQUIRED,low,exclude_false_positive,connection_surface_unclassified
conn.torre_gemela_escribania.unknown_por_definir.12023,conn_canon_003382,SeshatSgin/torre-gemela-escribania,TORRE_GEMELA_ESCRIBANIA,10_UNIVERSOS/ESCRIBANIA/10_REPOS/02_ACTIVE/torre-gemela-escribania/07_EVIDENCIA/TGE_AGENT365_AZURECLI_MCP_PERMISSION_ATTEMPT_20260531.json,file_name,Unknown / POR_DEFINIR,Unknown / POR_DEFINIR,ESCRIBANIA,GATE_CONNECTION_SURFACE_CLASSIFICATION_REQUIRED,low,exclude_false_positive,connection_surface_unclassified
conn.torre_gemela_escribania.unknown_por_definir.12059,conn_canon_003401,SeshatSgin/torre-gemela-escribania,TORRE_GEMELA_ESCRIBANIA,10_UNIVERSOS/ESCRIBANIA/10_REPOS/02_ACTIVE/torre-gemela-escribania/07_EVIDENCIA/TGE_CDF_STAFF_CABINA_OPERATIONAL_TAKEOVER_20260527.json,L23,Unknown / POR_DEFINIR,Unknown / POR_DEFINIR,ESCRIBANIA,GATE_CONNECTION_SURFACE_CLASSIFICATION_REQUIRED,low,exclude_false_positive,connection_surface_unclassified
conn.torre_gemela_escribania.unknown_por_definir.12080,conn_canon_003410,SeshatSgin/torre-gemela-escribania,TORRE_GEMELA_ESCRIBANIA,10_UNIVERSOS/ESCRIBANIA/10_REPOS/02_ACTIVE/torre-gemela-escribania/07_EVIDENCIA/TGE_CDF_STAFF_MICROSOFT_LIVE_LOTE1_PREFLIGHT_20260527.json,L19,Unknown / POR_DEFINIR,Unknown / POR_DEFINIR,ESCRIBANIA,GATE_CONNECTION_SURFACE_CLASSIFICATION_REQUIRED,low,exclude_false_positive,connection_surface_unclassified
conn.torre_gemela_escribania.unknown_por_definir.12081,conn_canon_003411,SeshatSgin/torre-gemela-escribania,TORRE_GEMELA_ESCRIBANIA,10_UNIVERSOS/ESCRIBANIA/10_REPOS/02_ACTIVE/torre-gemela-escribania/07_EVIDENCIA/TGE_CDF_STAFF_MICROSOFT_LIVE_LOTE1_PREFLIGHT_20260527.json,L23,Unknown / POR_DEFINIR,Unknown / POR_DEFINIR,ESCRIBANIA,GATE_CONNECTION_SURFACE_CLASSIFICATION_REQUIRED,high,exclude_false_positive,connection_surface_unclassified
conn.torre_gemela_escribania.unknown_por_definir.12099,conn_canon_003418,SeshatSgin/torre-gemela-escribania,TORRE_GEMELA_ESCRIBANIA,10_UNIVERSOS/ESCRIBANIA/10_REPOS/02_ACTIVE/torre-gemela-escribania/07_EVIDENCIA/TGE_CDF_STAFF_MICROSOFT_LIVE_MAX_FRONTIER_AUTHORIZATION_20260527.json,L26,Unknown / POR_DEFINIR,Unknown / POR_DEFINIR,ESCRIBANIA,GATE_CONNECTION_SURFACE_CLASSIFICATION_REQUIRED,low,exclude_false_positive,connection_surface_unclassified
conn.torre_gemela_escribania.unknown_por_definir.12104,conn_canon_003423,SeshatSgin/torre-gemela-escribania,TORRE_GEMELA_ESCRIBANIA,10_UNIVERSOS/ESCRIBANIA/10_REPOS/02_ACTIVE/torre-gemela-escribania/07_EVIDENCIA/TGE_CDF_STAFF_REPO_ONLY_ACTIVATION_20260527.json,L19,Unknown / POR_DEFINIR,Unknown / POR_DEFINIR,ESCRIBANIA,GATE_CONNECTION_SURFACE_CLASSIFICATION_REQUIRED,low,exclude_false_positive,connection_surface_unclassified
conn.torre_gemela_escribania.unknown_por_definir.12126,conn_canon_003430,SeshatSgin/torre-gemela-escribania,TORRE_GEMELA_ESCRIBANIA,10_UNIVERSOS/ESCRIBANIA/10_REPOS/02_ACTIVE/torre-gemela-escribania/07_EVIDENCIA/TGE_CODESPACE_LOCAL_DELTA_SCOPE_ISOLATION_20260527.json,file_name,Unknown / POR_DEFINIR,Unknown / POR_DEFINIR,ESCRIBANIA,GATE_CONNECTION_SURFACE_CLASSIFICATION_REQUIRED,low,exclude_false_positive,connection_surface_unclassified
conn.torre_gemela_escribania.unknown_por_definir.12127,conn_canon_003431,SeshatSgin/torre-gemela-escribania,TORRE_GEMELA_ESCRIBANIA,10_UNIVERSOS/ESCRIBANIA/10_REPOS/02_ACTIVE/torre-gemela-escribania/07_EVIDENCIA/TGE_CODESPACE_REAUDIT_VALIDATION_RUN_20260527.json,file_name,Unknown / POR_DEFINIR,Unknown / POR_DEFINIR,ESCRIBANIA,GATE_CONNECTION_SURFACE_CLASSIFICATION_REQUIRED,low,exclude_false_positive,connection_surface_unclassified
conn.torre_gemela_escribania.unknown_por_definir.12128,conn_canon_003433,SeshatSgin/torre-gemela-escribania,TORRE_GEMELA_ESCRIBANIA,10_UNIVERSOS/ESCRIBANIA/10_REPOS/02_ACTIVE/torre-gemela-escribania/07_EVIDENCIA/TGE_CODEX_DEEP_FORENSIC_SKILL_RECIPE_MATERIALIZATION_20260601.json,L38,Unknown / POR_DEFINIR,Unknown / POR_DEFINIR,ESCRIBANIA,GATE_CONNECTION_SURFACE_CLASSIFICATION_REQUIRED,low,exclude_false_positive,connection_surface_unclassified
conn.torre_gemela_escribania.unknown_por_definir.12147,conn_canon_003437,SeshatSgin/torre-gemela-escribania,TORRE_GEMELA_ESCRIBANIA,10_UNIVERSOS/ESCRIBANIA/10_REPOS/02_ACTIVE/torre-gemela-escribania/07_EVIDENCIA/TGE_COURT_ORDER_ADAPTER_20260601.json,L37,Unknown / POR_DEFINIR,Unknown / POR_DEFINIR,ESCRIBANIA,GATE_CONNECTION_SURFACE_CLASSIFICATION_REQUIRED,low,exclude_false_positive,connection_surface_unclassified
conn.torre_gemela_escribania.unknown_por_definir.12153,conn_canon_003443,SeshatSgin/torre-gemela-escribania,TORRE_GEMELA_ESCRIBANIA,10_UNIVERSOS/ESCRIBANIA/10_REPOS/02_ACTIVE/torre-gemela-escribania/07_EVIDENCIA/TGE_FINAL_LOCAL_CLEANUP_20260527.json,L51,Unknown / POR_DEFINIR,Unknown / POR_DEFINIR,ESCRIBANIA,GATE_CONNECTION_SURFACE_CLASSIFICATION_REQUIRED,low,exclude_false_positive,connection_surface_unclassified
conn.torre_gemela_escribania.unknown_por_definir.12161,conn_canon_003451,SeshatSgin/torre-gemela-escribania,TORRE_GEMELA_ESCRIBANIA,10_UNIVERSOS/ESCRIBANIA/10_REPOS/02_ACTIVE/torre-gemela-escribania/07_EVIDENCIA/TGE_LOCAL_ARCHIVE_RECOVERY_20260527.json,L12,Unknown / POR_DEFINIR,Unknown / POR_DEFINIR,ESCRIBANIA,GATE_CONNECTION_SURFACE_CLASSIFICATION_REQUIRED,low,exclude_false_positive,connection_surface_unclassified
conn.torre_gemela_escribania.unknown_por_definir.12167,conn_canon_003458,SeshatSgin/torre-gemela-escribania,TORRE_GEMELA_ESCRIBANIA,10_UNIVERSOS/ESCRIBANIA/10_REPOS/02_ACTIVE/torre-gemela-escribania/07_EVIDENCIA/TGE_MCP_ADMIN_TOOLS_FRONTIER_CONNECTION_PROBE_20260530.json,file_name,Unknown / POR_DEFINIR,Unknown / POR_DEFINIR,ESCRIBANIA,GATE_CONNECTION_SURFACE_CLASSIFICATION_REQUIRED,low,exclude_false_positive,connection_surface_unclassified
conn.torre_gemela_escribania.unknown_por_definir.12174,conn_canon_003459,SeshatSgin/torre-gemela-escribania,TORRE_GEMELA_ESCRIBANIA,10_UNIVERSOS/ESCRIBANIA/10_REPOS/02_ACTIVE/torre-gemela-escribania/07_EVIDENCIA/TGE_MCP_ADMIN_TOOLS_FRONTIER_CONNECTION_PROBE_20260530.json,L19,Unknown / POR_DEFINIR,Unknown / POR_DEFINIR,ESCRIBANIA,GATE_CONNECTION_SURFACE_CLASSIFICATION_REQUIRED,low,exclude_false_positive,connection_surface_unclassified
conn.torre_gemela_escribania.unknown_por_definir.12187,conn_canon_003465,SeshatSgin/torre-gemela-escribania,TORRE_GEMELA_ESCRIBANIA,10_UNIVERSOS/ESCRIBANIA/10_REPOS/02_ACTIVE/torre-gemela-escribania/07_EVIDENCIA/TGE_MCP_CALENDAR_WORKIQ_PROBE_20260530.json,file_name,Unknown / POR_DEFINIR,Unknown / POR_DEFINIR,ESCRIBANIA,GATE_CONNECTION_SURFACE_CLASSIFICATION_REQUIRED,low,exclude_false_positive,connection_surface_unclassified
conn.torre_gemela_escribania.unknown_por_definir.12206,conn_canon_003466,SeshatSgin/torre-gemela-escribania,TORRE_GEMELA_ESCRIBANIA,10_UNIVERSOS/ESCRIBANIA/10_REPOS/02_ACTIVE/torre-gemela-escribania/07_EVIDENCIA/TGE_MCP_CALENDAR_WORKIQ_PROBE_20260530.json,L84,Unknown / POR_DEFINIR,Unknown / POR_DEFINIR,ESCRIBANIA,GATE_CONNECTION_SURFACE_CLASSIFICATION_REQUIRED,high,exclude_false_positive,connection_surface_unclassified
conn.torre_gemela_escribania.unknown_por_definir.12193,conn_canon_003467,SeshatSgin/torre-gemela-escribania,TORRE_GEMELA_ESCRIBANIA,10_UNIVERSOS/ESCRIBANIA/10_REPOS/02_ACTIVE/torre-gemela-escribania/07_EVIDENCIA/TGE_MCP_CALENDAR_WORKIQ_PROBE_20260530.json,L18,Unknown / POR_DEFINIR,Unknown / POR_DEFINIR,ESCRIBANIA,GATE_CONNECTION_SURFACE_CLASSIFICATION_REQUIRED,low,exclude_false_positive,connection_surface_unclassified
conn.torre_gemela_escribania.unknown_por_definir.12224,conn_canon_003478,SeshatSgin/torre-gemela-escribania,TORRE_GEMELA_ESCRIBANIA,10_UNIVERSOS/ESCRIBANIA/10_REPOS/02_ACTIVE/torre-gemela-escribania/07_EVIDENCIA/TGE_MCP_ODSP_REMOTE_SERVER_FRONTIER_CONNECTION_PROBE_20260530.json,file_name,Unknown / POR_DEFINIR,Unknown / POR_DEFINIR,ESCRIBANIA,GATE_CONNECTION_SURFACE_CLASSIFICATION_REQUIRED,low,exclude_false_positive,connection_surface_unclassified
conn.torre_gemela_escribania.unknown_por_definir.12232,conn_canon_003479,SeshatSgin/torre-gemela-escribania,TORRE_GEMELA_ESCRIBANIA,10_UNIVERSOS/ESCRIBANIA/10_REPOS/02_ACTIVE/torre-gemela-escribania/07_EVIDENCIA/TGE_MCP_ODSP_REMOTE_SERVER_FRONTIER_CONNECTION_PROBE_20260530.json,L20,Unknown / POR_DEFINIR,Unknown / POR_DEFINIR,ESCRIBANIA,GATE_CONNECTION_SURFACE_CLASSIFICATION_REQUIRED,low,exclude_false_positive,connection_surface_unclassified
conn.torre_gemela_escribania.unknown_por_definir.12250,conn_canon_003484,SeshatSgin/torre-gemela-escribania,TORRE_GEMELA_ESCRIBANIA,10_UNIVERSOS/ESCRIBANIA/10_REPOS/02_ACTIVE/torre-gemela-escribania/07_EVIDENCIA/TGE_MCP_ONEDRIVE_WORKIQ_REMOTE_SERVER_PROBE_20260530.json,file_name,Unknown / POR_DEFINIR,Unknown / POR_DEFINIR,ESCRIBANIA,GATE_CONNECTION_SURFACE_CLASSIFICATION_REQUIRED,low,exclude_false_positive,connection_surface_unclassified
conn.torre_gemela_escribania.unknown_por_definir.12266,conn_canon_003485,SeshatSgin/torre-gemela-escribania,TORRE_GEMELA_ESCRIBANIA,10_UNIVERSOS/ESCRIBANIA/10_REPOS/02_ACTIVE/torre-gemela-escribania/07_EVIDENCIA/TGE_MCP_ONEDRIVE_WORKIQ_REMOTE_SERVER_PROBE_20260530.json,L71,Unknown / POR_DEFINIR,Unknown / POR_DEFINIR,ESCRIBANIA,GATE_CONNECTION_SURFACE_CLASSIFICATION_REQUIRED,high,exclude_false_positive,connection_surface_unclassified
conn.torre_gemela_escribania.unknown_por_definir.12256,conn_canon_003486,SeshatSgin/torre-gemela-escribania,TORRE_GEMELA_ESCRIBANIA,10_UNIVERSOS/ESCRIBANIA/10_REPOS/02_ACTIVE/torre-gemela-escribania/07_EVIDENCIA/TGE_MCP_ONEDRIVE_WORKIQ_REMOTE_SERVER_PROBE_20260530.json,L18,Unknown / POR_DEFINIR,Unknown / POR_DEFINIR,ESCRIBANIA,GATE_CONNECTION_SURFACE_CLASSIFICATION_REQUIRED,low,exclude_false_positive,connection_surface_unclassified
conn.torre_gemela_escribania.unknown_por_definir.12347,conn_canon_003501,SeshatSgin/torre-gemela-escribania,TORRE_GEMELA_ESCRIBANIA,10_UNIVERSOS/ESCRIBANIA/10_REPOS/02_ACTIVE/torre-gemela-escribania/07_EVIDENCIA/TGE_MCP_W365_COMPUTER_USE_PROBE_20260530.json,file_name,Unknown / POR_DEFINIR,Unknown / POR_DEFINIR,ESCRIBANIA,GATE_CONNECTION_SURFACE_CLASSIFICATION_REQUIRED,low,exclude_false_positive,connection_surface_unclassified
conn.torre_gemela_escribania.unknown_por_definir.12352,conn_canon_003502,SeshatSgin/torre-gemela-escribania,TORRE_GEMELA_ESCRIBANIA,10_UNIVERSOS/ESCRIBANIA/10_REPOS/02_ACTIVE/torre-gemela-escribania/07_EVIDENCIA/TGE_MCP_W365_COMPUTER_USE_PROBE_20260530.json,L18,Unknown / POR_DEFINIR,Unknown / POR_DEFINIR,ESCRIBANIA,GATE_CONNECTION_SURFACE_CLASSIFICATION_REQUIRED,low,exclude_false_positive,connection_surface_unclassified
conn.torre_gemela_escribania.unknown_por_definir.12377,conn_canon_003508,SeshatSgin/torre-gemela-escribania,TORRE_GEMELA_ESCRIBANIA,10_UNIVERSOS/ESCRIBANIA/10_REPOS/02_ACTIVE/torre-gemela-escribania/07_EVIDENCIA/TGE_OAI_SDU_CN_AGENT_ACTIVATION_WAVE_20260601.json,L24,Unknown / POR_DEFINIR,Unknown / POR_DEFINIR,ESCRIBANIA,GATE_CONNECTION_SURFACE_CLASSIFICATION_REQUIRED,low,exclude_false_positive,connection_surface_unclassified
conn.torre_gemela_escribania.unknown_por_definir.12397,conn_canon_003512,SeshatSgin/torre-gemela-escribania,TORRE_GEMELA_ESCRIBANIA,10_UNIVERSOS/ESCRIBANIA/10_REPOS/02_ACTIVE/torre-gemela-escribania/07_EVIDENCIA/TGE_OAI_SESHAT_MAP_REVIEW_20260601.json,L76,Unknown / POR_DEFINIR,Unknown / POR_DEFINIR,ESCRIBANIA,GATE_CONNECTION_SURFACE_CLASSIFICATION_REQUIRED,low,exclude_false_positive,connection_surface_unclassified
conn.torre_gemela_escribania.unknown_por_definir.12503,conn_canon_003540,SeshatSgin/torre-gemela-escribania,TORRE_GEMELA_ESCRIBANIA,10_UNIVERSOS/ESCRIBANIA/10_REPOS/02_ACTIVE/torre-gemela-escribania/07_EVIDENCIA/TGE_REAUDIT_EVIDENCE_PACKAGE_20260527.json,file_name,Unknown / POR_DEFINIR,Unknown / POR_DEFINIR,ESCRIBANIA,GATE_CONNECTION_SURFACE_CLASSIFICATION_REQUIRED,low,exclude_false_positive,connection_surface_unclassified
conn.torre_gemela_escribania.unknown_por_definir.12506,conn_canon_003542,SeshatSgin/torre-gemela-escribania,TORRE_GEMELA_ESCRIBANIA,10_UNIVERSOS/ESCRIBANIA/10_REPOS/02_ACTIVE/torre-gemela-escribania/07_EVIDENCIA/TGE_REMOTE_REPO_FULL_READ_20260527.json,L4,Unknown / POR_DEFINIR,Unknown / POR_DEFINIR,ESCRIBANIA,GATE_CONNECTION_SURFACE_CLASSIFICATION_REQUIRED,low,exclude_false_positive,connection_surface_unclassified
conn.torre_gemela_escribania.unknown_por_definir.12510,conn_canon_003548,SeshatSgin/torre-gemela-escribania,TORRE_GEMELA_ESCRIBANIA,10_UNIVERSOS/ESCRIBANIA/10_REPOS/02_ACTIVE/torre-gemela-escribania/07_EVIDENCIA/TGE_REPO_WIDE_NORMALIZATION_MATRIX_CONNECTIONS_20260527.json,file_name,Unknown / POR_DEFINIR,Unknown / POR_DEFINIR,ESCRIBANIA,GATE_CONNECTION_SURFACE_CLASSIFICATION_REQUIRED,low,exclude_false_positive,connection_surface_unclassified
conn.torre_gemela_escribania.unknown_por_definir.12523,conn_canon_003554,SeshatSgin/torre-gemela-escribania,TORRE_GEMELA_ESCRIBANIA,10_UNIVERSOS/ESCRIBANIA/10_REPOS/02_ACTIVE/torre-gemela-escribania/07_EVIDENCIA/TGE_SDU_CN_AGENT_ACTIVATION_20260531.json,L22,Unknown / POR_DEFINIR,Unknown / POR_DEFINIR,ESCRIBANIA,GATE_CONNECTION_SURFACE_CLASSIFICATION_REQUIRED,low,exclude_false_positive,connection_surface_unclassified
conn.torre_gemela_escribania.unknown_por_definir.12527,conn_canon_003561,SeshatSgin/torre-gemela-escribania,TORRE_GEMELA_ESCRIBANIA,10_UNIVERSOS/ESCRIBANIA/10_REPOS/02_ACTIVE/torre-gemela-escribania/07_EVIDENCIA/TGE_SDU_CN_COPILOT_SESHAT_NORMATIVA_EN_US_DRAFT_TEXT_ENRICHMENT_20260531.json,file_name,Unknown / POR_DEFINIR,Unknown / POR_DEFINIR,ESCRIBANIA,GATE_CONNECTION_SURFACE_CLASSIFICATION_REQUIRED,low,exclude_false_positive,connection_surface_unclassified
conn.torre_gemela_escribania.unknown_por_definir.12539,conn_canon_003566,SeshatSgin/torre-gemela-escribania,TORRE_GEMELA_ESCRIBANIA,10_UNIVERSOS/ESCRIBANIA/10_REPOS/02_ACTIVE/torre-gemela-escribania/07_EVIDENCIA/TGE_SDU_CN_COPILOT_SHELL_SESHAT_NORMATIVA_20260531.json,file_name,Unknown / POR_DEFINIR,Unknown / POR_DEFINIR,ESCRIBANIA,GATE_CONNECTION_SURFACE_CLASSIFICATION_REQUIRED,low,exclude_false_positive,connection_surface_unclassified
conn.torre_gemela_escribania.unknown_por_definir.12541,conn_canon_003567,SeshatSgin/torre-gemela-escribania,TORRE_GEMELA_ESCRIBANIA,10_UNIVERSOS/ESCRIBANIA/10_REPOS/02_ACTIVE/torre-gemela-escribania/07_EVIDENCIA/TGE_SDU_CN_COPILOT_SHELL_SESHAT_NORMATIVA_20260531.json,L8,Unknown / POR_DEFINIR,Unknown / POR_DEFINIR,ESCRIBANIA,GATE_CONNECTION_SURFACE_CLASSIFICATION_REQUIRED,high,exclude_false_positive,connection_surface_unclassified
conn.torre_gemela_escribania.unknown_por_definir.12550,conn_canon_003572,SeshatSgin/torre-gemela-escribania,TORRE_GEMELA_ESCRIBANIA,10_UNIVERSOS/ESCRIBANIA/10_REPOS/02_ACTIVE/torre-gemela-escribania/07_EVIDENCIA/TGE_SDU_CN_MICROSOFT_EXECUTION_20260531.json,L5,Unknown / POR_DEFINIR,Unknown / POR_DEFINIR,ESCRIBANIA,GATE_CONNECTION_SURFACE_CLASSIFICATION_REQUIRED,low,exclude_false_positive,connection_surface_unclassified
conn.torre_gemela_escribania.unknown_por_definir.12603,conn_canon_003581,SeshatSgin/torre-gemela-escribania,TORRE_GEMELA_ESCRIBANIA,10_UNIVERSOS/ESCRIBANIA/10_REPOS/02_ACTIVE/torre-gemela-escribania/07_EVIDENCIA/TGE_SESHAT_CANON_LIVE_READ_20260528.json,L32,Unknown / POR_DEFINIR,Unknown / POR_DEFINIR,ESCRIBANIA,GATE_CONNECTION_SURFACE_CLASSIFICATION_REQUIRED,low,exclude_false_positive,connection_surface_unclassified
conn.torre_gemela_escribania.unknown_por_definir.12663,conn_canon_003595,SeshatSgin/torre-gemela-escribania,TORRE_GEMELA_ESCRIBANIA,10_UNIVERSOS/ESCRIBANIA/10_REPOS/02_ACTIVE/torre-gemela-escribania/07_EVIDENCIA/TGE_TCU_REMOTE_COURT_DEEP_SEARCH_20260601.json,L38,Unknown / POR_DEFINIR,Unknown / POR_DEFINIR,ESCRIBANIA,GATE_CONNECTION_SURFACE_CLASSIFICATION_REQUIRED,low,exclude_false_positive,connection_surface_unclassified
conn.torre_gemela_escribania.unknown_por_definir.12699,conn_canon_003599,SeshatSgin/torre-gemela-escribania,TORRE_GEMELA_ESCRIBANIA,10_UNIVERSOS/ESCRIBANIA/10_REPOS/02_ACTIVE/torre-gemela-escribania/07_EVIDENCIA/TGE_TCU_REMOTE_REPO_REVIEW_20260601.json,L103,Unknown / POR_DEFINIR,Unknown / POR_DEFINIR,ESCRIBANIA,GATE_CONNECTION_SURFACE_CLASSIFICATION_REQUIRED,low,exclude_false_positive,connection_surface_unclassified
conn.torre_gemela_escribania.unknown_por_definir.12735,conn_canon_003609,SeshatSgin/torre-gemela-escribania,TORRE_GEMELA_ESCRIBANIA,10_UNIVERSOS/ESCRIBANIA/10_REPOS/02_ACTIVE/torre-gemela-escribania/07_EVIDENCIA/TGE_WINDOWS_CODEX_DEEPER_DISCOVERY_READONLY_20260601.json,L39,Unknown / POR_DEFINIR,Unknown / POR_DEFINIR,ESCRIBANIA,GATE_CONNECTION_SURFACE_CLASSIFICATION_REQUIRED,low,exclude_false_positive,connection_surface_unclassified
conn.torre_gemela_escribania.unknown_por_definir.12831,conn_canon_003612,SeshatSgin/torre-gemela-escribania,TORRE_GEMELA_ESCRIBANIA,10_UNIVERSOS/ESCRIBANIA/10_REPOS/02_ACTIVE/torre-gemela-escribania/08_READBACKS/2026-05-18_ENVIRONMENT_BOOTSTRAP/03_STRUCTURE_READBACK.md,L12,Unknown / POR_DEFINIR,Unknown / POR_DEFINIR,ESCRIBANIA,GATE_CONNECTION_SURFACE_CLASSIFICATION_REQUIRED,low,exclude_false_positive,connection_surface_unclassified
conn.torre_gemela_escribania.unknown_por_definir.12971,conn_canon_003653,SeshatSgin/torre-gemela-escribania,TORRE_GEMELA_ESCRIBANIA,10_UNIVERSOS/ESCRIBANIA/10_REPOS/02_ACTIVE/torre-gemela-escribania/08_READBACKS/2026-05-18_TENANT_RUNTIME_ALIGNMENT_ESCRIBANIA/01_TENANT_CONTEXT_READBACK.md,L11,Unknown / POR_DEFINIR,Unknown / POR_DEFINIR,ESCRIBANIA,GATE_CONNECTION_SURFACE_CLASSIFICATION_REQUIRED,low,exclude_false_positive,connection_surface_unclassified
conn.torre_gemela_escribania.unknown_por_definir.13008,conn_canon_003680,SeshatSgin/torre-gemela-escribania,TORRE_GEMELA_ESCRIBANIA,10_UNIVERSOS/ESCRIBANIA/10_REPOS/02_ACTIVE/torre-gemela-escribania/08_READBACKS/2026-05-21_TCU_TGE_BIDIRECTIONAL_SKILLS_RECIPES_TRANSFER/00_READBACK.md,L62,Unknown / POR_DEFINIR,Unknown / POR_DEFINIR,ESCRIBANIA,GATE_CONNECTION_SURFACE_CLASSIFICATION_REQUIRED,low,exclude_false_positive,connection_surface_unclassified
conn.torre_gemela_escribania.unknown_por_definir.13398,conn_canon_003725,SeshatSgin/torre-gemela-escribania,TORRE_GEMELA_ESCRIBANIA,10_UNIVERSOS/ESCRIBANIA/10_REPOS/02_ACTIVE/torre-gemela-escribania/08_READBACKS/ACTA_TGE_AGENT365_ADMIN_CONSENT_AND_BLUEPRINT_20260531.md,L5,Unknown / POR_DEFINIR,Unknown / POR_DEFINIR,ESCRIBANIA,GATE_CONNECTION_SURFACE_CLASSIFICATION_REQUIRED,low,exclude_false_positive,connection_surface_unclassified
conn.torre_gemela_escribania.unknown_por_definir.13416,conn_canon_003729,SeshatSgin/torre-gemela-escribania,TORRE_GEMELA_ESCRIBANIA,10_UNIVERSOS/ESCRIBANIA/10_REPOS/02_ACTIVE/torre-gemela-escribania/08_READBACKS/ACTA_TGE_AGENT365_AZURECLI_MCP_PERMISSION_ATTEMPT_20260531.md,file_name,Unknown / POR_DEFINIR,Unknown / POR_DEFINIR,ESCRIBANIA,GATE_CONNECTION_SURFACE_CLASSIFICATION_REQUIRED,low,exclude_false_positive,connection_surface_unclassified
conn.torre_gemela_escribania.unknown_por_definir.13435,conn_canon_003737,SeshatSgin/torre-gemela-escribania,TORRE_GEMELA_ESCRIBANIA,10_UNIVERSOS/ESCRIBANIA/10_REPOS/02_ACTIVE/torre-gemela-escribania/08_READBACKS/ACTA_TGE_AGENT365_MCP_FRONTIER_CONNECTIONS_20260530.md,file_name,Unknown / POR_DEFINIR,Unknown / POR_DEFINIR,ESCRIBANIA,GATE_CONNECTION_SURFACE_CLASSIFICATION_REQUIRED,low,exclude_false_positive,connection_surface_unclassified
conn.torre_gemela_escribania.unknown_por_definir.13444,conn_canon_003738,SeshatSgin/torre-gemela-escribania,TORRE_GEMELA_ESCRIBANIA,10_UNIVERSOS/ESCRIBANIA/10_REPOS/02_ACTIVE/torre-gemela-escribania/08_READBACKS/ACTA_TGE_AGENT365_MCP_FRONTIER_CONNECTIONS_20260530.md,L71,Unknown / POR_DEFINIR,Unknown / POR_DEFINIR,ESCRIBANIA,GATE_CONNECTION_SURFACE_CLASSIFICATION_REQUIRED,high,exclude_false_positive,connection_surface_unclassified
conn.torre_gemela_escribania.unknown_por_definir.13485,conn_canon_003756,SeshatSgin/torre-gemela-escribania,TORRE_GEMELA_ESCRIBANIA,10_UNIVERSOS/ESCRIBANIA/10_REPOS/02_ACTIVE/torre-gemela-escribania/08_READBACKS/ACTA_TGE_CODEX_DEEPER_INTERNAL_LAYER_20260601.md,L150,Unknown / POR_DEFINIR,Unknown / POR_DEFINIR,ESCRIBANIA,GATE_CONNECTION_SURFACE_CLASSIFICATION_REQUIRED,low,exclude_false_positive,connection_surface_unclassified
conn.torre_gemela_escribania.unknown_por_definir.13538,conn_canon_003773,SeshatSgin/torre-gemela-escribania,TORRE_GEMELA_ESCRIBANIA,10_UNIVERSOS/ESCRIBANIA/10_REPOS/02_ACTIVE/torre-gemela-escribania/08_READBACKS/ACTA_TGE_LIVE_RUNTIME_READY_PARALLEL_GOVERNED_CANON_20260531.md,L28,Unknown / POR_DEFINIR,Unknown / POR_DEFINIR,ESCRIBANIA,GATE_CONNECTION_SURFACE_CLASSIFICATION_REQUIRED,low,exclude_false_positive,connection_surface_unclassified
conn.torre_gemela_escribania.unknown_por_definir.13550,conn_canon_003777,SeshatSgin/torre-gemela-escribania,TORRE_GEMELA_ESCRIBANIA,10_UNIVERSOS/ESCRIBANIA/10_REPOS/02_ACTIVE/torre-gemela-escribania/08_READBACKS/ACTA_TGE_OAI_SDU_CN_AGENT_ACTIVATION_WAVE_20260601.md,L43,Unknown / POR_DEFINIR,Unknown / POR_DEFINIR,ESCRIBANIA,GATE_CONNECTION_SURFACE_CLASSIFICATION_REQUIRED,low,exclude_false_positive,connection_surface_unclassified
conn.torre_gemela_escribania.unknown_por_definir.13589,conn_canon_003789,SeshatSgin/torre-gemela-escribania,TORRE_GEMELA_ESCRIBANIA,10_UNIVERSOS/ESCRIBANIA/10_REPOS/02_ACTIVE/torre-gemela-escribania/08_READBACKS/ACTA_TGE_SDU_CN_COPILOT_SESHAT_NORMATIVA_EN_US_DRAFT_TEXT_ENRICHMENT_20260531.md,file_name,Unknown / POR_DEFINIR,Unknown / POR_DEFINIR,ESCRIBANIA,GATE_CONNECTION_SURFACE_CLASSIFICATION_REQUIRED,low,exclude_false_positive,connection_surface_unclassified
conn.torre_gemela_escribania.unknown_por_definir.13598,conn_canon_003793,SeshatSgin/torre-gemela-escribania,TORRE_GEMELA_ESCRIBANIA,10_UNIVERSOS/ESCRIBANIA/10_REPOS/02_ACTIVE/torre-gemela-escribania/08_READBACKS/ACTA_TGE_SDU_CN_COPILOT_SHELL_SESHAT_NORMATIVA_20260531.md,file_name,Unknown / POR_DEFINIR,Unknown / POR_DEFINIR,ESCRIBANIA,GATE_CONNECTION_SURFACE_CLASSIFICATION_REQUIRED,low,exclude_false_positive,connection_surface_unclassified
conn.torre_gemela_escribania.unknown_por_definir.13674,conn_canon_003814,SeshatSgin/torre-gemela-escribania,TORRE_GEMELA_ESCRIBANIA,10_UNIVERSOS/ESCRIBANIA/10_REPOS/02_ACTIVE/torre-gemela-escribania/08_READBACKS/ACTA_TGE_TCU_REMOTE_COURT_DEEP_SEARCH_20260601.md,L46,Unknown / POR_DEFINIR,Unknown / POR_DEFINIR,ESCRIBANIA,GATE_CONNECTION_SURFACE_CLASSIFICATION_REQUIRED,low,exclude_false_positive,connection_surface_unclassified
conn.torre_gemela_escribania.unknown_por_definir.13701,conn_canon_003818,SeshatSgin/torre-gemela-escribania,TORRE_GEMELA_ESCRIBANIA,10_UNIVERSOS/ESCRIBANIA/10_REPOS/02_ACTIVE/torre-gemela-escribania/08_READBACKS/ACTA_TGE_TCU_REMOTE_REPO_REVIEW_20260601.md,L57,Unknown / POR_DEFINIR,Unknown / POR_DEFINIR,ESCRIBANIA,GATE_CONNECTION_SURFACE_CLASSIFICATION_REQUIRED,low,exclude_false_positive,connection_surface_unclassified
conn.torre_gemela_escribania.unknown_por_definir.13721,conn_canon_003826,SeshatSgin/torre-gemela-escribania,TORRE_GEMELA_ESCRIBANIA,10_UNIVERSOS/ESCRIBANIA/10_REPOS/02_ACTIVE/torre-gemela-escribania/08_READBACKS/ACTA_TGE_WINDOWS_CODEX_DEEPER_DISCOVERY_READONLY_20260601.md,L38,Unknown / POR_DEFINIR,Unknown / POR_DEFINIR,ESCRIBANIA,GATE_CONNECTION_SURFACE_CLASSIFICATION_REQUIRED,low,exclude_false_positive,connection_surface_unclassified
conn.torre_gemela_escribania.unknown_por_definir.13744,conn_canon_003831,SeshatSgin/torre-gemela-escribania,TORRE_GEMELA_ESCRIBANIA,10_UNIVERSOS/ESCRIBANIA/10_REPOS/02_ACTIVE/torre-gemela-escribania/08_READBACKS/GATE_SDU_CN_AGENTES_LIVE_AUTHORIZATION_RECORD.md,L46,Unknown / POR_DEFINIR,Unknown / POR_DEFINIR,ESCRIBANIA,GATE_CONNECTION_SURFACE_CLASSIFICATION_REQUIRED,high,exclude_false_positive,connection_surface_unclassified
conn.torre_gemela_escribania.unknown_por_definir.13759,conn_canon_003833,SeshatSgin/torre-gemela-escribania,TORRE_GEMELA_ESCRIBANIA,10_UNIVERSOS/ESCRIBANIA/10_REPOS/02_ACTIVE/torre-gemela-escribania/08_READBACKS/GATE_SDU_CN_AGENTES_LIVE_ENVIRONMENT_CONFIRMATION_MATRIX.md,L25,Unknown / POR_DEFINIR,Unknown / POR_DEFINIR,ESCRIBANIA,GATE_CONNECTION_SURFACE_CLASSIFICATION_REQUIRED,low,exclude_false_positive,connection_surface_unclassified
conn.torre_gemela_escribania.unknown_por_definir.13766,conn_canon_003838,SeshatSgin/torre-gemela-escribania,TORRE_GEMELA_ESCRIBANIA,10_UNIVERSOS/ESCRIBANIA/10_REPOS/02_ACTIVE/torre-gemela-escribania/08_READBACKS/GATE_SDU_CN_AGENTES_LIVE_ENVIRONMENT_CONFIRMATION_READBACK.md,L26,Unknown / POR_DEFINIR,Unknown / POR_DEFINIR,ESCRIBANIA,GATE_CONNECTION_SURFACE_CLASSIFICATION_REQUIRED,low,exclude_false_positive,connection_surface_unclassified
conn.torre_gemela_escribania.unknown_por_definir.13781,conn_canon_003841,SeshatSgin/torre-gemela-escribania,TORRE_GEMELA_ESCRIBANIA,10_UNIVERSOS/ESCRIBANIA/10_REPOS/02_ACTIVE/torre-gemela-escribania/08_READBACKS/GATE_SDU_CN_AGENTES_LIVE_PRECHECK_MATRIX.md,L19,Unknown / POR_DEFINIR,Unknown / POR_DEFINIR,ESCRIBANIA,GATE_CONNECTION_SURFACE_CLASSIFICATION_REQUIRED,low,exclude_false_positive,connection_surface_unclassified
conn.torre_gemela_escribania.unknown_por_definir.13793,conn_canon_003849,SeshatSgin/torre-gemela-escribania,TORRE_GEMELA_ESCRIBANIA,10_UNIVERSOS/ESCRIBANIA/10_REPOS/02_ACTIVE/torre-gemela-escribania/08_READBACKS/GATE_SDU_CN_NARRATIVE_COHERENCE_AND_VSCODE_CONNECTION_READBACK.md,file_name,Unknown / POR_DEFINIR,Unknown / POR_DEFINIR,ESCRIBANIA,GATE_CONNECTION_SURFACE_CLASSIFICATION_REQUIRED,low,exclude_false_positive,connection_surface_unclassified
conn.torre_gemela_escribania.unknown_por_definir.13811,conn_canon_003851,SeshatSgin/torre-gemela-escribania,TORRE_GEMELA_ESCRIBANIA,10_UNIVERSOS/ESCRIBANIA/10_REPOS/02_ACTIVE/torre-gemela-escribania/08_READBACKS/GATE_SDU_CN_PENDING_CLOSURE_MATRIX.md,L19,Unknown / POR_DEFINIR,Unknown / POR_DEFINIR,ESCRIBANIA,GATE_CONNECTION_SURFACE_CLASSIFICATION_REQUIRED,low,exclude_false_positive,connection_surface_unclassified
conn.torre_gemela_escribania.unknown_por_definir.13817,conn_canon_003854,SeshatSgin/torre-gemela-escribania,TORRE_GEMELA_ESCRIBANIA,10_UNIVERSOS/ESCRIBANIA/10_REPOS/02_ACTIVE/torre-gemela-escribania/08_READBACKS/GATE_SDU_CN_PENDING_CLOSURE_READBACK.md,L22,Unknown / POR_DEFINIR,Unknown / POR_DEFINIR,ESCRIBANIA,GATE_CONNECTION_SURFACE_CLASSIFICATION_REQUIRED,low,exclude_false_positive,connection_surface_unclassified
conn.torre_gemela_escribania.unknown_por_definir.13825,conn_canon_003856,SeshatSgin/torre-gemela-escribania,TORRE_GEMELA_ESCRIBANIA,10_UNIVERSOS/ESCRIBANIA/10_REPOS/02_ACTIVE/torre-gemela-escribania/08_READBACKS/GATE_SDU_CN_POWER_PLATFORM_CRITICAL_CLEANUP_READBACK.md,file_name,Unknown / POR_DEFINIR,Unknown / POR_DEFINIR,ESCRIBANIA,GATE_CONNECTION_SURFACE_CLASSIFICATION_REQUIRED,low,exclude_false_positive,connection_surface_unclassified
conn.torre_gemela_escribania.unknown_por_definir.13840,conn_canon_003860,SeshatSgin/torre-gemela-escribania,TORRE_GEMELA_ESCRIBANIA,10_UNIVERSOS/ESCRIBANIA/10_REPOS/02_ACTIVE/torre-gemela-escribania/08_READBACKS/GATE_SDU_CN_POWER_PLATFORM_DLP_OWNER_USAGE_MAPPING_BEFORE_LIVE_PARTIAL_READBACK.md,file_name,Unknown / POR_DEFINIR,Unknown / POR_DEFINIR,ESCRIBANIA,GATE_CONNECTION_SURFACE_CLASSIFICATION_REQUIRED,low,exclude_false_positive,connection_surface_unclassified
conn.torre_gemela_escribania.unknown_por_definir.13949,conn_canon_003904,SeshatSgin/torre-gemela-escribania,TORRE_GEMELA_ESCRIBANIA,10_UNIVERSOS/ESCRIBANIA/10_REPOS/02_ACTIVE/torre-gemela-escribania/08_READBACKS/GATE_SGSD_TC_OPERATIONAL_GAPS_FIX_REBOOT_HANDOFF_20260526.md,L15,Unknown / POR_DEFINIR,Unknown / POR_DEFINIR,ESCRIBANIA,GATE_CONNECTION_SURFACE_CLASSIFICATION_REQUIRED,low,exclude_false_positive,connection_surface_unclassified
conn.torre_gemela_escribania.unknown_por_definir.13959,conn_canon_003911,SeshatSgin/torre-gemela-escribania,TORRE_GEMELA_ESCRIBANIA,10_UNIVERSOS/ESCRIBANIA/10_REPOS/02_ACTIVE/torre-gemela-escribania/08_READBACKS/GATE_TGE_01A_TENANT_CONTROL_PLANE_BOOTSTRAP_ESCRIBANIA_READBACK.md,L43,Unknown / POR_DEFINIR,Unknown / POR_DEFINIR,ESCRIBANIA,GATE_CONNECTION_SURFACE_CLASSIFICATION_REQUIRED,low,exclude_false_positive,connection_surface_unclassified
conn.torre_gemela_escribania.unknown_por_definir.14000,conn_canon_003921,SeshatSgin/torre-gemela-escribania,TORRE_GEMELA_ESCRIBANIA,10_UNIVERSOS/ESCRIBANIA/10_REPOS/02_ACTIVE/torre-gemela-escribania/08_READBACKS/GATE_TGE_01B_LIVE_READONLY_DISCOVERY_EXECUTION_READBACK.md,L39,Unknown / POR_DEFINIR,Unknown / POR_DEFINIR,ESCRIBANIA,GATE_CONNECTION_SURFACE_CLASSIFICATION_REQUIRED,low,exclude_false_positive,connection_surface_unclassified
conn.torre_gemela_escribania.unknown_por_definir.14481,conn_canon_004048,SeshatSgin/torre-gemela-escribania,TORRE_GEMELA_ESCRIBANIA,10_UNIVERSOS/ESCRIBANIA/10_REPOS/02_ACTIVE/torre-gemela-escribania/08_READBACKS/GATE_TGE_ALL_CARRILES_AGENT_REACTIVATION_READBACK_20260526.md,L85,Unknown / POR_DEFINIR,Unknown / POR_DEFINIR,ESCRIBANIA,GATE_CONNECTION_SURFACE_CLASSIFICATION_REQUIRED,low,exclude_false_positive,connection_surface_unclassified
conn.torre_gemela_escribania.unknown_por_definir.14507,conn_canon_004061,SeshatSgin/torre-gemela-escribania,TORRE_GEMELA_ESCRIBANIA,10_UNIVERSOS/ESCRIBANIA/10_REPOS/02_ACTIVE/torre-gemela-escribania/08_READBACKS/GATE_TGE_CAPABILITY_FULL_STACK_LOTE_A_READBACK_20260527.md,L45,Unknown / POR_DEFINIR,Unknown / POR_DEFINIR,ESCRIBANIA,GATE_CONNECTION_SURFACE_CLASSIFICATION_REQUIRED,low,exclude_false_positive,connection_surface_unclassified
conn.torre_gemela_escribania.unknown_por_definir.14519,conn_canon_004066,SeshatSgin/torre-gemela-escribania,TORRE_GEMELA_ESCRIBANIA,10_UNIVERSOS/ESCRIBANIA/10_REPOS/02_ACTIVE/torre-gemela-escribania/08_READBACKS/GATE_TGE_CAPABILITY_FULL_STACK_LOTE_B_READBACK_20260527.md,L19,Unknown / POR_DEFINIR,Unknown / POR_DEFINIR,ESCRIBANIA,GATE_CONNECTION_SURFACE_CLASSIFICATION_REQUIRED,low,exclude_false_positive,connection_surface_unclassified
conn.torre_gemela_escribania.unknown_por_definir.14537,conn_canon_004081,SeshatSgin/torre-gemela-escribania,TORRE_GEMELA_ESCRIBANIA,10_UNIVERSOS/ESCRIBANIA/10_REPOS/02_ACTIVE/torre-gemela-escribania/08_READBACKS/GATE_TGE_CDF_STAFF_CABINA_OPERATIONAL_TAKEOVER_READBACK_20260527.md,L46,Unknown / POR_DEFINIR,Unknown / POR_DEFINIR,ESCRIBANIA,GATE_CONNECTION_SURFACE_CLASSIFICATION_REQUIRED,low,exclude_false_positive,connection_surface_unclassified
conn.torre_gemela_escribania.unknown_por_definir.14572,conn_canon_004087,SeshatSgin/torre-gemela-escribania,TORRE_GEMELA_ESCRIBANIA,10_UNIVERSOS/ESCRIBANIA/10_REPOS/02_ACTIVE/torre-gemela-escribania/08_READBACKS/GATE_TGE_CDF_STAFF_MICROSOFT_LIVE_MAX_FRONTIER_AUTHORIZATION_READBACK_20260527.md,L28,Unknown / POR_DEFINIR,Unknown / POR_DEFINIR,ESCRIBANIA,GATE_CONNECTION_SURFACE_CLASSIFICATION_REQUIRED,low,exclude_false_positive,connection_surface_unclassified
conn.torre_gemela_escribania.unknown_por_definir.14618,conn_canon_004107,SeshatSgin/torre-gemela-escribania,TORRE_GEMELA_ESCRIBANIA,10_UNIVERSOS/ESCRIBANIA/10_REPOS/02_ACTIVE/torre-gemela-escribania/08_READBACKS/GATE_TGE_CODESPACE_SINGLE_FINALCHECK_CLEANUP_READBACK_20260526.md,file_name,Unknown / POR_DEFINIR,Unknown / POR_DEFINIR,ESCRIBANIA,GATE_CONNECTION_SURFACE_CLASSIFICATION_REQUIRED,low,exclude_false_positive,connection_surface_unclassified
conn.torre_gemela_escribania.unknown_por_definir.14630,conn_canon_004116,SeshatSgin/torre-gemela-escribania,TORRE_GEMELA_ESCRIBANIA,10_UNIVERSOS/ESCRIBANIA/10_REPOS/02_ACTIVE/torre-gemela-escribania/08_READBACKS/GATE_TGE_DOCUMENTAL_SET_BASE_READBACK_20260528.md,L52,Unknown / POR_DEFINIR,Unknown / POR_DEFINIR,ESCRIBANIA,GATE_CONNECTION_SURFACE_CLASSIFICATION_REQUIRED,low,exclude_false_positive,connection_surface_unclassified
conn.torre_gemela_escribania.unknown_por_definir.14631,conn_canon_004120,SeshatSgin/torre-gemela-escribania,TORRE_GEMELA_ESCRIBANIA,10_UNIVERSOS/ESCRIBANIA/10_REPOS/02_ACTIVE/torre-gemela-escribania/08_READBACKS/GATE_TGE_DUAL_CODESPACE_CABINA_PREP_READBACK_20260527.md,file_name,Unknown / POR_DEFINIR,Unknown / POR_DEFINIR,ESCRIBANIA,GATE_CONNECTION_SURFACE_CLASSIFICATION_REQUIRED,low,exclude_false_positive,connection_surface_unclassified
conn.torre_gemela_escribania.unknown_por_definir.14669,conn_canon_004138,SeshatSgin/torre-gemela-escribania,TORRE_GEMELA_ESCRIBANIA,10_UNIVERSOS/ESCRIBANIA/10_REPOS/02_ACTIVE/torre-gemela-escribania/08_READBACKS/GATE_TGE_MCP_ADMIN_TOOLS_CONNECTION_PROBE_READBACK_20260530.md,file_name,Unknown / POR_DEFINIR,Unknown / POR_DEFINIR,ESCRIBANIA,GATE_CONNECTION_SURFACE_CLASSIFICATION_REQUIRED,low,exclude_false_positive,connection_surface_unclassified
conn.torre_gemela_escribania.unknown_por_definir.14673,conn_canon_004139,SeshatSgin/torre-gemela-escribania,TORRE_GEMELA_ESCRIBANIA,10_UNIVERSOS/ESCRIBANIA/10_REPOS/02_ACTIVE/torre-gemela-escribania/08_READBACKS/GATE_TGE_MCP_ADMIN_TOOLS_CONNECTION_PROBE_READBACK_20260530.md,L21,Unknown / POR_DEFINIR,Unknown / POR_DEFINIR,ESCRIBANIA,GATE_CONNECTION_SURFACE_CLASSIFICATION_REQUIRED,low,exclude_false_positive,connection_surface_unclassified
conn.torre_gemela_escribania.unknown_por_definir.14679,conn_canon_004143,SeshatSgin/torre-gemela-escribania,TORRE_GEMELA_ESCRIBANIA,10_UNIVERSOS/ESCRIBANIA/10_REPOS/02_ACTIVE/torre-gemela-escribania/08_READBACKS/GATE_TGE_MCP_CALENDAR_WORKIQ_READBACK_20260530.md,file_name,Unknown / POR_DEFINIR,Unknown / POR_DEFINIR,ESCRIBANIA,GATE_CONNECTION_SURFACE_CLASSIFICATION_REQUIRED,low,exclude_false_positive,connection_surface_unclassified
conn.torre_gemela_escribania.unknown_por_definir.14690,conn_canon_004144,SeshatSgin/torre-gemela-escribania,TORRE_GEMELA_ESCRIBANIA,10_UNIVERSOS/ESCRIBANIA/10_REPOS/02_ACTIVE/torre-gemela-escribania/08_READBACKS/GATE_TGE_MCP_CALENDAR_WORKIQ_READBACK_20260530.md,L66,Unknown / POR_DEFINIR,Unknown / POR_DEFINIR,ESCRIBANIA,GATE_CONNECTION_SURFACE_CLASSIFICATION_REQUIRED,high,exclude_false_positive,connection_surface_unclassified
conn.torre_gemela_escribania.unknown_por_definir.14683,conn_canon_004145,SeshatSgin/torre-gemela-escribania,TORRE_GEMELA_ESCRIBANIA,10_UNIVERSOS/ESCRIBANIA/10_REPOS/02_ACTIVE/torre-gemela-escribania/08_READBACKS/GATE_TGE_MCP_CALENDAR_WORKIQ_READBACK_20260530.md,L21,Unknown / POR_DEFINIR,Unknown / POR_DEFINIR,ESCRIBANIA,GATE_CONNECTION_SURFACE_CLASSIFICATION_REQUIRED,low,exclude_false_positive,connection_surface_unclassified
conn.torre_gemela_escribania.unknown_por_definir.14697,conn_canon_004153,SeshatSgin/torre-gemela-escribania,TORRE_GEMELA_ESCRIBANIA,10_UNIVERSOS/ESCRIBANIA/10_REPOS/02_ACTIVE/torre-gemela-escribania/08_READBACKS/GATE_TGE_MCP_ODSP_REMOTE_SERVER_CONNECTION_PROBE_READBACK_20260530.md,file_name,Unknown / POR_DEFINIR,Unknown / POR_DEFINIR,ESCRIBANIA,GATE_CONNECTION_SURFACE_CLASSIFICATION_REQUIRED,low,exclude_false_positive,connection_surface_unclassified
conn.torre_gemela_escribania.unknown_por_definir.14701,conn_canon_004154,SeshatSgin/torre-gemela-escribania,TORRE_GEMELA_ESCRIBANIA,10_UNIVERSOS/ESCRIBANIA/10_REPOS/02_ACTIVE/torre-gemela-escribania/08_READBACKS/GATE_TGE_MCP_ODSP_REMOTE_SERVER_CONNECTION_PROBE_READBACK_20260530.md,L21,Unknown / POR_DEFINIR,Unknown / POR_DEFINIR,ESCRIBANIA,GATE_CONNECTION_SURFACE_CLASSIFICATION_REQUIRED,low,exclude_false_positive,connection_surface_unclassified
conn.torre_gemela_escribania.unknown_por_definir.14710,conn_canon_004158,SeshatSgin/torre-gemela-escribania,TORRE_GEMELA_ESCRIBANIA,10_UNIVERSOS/ESCRIBANIA/10_REPOS/02_ACTIVE/torre-gemela-escribania/08_READBACKS/GATE_TGE_MCP_ONEDRIVE_WORKIQ_REMOTE_SERVER_READBACK_20260530.md,file_name,Unknown / POR_DEFINIR,Unknown / POR_DEFINIR,ESCRIBANIA,GATE_CONNECTION_SURFACE_CLASSIFICATION_REQUIRED,low,exclude_false_positive,connection_surface_unclassified
conn.torre_gemela_escribania.unknown_por_definir.14721,conn_canon_004159,SeshatSgin/torre-gemela-escribania,TORRE_GEMELA_ESCRIBANIA,10_UNIVERSOS/ESCRIBANIA/10_REPOS/02_ACTIVE/torre-gemela-escribania/08_READBACKS/GATE_TGE_MCP_ONEDRIVE_WORKIQ_REMOTE_SERVER_READBACK_20260530.md,L66,Unknown / POR_DEFINIR,Unknown / POR_DEFINIR,ESCRIBANIA,GATE_CONNECTION_SURFACE_CLASSIFICATION_REQUIRED,high,exclude_false_positive,connection_surface_unclassified
conn.torre_gemela_escribania.unknown_por_definir.14714,conn_canon_004160,SeshatSgin/torre-gemela-escribania,TORRE_GEMELA_ESCRIBANIA,10_UNIVERSOS/ESCRIBANIA/10_REPOS/02_ACTIVE/torre-gemela-escribania/08_READBACKS/GATE_TGE_MCP_ONEDRIVE_WORKIQ_REMOTE_SERVER_READBACK_20260530.md,L21,Unknown / POR_DEFINIR,Unknown / POR_DEFINIR,ESCRIBANIA,GATE_CONNECTION_SURFACE_CLASSIFICATION_REQUIRED,low,exclude_false_positive,connection_surface_unclassified
conn.torre_gemela_escribania.unknown_por_definir.14781,conn_canon_004171,SeshatSgin/torre-gemela-escribania,TORRE_GEMELA_ESCRIBANIA,10_UNIVERSOS/ESCRIBANIA/10_REPOS/02_ACTIVE/torre-gemela-escribania/08_READBACKS/GATE_TGE_MCP_W365_COMPUTER_USE_READBACK_20260530.md,file_name,Unknown / POR_DEFINIR,Unknown / POR_DEFINIR,ESCRIBANIA,GATE_CONNECTION_SURFACE_CLASSIFICATION_REQUIRED,low,exclude_false_positive,connection_surface_unclassified
conn.torre_gemela_escribania.unknown_por_definir.14859,conn_canon_004195,SeshatSgin/torre-gemela-escribania,TORRE_GEMELA_ESCRIBANIA,10_UNIVERSOS/ESCRIBANIA/10_REPOS/02_ACTIVE/torre-gemela-escribania/08_READBACKS/GATE_TGE_POWER_PLATFORM_LANE_PREP_ORDER_READBACK_20260528.md,file_name,Unknown / POR_DEFINIR,Unknown / POR_DEFINIR,ESCRIBANIA,GATE_CONNECTION_SURFACE_CLASSIFICATION_REQUIRED,low,exclude_false_positive,connection_surface_unclassified
conn.torre_gemela_escribania.unknown_por_definir.14877,conn_canon_004202,SeshatSgin/torre-gemela-escribania,TORRE_GEMELA_ESCRIBANIA,10_UNIVERSOS/ESCRIBANIA/10_REPOS/02_ACTIVE/torre-gemela-escribania/08_READBACKS/GATE_TGE_PR2_MERGED_MAIN_CLOSURE_READBACK.md,L70,Unknown / POR_DEFINIR,Unknown / POR_DEFINIR,ESCRIBANIA,GATE_CONNECTION_SURFACE_CLASSIFICATION_REQUIRED,low,exclude_false_positive,connection_surface_unclassified
conn.torre_gemela_escribania.unknown_por_definir.14892,conn_canon_004213,SeshatSgin/torre-gemela-escribania,TORRE_GEMELA_ESCRIBANIA,10_UNIVERSOS/ESCRIBANIA/10_REPOS/02_ACTIVE/torre-gemela-escribania/08_READBACKS/GATE_TGE_REAUDIT_EVIDENCE_PACKAGE_READBACK_20260527.md,file_name,Unknown / POR_DEFINIR,Unknown / POR_DEFINIR,ESCRIBANIA,GATE_CONNECTION_SURFACE_CLASSIFICATION_REQUIRED,low,exclude_false_positive,connection_surface_unclassified
conn.torre_gemela_escribania.unknown_por_definir.14910,conn_canon_004227,SeshatSgin/torre-gemela-escribania,TORRE_GEMELA_ESCRIBANIA,10_UNIVERSOS/ESCRIBANIA/10_REPOS/02_ACTIVE/torre-gemela-escribania/08_READBACKS/GATE_TGE_REPO_WIDE_NORMALIZATION_MATRIX_CONNECTIONS_READBACK_20260527.md,file_name,Unknown / POR_DEFINIR,Unknown / POR_DEFINIR,ESCRIBANIA,GATE_CONNECTION_SURFACE_CLASSIFICATION_REQUIRED,low,exclude_false_positive,connection_surface_unclassified
conn.torre_gemela_escribania.unknown_por_definir.14925,conn_canon_004232,SeshatSgin/torre-gemela-escribania,TORRE_GEMELA_ESCRIBANIA,10_UNIVERSOS/ESCRIBANIA/10_REPOS/02_ACTIVE/torre-gemela-escribania/08_READBACKS/GATE_TGE_SDU_CN_AGENT_PERSONALIZATION_READBACK.md,L93,Unknown / POR_DEFINIR,Unknown / POR_DEFINIR,ESCRIBANIA,GATE_CONNECTION_SURFACE_CLASSIFICATION_REQUIRED,low,exclude_false_positive,connection_surface_unclassified
conn.torre_gemela_escribania.unknown_por_definir.14928,conn_canon_004239,SeshatSgin/torre-gemela-escribania,TORRE_GEMELA_ESCRIBANIA,10_UNIVERSOS/ESCRIBANIA/10_REPOS/02_ACTIVE/torre-gemela-escribania/08_READBACKS/GATE_TGE_SDU_CN_COPILOT_DUMMY_EVALS_READBACK.md,file_name,Unknown / POR_DEFINIR,Unknown / POR_DEFINIR,ESCRIBANIA,GATE_CONNECTION_SURFACE_CLASSIFICATION_REQUIRED,low,exclude_false_positive,connection_surface_unclassified
conn.torre_gemela_escribania.unknown_por_definir.14972,conn_canon_004245,SeshatSgin/torre-gemela-escribania,TORRE_GEMELA_ESCRIBANIA,10_UNIVERSOS/ESCRIBANIA/10_REPOS/02_ACTIVE/torre-gemela-escribania/08_READBACKS/GATE_TGE_SDU_CN_v1_CUMPLIMIENTO_NORMATIVO_READBACK.md,L30,Unknown / POR_DEFINIR,Unknown / POR_DEFINIR,ESCRIBANIA,GATE_CONNECTION_SURFACE_CLASSIFICATION_REQUIRED,low,exclude_false_positive,connection_surface_unclassified
conn.torre_gemela_escribania.unknown_por_definir.15076,conn_canon_004292,SeshatSgin/torre-gemela-escribania,TORRE_GEMELA_ESCRIBANIA,10_UNIVERSOS/ESCRIBANIA/10_REPOS/02_ACTIVE/torre-gemela-escribania/08_READBACKS/READBACK_INDEX.csv,L130,Unknown / POR_DEFINIR,Unknown / POR_DEFINIR,ESCRIBANIA,GATE_CONNECTION_SURFACE_CLASSIFICATION_REQUIRED,low,exclude_false_positive,connection_surface_unclassified
conn.torre_gemela_escribania.unknown_por_definir.15122,conn_canon_004297,SeshatSgin/torre-gemela-escribania,TORRE_GEMELA_ESCRIBANIA,10_UNIVERSOS/ESCRIBANIA/10_REPOS/02_ACTIVE/torre-gemela-escribania/08_READBACKS/README.md,L42,Unknown / POR_DEFINIR,Unknown / POR_DEFINIR,ESCRIBANIA,GATE_CONNECTION_SURFACE_CLASSIFICATION_REQUIRED,low,exclude_false_positive,connection_surface_unclassified
conn.torre_gemela_escribania.unknown_por_definir.15164,conn_canon_004308,SeshatSgin/torre-gemela-escribania,TORRE_GEMELA_ESCRIBANIA,10_UNIVERSOS/ESCRIBANIA/10_REPOS/02_ACTIVE/torre-gemela-escribania/08_READBACKS/TGE_CDF_STAFF_REPO_ONLY_ACTIVATION_READBACK_20260527.md,L43,Unknown / POR_DEFINIR,Unknown / POR_DEFINIR,ESCRIBANIA,GATE_CONNECTION_SURFACE_CLASSIFICATION_REQUIRED,low,exclude_false_positive,connection_surface_unclassified
conn.torre_gemela_escribania.unknown_por_definir.15257,conn_canon_004342,SeshatSgin/torre-gemela-escribania,TORRE_GEMELA_ESCRIBANIA,10_UNIVERSOS/ESCRIBANIA/10_REPOS/02_ACTIVE/torre-gemela-escribania/AGENTS.md,L243,Unknown / POR_DEFINIR,Unknown / POR_DEFINIR,ESCRIBANIA,GATE_CONNECTION_SURFACE_CLASSIFICATION_REQUIRED,low,exclude_false_positive,connection_surface_unclassified
conn.torre_gemela_escribania.unknown_por_definir.15276,conn_canon_004346,SeshatSgin/torre-gemela-escribania,TORRE_GEMELA_ESCRIBANIA,10_UNIVERSOS/ESCRIBANIA/10_REPOS/02_ACTIVE/torre-gemela-escribania/CHAT_CONTEXT.md,L111,Unknown / POR_DEFINIR,Unknown / POR_DEFINIR,ESCRIBANIA,GATE_CONNECTION_SURFACE_CLASSIFICATION_REQUIRED,low,exclude_false_positive,connection_surface_unclassified
conn.torre_gemela_escribania.unknown_por_definir.15316,conn_canon_004355,SeshatSgin/torre-gemela-escribania,TORRE_GEMELA_ESCRIBANIA,10_UNIVERSOS/ESCRIBANIA/10_REPOS/02_ACTIVE/torre-gemela-escribania/copilot-agents/AGENTS.md,L5,Unknown / POR_DEFINIR,Unknown / POR_DEFINIR,ESCRIBANIA,GATE_CONNECTION_SURFACE_CLASSIFICATION_REQUIRED,low,exclude_false_positive,connection_surface_unclassified
conn.torre_gemela_escribania.unknown_por_definir.15332,conn_canon_004357,SeshatSgin/torre-gemela-escribania,TORRE_GEMELA_ESCRIBANIA,10_UNIVERSOS/ESCRIBANIA/10_REPOS/02_ACTIVE/torre-gemela-escribania/copilot-agents/anubis-gate-copilot.md,file_name,Unknown / POR_DEFINIR,Unknown / POR_DEFINIR,ESCRIBANIA,GATE_CONNECTION_SURFACE_CLASSIFICATION_REQUIRED,low,exclude_false_positive,connection_surface_unclassified
conn.torre_gemela_escribania.unknown_por_definir.15337,conn_canon_004359,SeshatSgin/torre-gemela-escribania,TORRE_GEMELA_ESCRIBANIA,10_UNIVERSOS/ESCRIBANIA/10_REPOS/02_ACTIVE/torre-gemela-escribania/copilot-agents/horus-riesgo-copilot.md,file_name,Unknown / POR_DEFINIR,Unknown / POR_DEFINIR,ESCRIBANIA,GATE_CONNECTION_SURFACE_CLASSIFICATION_REQUIRED,low,exclude_false_positive,connection_surface_unclassified
conn.torre_gemela_escribania.unknown_por_definir.15346,conn_canon_004363,SeshatSgin/torre-gemela-escribania,TORRE_GEMELA_ESCRIBANIA,10_UNIVERSOS/ESCRIBANIA/10_REPOS/02_ACTIVE/torre-gemela-escribania/copilot-agents/knowledge-sources/sdu_cn_knowledge_sources_plan.md,L38,Unknown / POR_DEFINIR,Unknown / POR_DEFINIR,ESCRIBANIA,GATE_CONNECTION_SURFACE_CLASSIFICATION_REQUIRED,high,exclude_false_positive,connection_surface_unclassified
conn.torre_gemela_escribania.unknown_por_definir.15355,conn_canon_004366,SeshatSgin/torre-gemela-escribania,TORRE_GEMELA_ESCRIBANIA,10_UNIVERSOS/ESCRIBANIA/10_REPOS/02_ACTIVE/torre-gemela-escribania/copilot-agents/knowledge-sources/sdu_cn_sanitization_checklist.md,L4,Unknown / POR_DEFINIR,Unknown / POR_DEFINIR,ESCRIBANIA,GATE_CONNECTION_SURFACE_CLASSIFICATION_REQUIRED,low,exclude_false_positive,connection_surface_unclassified
conn.torre_gemela_escribania.unknown_por_definir.15356,conn_canon_004367,SeshatSgin/torre-gemela-escribania,TORRE_GEMELA_ESCRIBANIA,10_UNIVERSOS/ESCRIBANIA/10_REPOS/02_ACTIVE/torre-gemela-escribania/copilot-agents/knowledge-sources/sdu_cn_sanitization_checklist.md,L20,Unknown / POR_DEFINIR,Unknown / POR_DEFINIR,ESCRIBANIA,GATE_CONNECTION_SURFACE_CLASSIFICATION_REQUIRED,high,exclude_false_positive,connection_surface_unclassified
conn.torre_gemela_escribania.unknown_por_definir.15361,conn_canon_004371,SeshatSgin/torre-gemela-escribania,TORRE_GEMELA_ESCRIBANIA,10_UNIVERSOS/ESCRIBANIA/10_REPOS/02_ACTIVE/torre-gemela-escribania/copilot-agents/knowledge-sources/sdu_cn_selected_sources_matrix.md,L3,Unknown / POR_DEFINIR,Unknown / POR_DEFINIR,ESCRIBANIA,GATE_CONNECTION_SURFACE_CLASSIFICATION_REQUIRED,low,exclude_false_positive,connection_surface_unclassified
conn.torre_gemela_escribania.unknown_por_definir.15367,conn_canon_004373,SeshatSgin/torre-gemela-escribania,TORRE_GEMELA_ESCRIBANIA,10_UNIVERSOS/ESCRIBANIA/10_REPOS/02_ACTIVE/torre-gemela-escribania/copilot-agents/maat-cumplimiento-copilot.md,file_name,Unknown / POR_DEFINIR,Unknown / POR_DEFINIR,ESCRIBANIA,GATE_CONNECTION_SURFACE_CLASSIFICATION_REQUIRED,low,exclude_false_positive,connection_surface_unclassified
conn.torre_gemela_escribania.unknown_por_definir.15372,conn_canon_004375,SeshatSgin/torre-gemela-escribania,TORRE_GEMELA_ESCRIBANIA,10_UNIVERSOS/ESCRIBANIA/10_REPOS/02_ACTIVE/torre-gemela-escribania/copilot-agents/narrador-normativo-copilot.md,file_name,Unknown / POR_DEFINIR,Unknown / POR_DEFINIR,ESCRIBANIA,GATE_CONNECTION_SURFACE_CLASSIFICATION_REQUIRED,low,exclude_false_positive,connection_surface_unclassified
conn.torre_gemela_escribania.unknown_por_definir.15377,conn_canon_004378,SeshatSgin/torre-gemela-escribania,TORRE_GEMELA_ESCRIBANIA,10_UNIVERSOS/ESCRIBANIA/10_REPOS/02_ACTIVE/torre-gemela-escribania/copilot-agents/seshat-copilot.md,file_name,Unknown / POR_DEFINIR,Unknown / POR_DEFINIR,ESCRIBANIA,GATE_CONNECTION_SURFACE_CLASSIFICATION_REQUIRED,low,exclude_false_positive,connection_surface_unclassified
conn.torre_gemela_escribania.unknown_por_definir.15383,conn_canon_004382,SeshatSgin/torre-gemela-escribania,TORRE_GEMELA_ESCRIBANIA,10_UNIVERSOS/ESCRIBANIA/10_REPOS/02_ACTIVE/torre-gemela-escribania/copilot-agents/thot-tecnico-copilot.md,file_name,Unknown / POR_DEFINIR,Unknown / POR_DEFINIR,ESCRIBANIA,GATE_CONNECTION_SURFACE_CLASSIFICATION_REQUIRED,low,exclude_false_positive,connection_surface_unclassified
conn.torre_gemela_escribania.unknown_por_definir.15405,conn_canon_004394,SeshatSgin/torre-gemela-escribania,TORRE_GEMELA_ESCRIBANIA,10_UNIVERSOS/ESCRIBANIA/10_REPOS/02_ACTIVE/torre-gemela-escribania/copilot-agents/topics/thot_tecnico.topics.md,L44,Unknown / POR_DEFINIR,Unknown / POR_DEFINIR,ESCRIBANIA,GATE_CONNECTION_SURFACE_CLASSIFICATION_REQUIRED,high,exclude_false_positive,connection_surface_unclassified
conn.torre_gemela_escribania.unknown_por_definir.15497,conn_canon_004440,SeshatSgin/torre-gemela-escribania,TORRE_GEMELA_ESCRIBANIA,10_UNIVERSOS/ESCRIBANIA/10_REPOS/02_ACTIVE/torre-gemela-escribania/evals/court-order-adapter/harness_manifest.json,L103,Unknown / POR_DEFINIR,Unknown / POR_DEFINIR,ESCRIBANIA,GATE_CONNECTION_SURFACE_CLASSIFICATION_REQUIRED,low,exclude_false_positive,connection_surface_unclassified
conn.torre_gemela_escribania.unknown_por_definir.15527,conn_canon_004464,SeshatSgin/torre-gemela-escribania,TORRE_GEMELA_ESCRIBANIA,10_UNIVERSOS/ESCRIBANIA/10_REPOS/02_ACTIVE/torre-gemela-escribania/provisioning/copilot-studio/connection-usage-mapping-matrix.md,file_name,Unknown / POR_DEFINIR,Unknown / POR_DEFINIR,ESCRIBANIA,GATE_CONNECTION_SURFACE_CLASSIFICATION_REQUIRED,low,exclude_false_positive,connection_surface_unclassified
conn.torre_gemela_escribania.unknown_por_definir.15531,conn_canon_004465,SeshatSgin/torre-gemela-escribania,TORRE_GEMELA_ESCRIBANIA,10_UNIVERSOS/ESCRIBANIA/10_REPOS/02_ACTIVE/torre-gemela-escribania/provisioning/copilot-studio/connection-usage-mapping-matrix.md,L12,Unknown / POR_DEFINIR,Unknown / POR_DEFINIR,ESCRIBANIA,GATE_CONNECTION_SURFACE_CLASSIFICATION_REQUIRED,high,exclude_false_positive,connection_surface_unclassified
conn.torre_gemela_escribania.unknown_por_definir.15540,conn_canon_004468,SeshatSgin/torre-gemela-escribania,TORRE_GEMELA_ESCRIBANIA,10_UNIVERSOS/ESCRIBANIA/10_REPOS/02_ACTIVE/torre-gemela-escribania/provisioning/copilot-studio/dlp-admin-readonly-review.md,L3,Unknown / POR_DEFINIR,Unknown / POR_DEFINIR,ESCRIBANIA,GATE_CONNECTION_SURFACE_CLASSIFICATION_REQUIRED,low,exclude_false_positive,connection_surface_unclassified
conn.torre_gemela_escribania.unknown_por_definir.15548,conn_canon_004471,SeshatSgin/torre-gemela-escribania,TORRE_GEMELA_ESCRIBANIA,10_UNIVERSOS/ESCRIBANIA/10_REPOS/02_ACTIVE/torre-gemela-escribania/provisioning/copilot-studio/dlp-owner-usage-mapping-plan.md,L3,Unknown / POR_DEFINIR,Unknown / POR_DEFINIR,ESCRIBANIA,GATE_CONNECTION_SURFACE_CLASSIFICATION_REQUIRED,low,exclude_false_positive,connection_surface_unclassified
conn.torre_gemela_escribania.unknown_por_definir.15558,conn_canon_004472,SeshatSgin/torre-gemela-escribania,TORRE_GEMELA_ESCRIBANIA,10_UNIVERSOS/ESCRIBANIA/10_REPOS/02_ACTIVE/torre-gemela-escribania/provisioning/copilot-studio/dlp-owner-usage-mapping-plan.md,L58,Unknown / POR_DEFINIR,Unknown / POR_DEFINIR,ESCRIBANIA,GATE_CONNECTION_SURFACE_CLASSIFICATION_REQUIRED,high,exclude_false_positive,connection_surface_unclassified
conn.torre_gemela_escribania.unknown_por_definir.15559,conn_canon_004478,SeshatSgin/torre-gemela-escribania,TORRE_GEMELA_ESCRIBANIA,10_UNIVERSOS/ESCRIBANIA/10_REPOS/02_ACTIVE/torre-gemela-escribania/provisioning/copilot-studio/environment-checklist.md,L1,Unknown / POR_DEFINIR,Unknown / POR_DEFINIR,ESCRIBANIA,GATE_CONNECTION_SURFACE_CLASSIFICATION_REQUIRED,low,exclude_false_positive,connection_surface_unclassified
conn.torre_gemela_escribania.unknown_por_definir.15604,conn_canon_004481,SeshatSgin/torre-gemela-escribania,TORRE_GEMELA_ESCRIBANIA,10_UNIVERSOS/ESCRIBANIA/10_REPOS/02_ACTIVE/torre-gemela-escribania/provisioning/copilot-studio/environment-confirmation-result.md,L22,Unknown / POR_DEFINIR,Unknown / POR_DEFINIR,ESCRIBANIA,GATE_CONNECTION_SURFACE_CLASSIFICATION_REQUIRED,low,exclude_false_positive,connection_surface_unclassified
conn.torre_gemela_escribania.unknown_por_definir.15627,conn_canon_004487,SeshatSgin/torre-gemela-escribania,TORRE_GEMELA_ESCRIBANIA,10_UNIVERSOS/ESCRIBANIA/10_REPOS/02_ACTIVE/torre-gemela-escribania/provisioning/copilot-studio/environment-readonly-inventory.md,L56,Unknown / POR_DEFINIR,Unknown / POR_DEFINIR,ESCRIBANIA,GATE_CONNECTION_SURFACE_CLASSIFICATION_REQUIRED,low,exclude_false_positive,connection_surface_unclassified
conn.torre_gemela_escribania.unknown_por_definir.15629,conn_canon_004491,SeshatSgin/torre-gemela-escribania,TORRE_GEMELA_ESCRIBANIA,10_UNIVERSOS/ESCRIBANIA/10_REPOS/02_ACTIVE/torre-gemela-escribania/provisioning/copilot-studio/error-connections-usage-mapping.md,file_name,Unknown / POR_DEFINIR,Unknown / POR_DEFINIR,ESCRIBANIA,GATE_CONNECTION_SURFACE_CLASSIFICATION_REQUIRED,low,exclude_false_positive,connection_surface_unclassified
conn.torre_gemela_escribania.unknown_por_definir.15641,conn_canon_004494,SeshatSgin/torre-gemela-escribania,TORRE_GEMELA_ESCRIBANIA,10_UNIVERSOS/ESCRIBANIA/10_REPOS/02_ACTIVE/torre-gemela-escribania/provisioning/copilot-studio/human-approval-packet.md,file_name,Unknown / POR_DEFINIR,Unknown / POR_DEFINIR,ESCRIBANIA,GATE_CONNECTION_SURFACE_CLASSIFICATION_REQUIRED,low,exclude_false_positive,connection_surface_unclassified
conn.torre_gemela_escribania.unknown_por_definir.15658,conn_canon_004501,SeshatSgin/torre-gemela-escribania,TORRE_GEMELA_ESCRIBANIA,10_UNIVERSOS/ESCRIBANIA/10_REPOS/02_ACTIVE/torre-gemela-escribania/provisioning/copilot-studio/live-execution-plan.md,L1,Unknown / POR_DEFINIR,Unknown / POR_DEFINIR,ESCRIBANIA,GATE_CONNECTION_SURFACE_CLASSIFICATION_REQUIRED,low,exclude_false_positive,connection_surface_unclassified
conn.torre_gemela_escribania.unknown_por_definir.15667,conn_canon_004505,SeshatSgin/torre-gemela-escribania,TORRE_GEMELA_ESCRIBANIA,10_UNIVERSOS/ESCRIBANIA/10_REPOS/02_ACTIVE/torre-gemela-escribania/provisioning/copilot-studio/live-partial-readiness-decision.md,L3,Unknown / POR_DEFINIR,Unknown / POR_DEFINIR,ESCRIBANIA,GATE_CONNECTION_SURFACE_CLASSIFICATION_REQUIRED,low,exclude_false_positive,connection_surface_unclassified
conn.torre_gemela_escribania.unknown_por_definir.15675,conn_canon_004511,SeshatSgin/torre-gemela-escribania,TORRE_GEMELA_ESCRIBANIA,10_UNIVERSOS/ESCRIBANIA/10_REPOS/02_ACTIVE/torre-gemela-escribania/provisioning/copilot-studio/power-platform-cleanup-candidates.md,file_name,Unknown / POR_DEFINIR,Unknown / POR_DEFINIR,ESCRIBANIA,GATE_CONNECTION_SURFACE_CLASSIFICATION_REQUIRED,low,exclude_false_positive,connection_surface_unclassified
conn.torre_gemela_escribania.unknown_por_definir.15687,conn_canon_004515,SeshatSgin/torre-gemela-escribania,TORRE_GEMELA_ESCRIBANIA,10_UNIVERSOS/ESCRIBANIA/10_REPOS/02_ACTIVE/torre-gemela-escribania/provisioning/copilot-studio/power-platform-critical-cleanup-execution.md,file_name,Unknown / POR_DEFINIR,Unknown / POR_DEFINIR,ESCRIBANIA,GATE_CONNECTION_SURFACE_CLASSIFICATION_REQUIRED,low,exclude_false_positive,connection_surface_unclassified
conn.torre_gemela_escribania.unknown_por_definir.15707,conn_canon_004519,SeshatSgin/torre-gemela-escribania,TORRE_GEMELA_ESCRIBANIA,10_UNIVERSOS/ESCRIBANIA/10_REPOS/02_ACTIVE/torre-gemela-escribania/provisioning/copilot-studio/provisioning-plan.md,L1,Unknown / POR_DEFINIR,Unknown / POR_DEFINIR,ESCRIBANIA,GATE_CONNECTION_SURFACE_CLASSIFICATION_REQUIRED,low,exclude_false_positive,connection_surface_unclassified
conn.torre_gemela_escribania.unknown_por_definir.15717,conn_canon_004520,SeshatSgin/torre-gemela-escribania,TORRE_GEMELA_ESCRIBANIA,10_UNIVERSOS/ESCRIBANIA/10_REPOS/02_ACTIVE/torre-gemela-escribania/provisioning/copilot-studio/provisioning-plan.md,L89,Unknown / POR_DEFINIR,Unknown / POR_DEFINIR,ESCRIBANIA,GATE_CONNECTION_SURFACE_CLASSIFICATION_REQUIRED,high,exclude_false_positive,connection_surface_unclassified
conn.torre_gemela_escribania.unknown_por_definir.15516,conn_canon_004522,SeshatSgin/torre-gemela-escribania,TORRE_GEMELA_ESCRIBANIA,10_UNIVERSOS/ESCRIBANIA/10_REPOS/02_ACTIVE/torre-gemela-escribania/provisioning/copilot-studio/README.md,L1,Unknown / POR_DEFINIR,Unknown / POR_DEFINIR,ESCRIBANIA,GATE_CONNECTION_SURFACE_CLASSIFICATION_REQUIRED,low,exclude_false_positive,connection_surface_unclassified
conn.torre_gemela_escribania.unknown_por_definir.15721,conn_canon_004525,SeshatSgin/torre-gemela-escribania,TORRE_GEMELA_ESCRIBANIA,10_UNIVERSOS/ESCRIBANIA/10_REPOS/02_ACTIVE/torre-gemela-escribania/provisioning/copilot-studio/sanitized-source-readiness.md,L3,Unknown / POR_DEFINIR,Unknown / POR_DEFINIR,ESCRIBANIA,GATE_CONNECTION_SURFACE_CLASSIFICATION_REQUIRED,low,exclude_false_positive,connection_surface_unclassified
conn.torre_gemela_escribania.unknown_por_definir.15726,conn_canon_004526,SeshatSgin/torre-gemela-escribania,TORRE_GEMELA_ESCRIBANIA,10_UNIVERSOS/ESCRIBANIA/10_REPOS/02_ACTIVE/torre-gemela-escribania/provisioning/copilot-studio/sanitized-source-readiness.md,L29,Unknown / POR_DEFINIR,Unknown / POR_DEFINIR,ESCRIBANIA,GATE_CONNECTION_SURFACE_CLASSIFICATION_REQUIRED,high,exclude_false_positive,connection_surface_unclassified
conn.torre_gemela_escribania.unknown_por_definir.15730,conn_canon_004529,SeshatSgin/torre-gemela-escribania,TORRE_GEMELA_ESCRIBANIA,10_UNIVERSOS/ESCRIBANIA/10_REPOS/02_ACTIVE/torre-gemela-escribania/provisioning/copilot-studio/vscode-insiders-connection-readiness.md,file_name,Unknown / POR_DEFINIR,Unknown / POR_DEFINIR,ESCRIBANIA,GATE_CONNECTION_SURFACE_CLASSIFICATION_REQUIRED,low,exclude_false_positive,connection_surface_unclassified
conn.torre_gemela_escribania.unknown_por_definir.15298,conn_canon_004537,SeshatSgin/torre-gemela-escribania,TORRE_GEMELA_ESCRIBANIA,10_UNIVERSOS/ESCRIBANIA/10_REPOS/02_ACTIVE/torre-gemela-escribania/README.md,L151,Unknown / POR_DEFINIR,Unknown / POR_DEFINIR,ESCRIBANIA,GATE_CONNECTION_SURFACE_CLASSIFICATION_REQUIRED,low,exclude_false_positive,connection_surface_unclassified
conn.torre_gemela_escribania.unknown_por_definir.15746,conn_canon_004538,SeshatSgin/torre-gemela-escribania,TORRE_GEMELA_ESCRIBANIA,10_UNIVERSOS/ESCRIBANIA/10_REPOS/02_ACTIVE/torre-gemela-escribania/registry/agents.yaml,L65,Unknown / POR_DEFINIR,Unknown / POR_DEFINIR,ESCRIBANIA,GATE_CONNECTION_SURFACE_CLASSIFICATION_REQUIRED,low,exclude_false_positive,connection_surface_unclassified
conn.torre_gemela_escribania.unknown_por_definir.15754,conn_canon_004547,SeshatSgin/torre-gemela-escribania,TORRE_GEMELA_ESCRIBANIA,10_UNIVERSOS/ESCRIBANIA/10_REPOS/02_ACTIVE/torre-gemela-escribania/registry/plugins.yaml,L53,Unknown / POR_DEFINIR,Unknown / POR_DEFINIR,ESCRIBANIA,GATE_CONNECTION_SURFACE_CLASSIFICATION_REQUIRED,low,exclude_false_positive,connection_surface_unclassified
conn.torre_gemela_escribania.unknown_por_definir.15779,conn_canon_004554,SeshatSgin/torre-gemela-escribania,TORRE_GEMELA_ESCRIBANIA,10_UNIVERSOS/ESCRIBANIA/10_REPOS/02_ACTIVE/torre-gemela-escribania/registry/recipes.yaml,L161,Unknown / POR_DEFINIR,Unknown / POR_DEFINIR,ESCRIBANIA,GATE_CONNECTION_SURFACE_CLASSIFICATION_REQUIRED,low,exclude_false_positive,connection_surface_unclassified
conn.torre_gemela_escribania.unknown_por_definir.15809,conn_canon_004560,SeshatSgin/torre-gemela-escribania,TORRE_GEMELA_ESCRIBANIA,10_UNIVERSOS/ESCRIBANIA/10_REPOS/02_ACTIVE/torre-gemela-escribania/registry/skills.yaml,L158,Unknown / POR_DEFINIR,Unknown / POR_DEFINIR,ESCRIBANIA,GATE_CONNECTION_SURFACE_CLASSIFICATION_REQUIRED,low,exclude_false_positive,connection_surface_unclassified
conn.torre_gemela_escribania.unknown_por_definir.15837,conn_canon_004566,SeshatSgin/torre-gemela-escribania,TORRE_GEMELA_ESCRIBANIA,10_UNIVERSOS/ESCRIBANIA/10_REPOS/02_ACTIVE/torre-gemela-escribania/scripts/codespaces/validate-codespace-fast.sh,file_name,Unknown / POR_DEFINIR,Unknown / POR_DEFINIR,ESCRIBANIA,GATE_CONNECTION_SURFACE_CLASSIFICATION_REQUIRED,low,exclude_false_positive,connection_surface_unclassified
conn.torre_gemela_escribania.unknown_por_definir.15838,conn_canon_004567,SeshatSgin/torre-gemela-escribania,TORRE_GEMELA_ESCRIBANIA,10_UNIVERSOS/ESCRIBANIA/10_REPOS/02_ACTIVE/torre-gemela-escribania/scripts/codespaces/validate-codespace.sh,file_name,Unknown / POR_DEFINIR,Unknown / POR_DEFINIR,ESCRIBANIA,GATE_CONNECTION_SURFACE_CLASSIFICATION_REQUIRED,low,exclude_false_positive,connection_surface_unclassified
conn.torre_gemela_escribania.unknown_por_definir.16181,conn_canon_004612,SeshatSgin/torre-gemela-escribania,TORRE_GEMELA_ESCRIBANIA,10_UNIVERSOS/ESCRIBANIA/10_REPOS/02_ACTIVE/torre-gemela-escribania/scripts/gates/Test-Tge02DControlledRuntimeActivation.ps1,L295,Unknown / POR_DEFINIR,Unknown / POR_DEFINIR,ESCRIBANIA,GATE_CONNECTION_SURFACE_CLASSIFICATION_REQUIRED,low,exclude_false_positive,connection_surface_unclassified
conn.torre_gemela_escribania.unknown_por_definir.16318,conn_canon_004641,SeshatSgin/torre-gemela-escribania,TORRE_GEMELA_ESCRIBANIA,10_UNIVERSOS/ESCRIBANIA/10_REPOS/02_ACTIVE/torre-gemela-escribania/scripts/gates/Test-Tge03BAgentSdkRealCaseTriageStaging.ps1,L67,Unknown / POR_DEFINIR,Unknown / POR_DEFINIR,ESCRIBANIA,GATE_CONNECTION_SURFACE_CLASSIFICATION_REQUIRED,low,exclude_false_positive,connection_surface_unclassified
conn.torre_gemela_escribania.unknown_por_definir.16326,conn_canon_004644,SeshatSgin/torre-gemela-escribania,TORRE_GEMELA_ESCRIBANIA,10_UNIVERSOS/ESCRIBANIA/10_REPOS/02_ACTIVE/torre-gemela-escribania/scripts/gates/Test-Tge03CAgentUpdateProposals.ps1,L73,Unknown / POR_DEFINIR,Unknown / POR_DEFINIR,ESCRIBANIA,GATE_CONNECTION_SURFACE_CLASSIFICATION_REQUIRED,low,exclude_false_positive,connection_surface_unclassified
conn.torre_gemela_escribania.unknown_por_definir.16347,conn_canon_004649,SeshatSgin/torre-gemela-escribania,TORRE_GEMELA_ESCRIBANIA,10_UNIVERSOS/ESCRIBANIA/10_REPOS/02_ACTIVE/torre-gemela-escribania/scripts/gates/Test-Tge03EDailyOperationReporting.ps1,L61,Unknown / POR_DEFINIR,Unknown / POR_DEFINIR,ESCRIBANIA,GATE_CONNECTION_SURFACE_CLASSIFICATION_REQUIRED,low,exclude_false_positive,connection_surface_unclassified
conn.torre_gemela_escribania.unknown_por_definir.16358,conn_canon_004656,SeshatSgin/torre-gemela-escribania,TORRE_GEMELA_ESCRIBANIA,10_UNIVERSOS/ESCRIBANIA/10_REPOS/02_ACTIVE/torre-gemela-escribania/scripts/gates/Test-Tge04MControlledActivation.ps1,L84,Unknown / POR_DEFINIR,Unknown / POR_DEFINIR,ESCRIBANIA,GATE_CONNECTION_SURFACE_CLASSIFICATION_REQUIRED,low,exclude_false_positive,connection_surface_unclassified
conn.torre_gemela_escribania.unknown_por_definir.16391,conn_canon_004667,SeshatSgin/torre-gemela-escribania,TORRE_GEMELA_ESCRIBANIA,10_UNIVERSOS/ESCRIBANIA/10_REPOS/02_ACTIVE/torre-gemela-escribania/scripts/validators/common.py,L21,Unknown / POR_DEFINIR,Unknown / POR_DEFINIR,ESCRIBANIA,GATE_CONNECTION_SURFACE_CLASSIFICATION_REQUIRED,low,exclude_false_positive,connection_surface_unclassified
conn.torre_gemela_escribania.unknown_por_definir.16819,conn_canon_004717,SeshatSgin/torre-gemela-escribania,TORRE_GEMELA_ESCRIBANIA,10_UNIVERSOS/ESCRIBANIA/10_REPOS/02_ACTIVE/torre-gemela-escribania/scripts/validators/runtime_activation_result_validator.py,L65,Unknown / POR_DEFINIR,Unknown / POR_DEFINIR,ESCRIBANIA,GATE_CONNECTION_SURFACE_CLASSIFICATION_REQUIRED,low,exclude_false_positive,connection_surface_unclassified
conn.torre_gemela_escribania.unknown_por_definir.16827,conn_canon_004720,SeshatSgin/torre-gemela-escribania,TORRE_GEMELA_ESCRIBANIA,10_UNIVERSOS/ESCRIBANIA/10_REPOS/02_ACTIVE/torre-gemela-escribania/scripts/validators/sdu_cn_agent_personalization_validator.py,L130,Unknown / POR_DEFINIR,Unknown / POR_DEFINIR,ESCRIBANIA,GATE_CONNECTION_SURFACE_CLASSIFICATION_REQUIRED,low,exclude_false_positive,connection_surface_unclassified
conn.torre_gemela_escribania.unknown_por_definir.16836,conn_canon_004727,SeshatSgin/torre-gemela-escribania,TORRE_GEMELA_ESCRIBANIA,10_UNIVERSOS/ESCRIBANIA/10_REPOS/02_ACTIVE/torre-gemela-escribania/scripts/validators/sdu_cn_agent_skill_recipe_tool_validator.py,L121,Unknown / POR_DEFINIR,Unknown / POR_DEFINIR,ESCRIBANIA,GATE_CONNECTION_SURFACE_CLASSIFICATION_REQUIRED,low,exclude_false_positive,connection_surface_unclassified
conn.torre_gemela_escribania.unknown_por_definir.16842,conn_canon_004732,SeshatSgin/torre-gemela-escribania,TORRE_GEMELA_ESCRIBANIA,10_UNIVERSOS/ESCRIBANIA/10_REPOS/02_ACTIVE/torre-gemela-escribania/scripts/validators/sdu_cn_copilot_dummy_eval_validator.py,file_name,Unknown / POR_DEFINIR,Unknown / POR_DEFINIR,ESCRIBANIA,GATE_CONNECTION_SURFACE_CLASSIFICATION_REQUIRED,low,exclude_false_positive,connection_surface_unclassified
conn.torre_gemela_escribania.unknown_por_definir.16856,conn_canon_004738,SeshatSgin/torre-gemela-escribania,TORRE_GEMELA_ESCRIBANIA,10_UNIVERSOS/ESCRIBANIA/10_REPOS/02_ACTIVE/torre-gemela-escribania/scripts/validators/sdu_cn_dlp_owner_usage_mapping_validator.py,L13,Unknown / POR_DEFINIR,Unknown / POR_DEFINIR,ESCRIBANIA,GATE_CONNECTION_SURFACE_CLASSIFICATION_REQUIRED,low,exclude_false_positive,connection_surface_unclassified
conn.torre_gemela_escribania.unknown_por_definir.16871,conn_canon_004742,SeshatSgin/torre-gemela-escribania,TORRE_GEMELA_ESCRIBANIA,10_UNIVERSOS/ESCRIBANIA/10_REPOS/02_ACTIVE/torre-gemela-escribania/scripts/validators/sdu_cn_environment_confirmation_validator.py,L14,Unknown / POR_DEFINIR,Unknown / POR_DEFINIR,ESCRIBANIA,GATE_CONNECTION_SURFACE_CLASSIFICATION_REQUIRED,low,exclude_false_positive,connection_surface_unclassified
conn.torre_gemela_escribania.unknown_por_definir.16901,conn_canon_004749,SeshatSgin/torre-gemela-escribania,TORRE_GEMELA_ESCRIBANIA,10_UNIVERSOS/ESCRIBANIA/10_REPOS/02_ACTIVE/torre-gemela-escribania/scripts/validators/sdu_cn_live_precheck_validator.py,L53,Unknown / POR_DEFINIR,Unknown / POR_DEFINIR,ESCRIBANIA,GATE_CONNECTION_SURFACE_CLASSIFICATION_REQUIRED,low,exclude_false_positive,connection_surface_unclassified
conn.torre_gemela_escribania.unknown_por_definir.16906,conn_canon_004755,SeshatSgin/torre-gemela-escribania,TORRE_GEMELA_ESCRIBANIA,10_UNIVERSOS/ESCRIBANIA/10_REPOS/02_ACTIVE/torre-gemela-escribania/scripts/validators/sdu_cn_narrative_coherence_validator.py,L12,Unknown / POR_DEFINIR,Unknown / POR_DEFINIR,ESCRIBANIA,GATE_CONNECTION_SURFACE_CLASSIFICATION_REQUIRED,low,exclude_false_positive,connection_surface_unclassified
conn.torre_gemela_escribania.unknown_por_definir.16937,conn_canon_004767,SeshatSgin/torre-gemela-escribania,TORRE_GEMELA_ESCRIBANIA,10_UNIVERSOS/ESCRIBANIA/10_REPOS/02_ACTIVE/torre-gemela-escribania/scripts/validators/sdu_cn_v1_validator.py,L24,Unknown / POR_DEFINIR,Unknown / POR_DEFINIR,ESCRIBANIA,GATE_CONNECTION_SURFACE_CLASSIFICATION_REQUIRED,low,exclude_false_positive,connection_surface_unclassified
conn.torre_gemela_escribania.unknown_por_definir.17020,conn_canon_004771,SeshatSgin/torre-gemela-escribania,TORRE_GEMELA_ESCRIBANIA,10_UNIVERSOS/ESCRIBANIA/10_REPOS/02_ACTIVE/torre-gemela-escribania/scripts/validators/sdu_documental_matrix_validator.py,L87,Unknown / POR_DEFINIR,Unknown / POR_DEFINIR,ESCRIBANIA,GATE_CONNECTION_SURFACE_CLASSIFICATION_REQUIRED,low,exclude_false_positive,connection_surface_unclassified
conn.torre_gemela_escribania.unknown_por_definir.17038,conn_canon_004774,SeshatSgin/torre-gemela-escribania,TORRE_GEMELA_ESCRIBANIA,10_UNIVERSOS/ESCRIBANIA/10_REPOS/02_ACTIVE/torre-gemela-escribania/scripts/validators/tge_agent_03b_staging_validator.py,L89,Unknown / POR_DEFINIR,Unknown / POR_DEFINIR,ESCRIBANIA,GATE_CONNECTION_SURFACE_CLASSIFICATION_REQUIRED,low,exclude_false_positive,connection_surface_unclassified
conn.torre_gemela_escribania.unknown_por_definir.17047,conn_canon_004777,SeshatSgin/torre-gemela-escribania,TORRE_GEMELA_ESCRIBANIA,10_UNIVERSOS/ESCRIBANIA/10_REPOS/02_ACTIVE/torre-gemela-escribania/scripts/validators/tge_agent_03c_update_proposals_validator.py,L167,Unknown / POR_DEFINIR,Unknown / POR_DEFINIR,ESCRIBANIA,GATE_CONNECTION_SURFACE_CLASSIFICATION_REQUIRED,low,exclude_false_positive,connection_surface_unclassified
conn.torre_gemela_escribania.unknown_por_definir.17059,conn_canon_004780,SeshatSgin/torre-gemela-escribania,TORRE_GEMELA_ESCRIBANIA,10_UNIVERSOS/ESCRIBANIA/10_REPOS/02_ACTIVE/torre-gemela-escribania/scripts/validators/tge_agent_03d_approval_matrix_completion_validator.py,L114,Unknown / POR_DEFINIR,Unknown / POR_DEFINIR,ESCRIBANIA,GATE_CONNECTION_SURFACE_CLASSIFICATION_REQUIRED,low,exclude_false_positive,connection_surface_unclassified
conn.torre_gemela_escribania.unknown_por_definir.17084,conn_canon_004785,SeshatSgin/torre-gemela-escribania,TORRE_GEMELA_ESCRIBANIA,10_UNIVERSOS/ESCRIBANIA/10_REPOS/02_ACTIVE/torre-gemela-escribania/scripts/validators/tge_agent_03e_daily_reporting_validator.py,L156,Unknown / POR_DEFINIR,Unknown / POR_DEFINIR,ESCRIBANIA,GATE_CONNECTION_SURFACE_CLASSIFICATION_REQUIRED,low,exclude_false_positive,connection_surface_unclassified
conn.torre_gemela_escribania.unknown_por_definir.17091,conn_canon_004792,SeshatSgin/torre-gemela-escribania,TORRE_GEMELA_ESCRIBANIA,10_UNIVERSOS/ESCRIBANIA/10_REPOS/02_ACTIVE/torre-gemela-escribania/scripts/validators/tge_agent_capability_full_stack_validator.py,L32,Unknown / POR_DEFINIR,Unknown / POR_DEFINIR,ESCRIBANIA,GATE_CONNECTION_SURFACE_CLASSIFICATION_REQUIRED,low,exclude_false_positive,connection_surface_unclassified
conn.torre_gemela_escribania.unknown_por_definir.17108,conn_canon_004797,SeshatSgin/torre-gemela-escribania,TORRE_GEMELA_ESCRIBANIA,10_UNIVERSOS/ESCRIBANIA/10_REPOS/02_ACTIVE/torre-gemela-escribania/scripts/validators/tge_agent_layer_validator.py,L160,Unknown / POR_DEFINIR,Unknown / POR_DEFINIR,ESCRIBANIA,GATE_CONNECTION_SURFACE_CLASSIFICATION_REQUIRED,low,exclude_false_positive,connection_surface_unclassified
conn.torre_gemela_escribania.unknown_por_definir.17109,conn_canon_004803,SeshatSgin/torre-gemela-escribania,TORRE_GEMELA_ESCRIBANIA,10_UNIVERSOS/ESCRIBANIA/10_REPOS/02_ACTIVE/torre-gemela-escribania/scripts/validators/tge_agent_surface_reading_map_validator.py,L47,Unknown / POR_DEFINIR,Unknown / POR_DEFINIR,ESCRIBANIA,GATE_CONNECTION_SURFACE_CLASSIFICATION_REQUIRED,low,exclude_false_positive,connection_surface_unclassified
conn.torre_gemela_escribania.unknown_por_definir.17127,conn_canon_004807,SeshatSgin/torre-gemela-escribania,TORRE_GEMELA_ESCRIBANIA,10_UNIVERSOS/ESCRIBANIA/10_REPOS/02_ACTIVE/torre-gemela-escribania/scripts/validators/tge_agentic_governance_cookbook_validator.py,L74,Unknown / POR_DEFINIR,Unknown / POR_DEFINIR,ESCRIBANIA,GATE_CONNECTION_SURFACE_CLASSIFICATION_REQUIRED,low,exclude_false_positive,connection_surface_unclassified
conn.torre_gemela_escribania.unknown_por_definir.17134,conn_canon_004820,SeshatSgin/torre-gemela-escribania,TORRE_GEMELA_ESCRIBANIA,10_UNIVERSOS/ESCRIBANIA/10_REPOS/02_ACTIVE/torre-gemela-escribania/scripts/validators/tge_cdf_staff_agent_team_validator.py,L20,Unknown / POR_DEFINIR,Unknown / POR_DEFINIR,ESCRIBANIA,GATE_CONNECTION_SURFACE_CLASSIFICATION_REQUIRED,low,exclude_false_positive,connection_surface_unclassified
conn.torre_gemela_escribania.unknown_por_definir.17189,conn_canon_004823,SeshatSgin/torre-gemela-escribania,TORRE_GEMELA_ESCRIBANIA,10_UNIVERSOS/ESCRIBANIA/10_REPOS/02_ACTIVE/torre-gemela-escribania/scripts/validators/tge_court_order_adapter_prompt_eval_validator.py,L69,Unknown / POR_DEFINIR,Unknown / POR_DEFINIR,ESCRIBANIA,GATE_CONNECTION_SURFACE_CLASSIFICATION_REQUIRED,low,exclude_false_positive,connection_surface_unclassified
conn.torre_gemela_escribania.unknown_por_definir.17190,conn_canon_004826,SeshatSgin/torre-gemela-escribania,TORRE_GEMELA_ESCRIBANIA,10_UNIVERSOS/ESCRIBANIA/10_REPOS/02_ACTIVE/torre-gemela-escribania/scripts/validators/tge_dual_codespace_cabina_prep_validator.py,file_name,Unknown / POR_DEFINIR,Unknown / POR_DEFINIR,ESCRIBANIA,GATE_CONNECTION_SURFACE_CLASSIFICATION_REQUIRED,low,exclude_false_positive,connection_surface_unclassified
conn.torre_gemela_escribania.unknown_por_definir.17211,conn_canon_004836,SeshatSgin/torre-gemela-escribania,TORRE_GEMELA_ESCRIBANIA,10_UNIVERSOS/ESCRIBANIA/10_REPOS/02_ACTIVE/torre-gemela-escribania/scripts/validators/tge_live_runtime_parallel_canon_validator.py,L45,Unknown / POR_DEFINIR,Unknown / POR_DEFINIR,ESCRIBANIA,GATE_CONNECTION_SURFACE_CLASSIFICATION_REQUIRED,low,exclude_false_positive,connection_surface_unclassified
conn.torre_gemela_escribania.unknown_por_definir.17219,conn_canon_004840,SeshatSgin/torre-gemela-escribania,TORRE_GEMELA_ESCRIBANIA,10_UNIVERSOS/ESCRIBANIA/10_REPOS/02_ACTIVE/torre-gemela-escribania/scripts/validators/tge_microsoft_execution_enablement_validator.py,L53,Unknown / POR_DEFINIR,Unknown / POR_DEFINIR,ESCRIBANIA,GATE_CONNECTION_SURFACE_CLASSIFICATION_REQUIRED,low,exclude_false_positive,connection_surface_unclassified
conn.torre_gemela_escribania.unknown_por_definir.17254,conn_canon_004853,SeshatSgin/torre-gemela-escribania,TORRE_GEMELA_ESCRIBANIA,10_UNIVERSOS/ESCRIBANIA/10_REPOS/02_ACTIVE/torre-gemela-escribania/scripts/validators/tge_remote_agent_bootstrap_validator.py,L56,Unknown / POR_DEFINIR,Unknown / POR_DEFINIR,ESCRIBANIA,GATE_CONNECTION_SURFACE_CLASSIFICATION_REQUIRED,low,exclude_false_positive,connection_surface_unclassified
conn.torre_gemela_escribania.unknown_por_definir.17265,conn_canon_004856,SeshatSgin/torre-gemela-escribania,TORRE_GEMELA_ESCRIBANIA,10_UNIVERSOS/ESCRIBANIA/10_REPOS/02_ACTIVE/torre-gemela-escribania/scripts/validators/tge_repo_agent_discovery_validator.py,L34,Unknown / POR_DEFINIR,Unknown / POR_DEFINIR,ESCRIBANIA,GATE_CONNECTION_SURFACE_CLASSIFICATION_REQUIRED,low,exclude_false_positive,connection_surface_unclassified
conn.torre_gemela_escribania.unknown_por_definir.17267,conn_canon_004858,SeshatSgin/torre-gemela-escribania,TORRE_GEMELA_ESCRIBANIA,10_UNIVERSOS/ESCRIBANIA/10_REPOS/02_ACTIVE/torre-gemela-escribania/scripts/validators/tge_repo_wide_normalization_validator.py,L9,Unknown / POR_DEFINIR,Unknown / POR_DEFINIR,ESCRIBANIA,GATE_CONNECTION_SURFACE_CLASSIFICATION_REQUIRED,low,exclude_false_positive,connection_surface_unclassified
conn.torre_gemela_escribania.unknown_por_definir.17289,conn_canon_004866,SeshatSgin/torre-gemela-escribania,TORRE_GEMELA_ESCRIBANIA,10_UNIVERSOS/ESCRIBANIA/10_REPOS/02_ACTIVE/torre-gemela-escribania/scripts/validators/tge_sdu_cn_agent_activation_validator.py,L145,Unknown / POR_DEFINIR,Unknown / POR_DEFINIR,ESCRIBANIA,GATE_CONNECTION_SURFACE_CLASSIFICATION_REQUIRED,low,exclude_false_positive,connection_surface_unclassified
conn.torre_gemela_escribania.unknown_por_definir.17291,conn_canon_004870,SeshatSgin/torre-gemela-escribania,TORRE_GEMELA_ESCRIBANIA,10_UNIVERSOS/ESCRIBANIA/10_REPOS/02_ACTIVE/torre-gemela-escribania/scripts/validators/tge_sdu_cn_copilot_seshat_normativa_en_us_draft_text_enrichment_validator.py,file_name,Unknown / POR_DEFINIR,Unknown / POR_DEFINIR,ESCRIBANIA,GATE_CONNECTION_SURFACE_CLASSIFICATION_REQUIRED,low,exclude_false_positive,connection_surface_unclassified
conn.torre_gemela_escribania.unknown_por_definir.17303,conn_canon_004873,SeshatSgin/torre-gemela-escribania,TORRE_GEMELA_ESCRIBANIA,10_UNIVERSOS/ESCRIBANIA/10_REPOS/02_ACTIVE/torre-gemela-escribania/scripts/validators/tge_sdu_cn_copilot_shell_seshat_normativa_validator.py,file_name,Unknown / POR_DEFINIR,Unknown / POR_DEFINIR,ESCRIBANIA,GATE_CONNECTION_SURFACE_CLASSIFICATION_REQUIRED,low,exclude_false_positive,connection_surface_unclassified
conn.torre_gemela_escribania.unknown_por_definir.17309,conn_canon_004877,SeshatSgin/torre-gemela-escribania,TORRE_GEMELA_ESCRIBANIA,10_UNIVERSOS/ESCRIBANIA/10_REPOS/02_ACTIVE/torre-gemela-escribania/scripts/validators/tge_sdu_cn_microsoft_execution_validator.py,L72,Unknown / POR_DEFINIR,Unknown / POR_DEFINIR,ESCRIBANIA,GATE_CONNECTION_SURFACE_CLASSIFICATION_REQUIRED,low,exclude_false_positive,connection_surface_unclassified
conn.torre_gemela_escribania.unknown_por_definir.17343,conn_canon_004887,SeshatSgin/torre-gemela-escribania,TORRE_GEMELA_ESCRIBANIA,10_UNIVERSOS/ESCRIBANIA/10_REPOS/02_ACTIVE/torre-gemela-escribania/scripts/validators/tge_tcu_bidirectional_transfer_validator.py,L57,Unknown / POR_DEFINIR,Unknown / POR_DEFINIR,ESCRIBANIA,GATE_CONNECTION_SURFACE_CLASSIFICATION_REQUIRED,low,exclude_false_positive,connection_surface_unclassified
conn.torre_gemela_escribania.unknown_por_definir.17355,conn_canon_004890,SeshatSgin/torre-gemela-escribania,TORRE_GEMELA_ESCRIBANIA,10_UNIVERSOS/ESCRIBANIA/10_REPOS/02_ACTIVE/torre-gemela-escribania/scripts/validators/tge_tcu_rey_court_mapping_validator.py,L31,Unknown / POR_DEFINIR,Unknown / POR_DEFINIR,ESCRIBANIA,GATE_CONNECTION_SURFACE_CLASSIFICATION_REQUIRED,low,exclude_false_positive,connection_surface_unclassified
conn.torre_gemela_escribania.unknown_por_definir.17379,conn_canon_004911,SeshatSgin/torre-gemela-escribania,TORRE_GEMELA_ESCRIBANIA,10_UNIVERSOS/ESCRIBANIA/10_REPOS/02_ACTIVE/torre-gemela-escribania/scripts/validators/validate_context.py,L32,Unknown / POR_DEFINIR,Unknown / POR_DEFINIR,ESCRIBANIA,GATE_CONNECTION_SURFACE_CLASSIFICATION_REQUIRED,low,exclude_false_positive,connection_surface_unclassified
conn.torre_gemela_escribania.unknown_por_definir.17449,conn_canon_004912,SeshatSgin/torre-gemela-escribania,TORRE_GEMELA_ESCRIBANIA,10_UNIVERSOS/ESCRIBANIA/10_REPOS/02_ACTIVE/torre-gemela-escribania/scripts/validators/validate_context.py,L195,Unknown / POR_DEFINIR,Unknown / POR_DEFINIR,ESCRIBANIA,GATE_CONNECTION_SURFACE_CLASSIFICATION_REQUIRED,high,exclude_false_positive,connection_surface_unclassified
conn.torre_gemela_escribania.unknown_por_definir.15309,conn_canon_004917,SeshatSgin/torre-gemela-escribania,TORRE_GEMELA_ESCRIBANIA,10_UNIVERSOS/ESCRIBANIA/10_REPOS/02_ACTIVE/torre-gemela-escribania/TorreGemelaEscribania.code-workspace,file_name,Unknown / POR_DEFINIR,Unknown / POR_DEFINIR,ESCRIBANIA,GATE_CONNECTION_SURFACE_CLASSIFICATION_REQUIRED,low,exclude_false_positive,connection_surface_unclassified
conn.d_cabina_universal_root.unknown_por_definir.0467,conn_canon_004925,universo-rey/cabina-universal-d,D_CABINA_UNIVERSAL_ROOT,.agents/codex/agents.json,L521,Unknown / POR_DEFINIR,Unknown / POR_DEFINIR,ROOT_CONTROL_PLANE,GATE_CONNECTION_SURFACE_CLASSIFICATION_REQUIRED,low,exclude_false_positive,connection_surface_unclassified
conn.d_cabina_universal_root.unknown_por_definir.0526,conn_canon_004940,universo-rey/cabina-universal-d,D_CABINA_UNIVERSAL_ROOT,.agents/codex/agents/04_TORRES_DE_UNIVERSO/CAPABILITIES.csv,L2,Unknown / POR_DEFINIR,Unknown / POR_DEFINIR,ROOT_CONTROL_PLANE,GATE_CONNECTION_SURFACE_CLASSIFICATION_REQUIRED,low,exclude_false_positive,connection_surface_unclassified
conn.d_cabina_universal_root.unknown_por_definir.0532,conn_canon_004943,universo-rey/cabina-universal-d,D_CABINA_UNIVERSAL_ROOT,.agents/codex/agents/05_SOPORTE_TECNICO/codex.workspace_guardian.md,file_name,Unknown / POR_DEFINIR,Unknown / POR_DEFINIR,ROOT_CONTROL_PLANE,GATE_CONNECTION_SURFACE_CLASSIFICATION_REQUIRED,low,exclude_false_positive,connection_surface_unclassified
conn.d_cabina_universal_root.unknown_por_definir.0703,conn_canon_005016,universo-rey/cabina-universal-d,D_CABINA_UNIVERSAL_ROOT,.agents/codex/maps/SURFACE_BOUNDARY_MAP.csv,L10,Unknown / POR_DEFINIR,Unknown / POR_DEFINIR,ROOT_CONTROL_PLANE,GATE_CONNECTION_SURFACE_CLASSIFICATION_REQUIRED,low,exclude_false_positive,connection_surface_unclassified
conn.d_cabina_universal_root.unknown_por_definir.0840,conn_canon_005062,universo-rey/cabina-universal-d,D_CABINA_UNIVERSAL_ROOT,.agents/codex/matrices/CAPABILITY_MATRIX.csv,L29,Unknown / POR_DEFINIR,Unknown / POR_DEFINIR,ROOT_CONTROL_PLANE,GATE_CONNECTION_SURFACE_CLASSIFICATION_REQUIRED,low,exclude_false_positive,connection_surface_unclassified
conn.d_cabina_universal_root.unknown_por_definir.0878,conn_canon_005070,universo-rey/cabina-universal-d,D_CABINA_UNIVERSAL_ROOT,.agents/codex/matrices/CODEX_APP_LOCAL_ENVIRONMENT_MATRIX_20260602.csv,L1,Unknown / POR_DEFINIR,Unknown / POR_DEFINIR,ROOT_CONTROL_PLANE,GATE_CONNECTION_SURFACE_CLASSIFICATION_REQUIRED,low,exclude_false_positive,connection_surface_unclassified
conn.d_cabina_universal_root.unknown_por_definir.0896,conn_canon_005077,universo-rey/cabina-universal-d,D_CABINA_UNIVERSAL_ROOT,.agents/codex/matrices/CODEX_CLOUD_GOVERNED_LANE_MATRIX.csv,L1,Unknown / POR_DEFINIR,Unknown / POR_DEFINIR,ROOT_CONTROL_PLANE,GATE_CONNECTION_SURFACE_CLASSIFICATION_REQUIRED,low,exclude_false_positive,connection_surface_unclassified
conn.d_cabina_universal_root.unknown_por_definir.1267,conn_canon_005196,universo-rey/cabina-universal-d,D_CABINA_UNIVERSAL_ROOT,.agents/codex/matrices/SUBLEVEL_CAPACITY_MATRIX.csv,file_name,Unknown / POR_DEFINIR,Unknown / POR_DEFINIR,ROOT_CONTROL_PLANE,GATE_CONNECTION_SURFACE_CLASSIFICATION_REQUIRED,low,exclude_false_positive,connection_surface_unclassified
conn.d_cabina_universal_root.unknown_por_definir.1344,conn_canon_005223,universo-rey/cabina-universal-d,D_CABINA_UNIVERSAL_ROOT,.agents/codex/orders/GOVERNED_ORDER_PREPARATION_PACKET_TEMPLATE.md,file_name,Unknown / POR_DEFINIR,Unknown / POR_DEFINIR,ROOT_CONTROL_PLANE,GATE_CONNECTION_SURFACE_CLASSIFICATION_REQUIRED,low,exclude_false_positive,connection_surface_unclassified
conn.d_cabina_universal_root.unknown_por_definir.1608,conn_canon_005327,universo-rey/cabina-universal-d,D_CABINA_UNIVERSAL_ROOT,.agents/codex/readbacks/2026-06-03_codex_cloud_cabina_activation_gate.md,L4,Unknown / POR_DEFINIR,Unknown / POR_DEFINIR,ROOT_CONTROL_PLANE,GATE_CONNECTION_SURFACE_CLASSIFICATION_REQUIRED,low,exclude_false_positive,connection_surface_unclassified
conn.d_cabina_universal_root.unknown_por_definir.1745,conn_canon_005370,universo-rey/cabina-universal-d,D_CABINA_UNIVERSAL_ROOT,.agents/codex/readbacks/2026-06-03_pr56_precision_corrections_readback.md,L55,Unknown / POR_DEFINIR,Unknown / POR_DEFINIR,ROOT_CONTROL_PLANE,GATE_CONNECTION_SURFACE_CLASSIFICATION_REQUIRED,low,exclude_false_positive,connection_surface_unclassified
conn.d_cabina_universal_root.unknown_por_definir.1824,conn_canon_005400,universo-rey/cabina-universal-d,D_CABINA_UNIVERSAL_ROOT,.agents/codex/recipes/recipe.gate_decision_packet.md,file_name,Unknown / POR_DEFINIR,Unknown / POR_DEFINIR,ROOT_CONTROL_PLANE,GATE_CONNECTION_SURFACE_CLASSIFICATION_REQUIRED,low,exclude_false_positive,connection_surface_unclassified
conn.d_cabina_universal_root.unknown_por_definir.1854,conn_canon_005412,universo-rey/cabina-universal-d,D_CABINA_UNIVERSAL_ROOT,.agents/codex/recipes/recipe.workspace_reference_audit.md,file_name,Unknown / POR_DEFINIR,Unknown / POR_DEFINIR,ROOT_CONTROL_PLANE,GATE_CONNECTION_SURFACE_CLASSIFICATION_REQUIRED,low,exclude_false_positive,connection_surface_unclassified
conn.d_cabina_universal_root.unknown_por_definir.2013,conn_canon_005459,universo-rey/cabina-universal-d,D_CABINA_UNIVERSAL_ROOT,.agents/codex/tools/local_generate_agent_workpapers.ps1,L373,Unknown / POR_DEFINIR,Unknown / POR_DEFINIR,ROOT_CONTROL_PLANE,GATE_CONNECTION_SURFACE_CLASSIFICATION_REQUIRED,low,exclude_false_positive,connection_surface_unclassified
conn.d_cabina_universal_root.unknown_por_definir.2070,conn_canon_005473,universo-rey/cabina-universal-d,D_CABINA_UNIVERSAL_ROOT,.agents/codex/tools/local_validate_codex_app_environments.ps1,L98,Unknown / POR_DEFINIR,Unknown / POR_DEFINIR,ROOT_CONTROL_PLANE,GATE_CONNECTION_SURFACE_CLASSIFICATION_REQUIRED,low,exclude_false_positive,connection_surface_unclassified
conn.d_cabina_universal_root.unknown_por_definir.2078,conn_canon_005474,universo-rey/cabina-universal-d,D_CABINA_UNIVERSAL_ROOT,.agents/codex/tools/local_validate_codex_app_environments.ps1,L193,Unknown / POR_DEFINIR,Unknown / POR_DEFINIR,ROOT_CONTROL_PLANE,GATE_CONNECTION_SURFACE_CLASSIFICATION_REQUIRED,high,exclude_false_positive,connection_surface_unclassified
conn.d_cabina_universal_root.unknown_por_definir.2083,conn_canon_005476,universo-rey/cabina-universal-d,D_CABINA_UNIVERSAL_ROOT,.agents/codex/tools/local_validate_codex_cloud_governed_lane.ps1,L116,Unknown / POR_DEFINIR,Unknown / POR_DEFINIR,ROOT_CONTROL_PLANE,GATE_CONNECTION_SURFACE_CLASSIFICATION_REQUIRED,low,exclude_false_positive,connection_surface_unclassified
conn.d_cabina_universal_root.unknown_por_definir.2193,conn_canon_005482,universo-rey/cabina-universal-d,D_CABINA_UNIVERSAL_ROOT,.agents/codex/tools/local_validate_order_packets.ps1,file_name,Unknown / POR_DEFINIR,Unknown / POR_DEFINIR,ROOT_CONTROL_PLANE,GATE_CONNECTION_SURFACE_CLASSIFICATION_REQUIRED,low,exclude_false_positive,connection_surface_unclassified
conn.d_cabina_universal_root.unknown_por_definir.1971,conn_canon_005498,universo-rey/cabina-universal-d,D_CABINA_UNIVERSAL_ROOT,.agents/codex/tools/SOURCE_TCU_registry.tool-permissions.yaml,L30,Unknown / POR_DEFINIR,Unknown / POR_DEFINIR,ROOT_CONTROL_PLANE,GATE_CONNECTION_SURFACE_CLASSIFICATION_REQUIRED,low,exclude_false_positive,connection_surface_unclassified
conn.d_cabina_universal_root.unknown_por_definir.1948,conn_canon_005508,universo-rey/cabina-universal-d,D_CABINA_UNIVERSAL_ROOT,.agents/codex/tools/SOURCE_TCU_RUNTIME_tcu_controlled_runtime_harness.py,L42,Unknown / POR_DEFINIR,Unknown / POR_DEFINIR,ROOT_CONTROL_PLANE,GATE_CONNECTION_SURFACE_CLASSIFICATION_REQUIRED,low,exclude_false_positive,connection_surface_unclassified
conn.d_cabina_universal_root.unknown_por_definir.2443,conn_canon_005688,universo-rey/cabina-universal-d,D_CABINA_UNIVERSAL_ROOT,MANIFEST.yaml,L19,Unknown / POR_DEFINIR,Unknown / POR_DEFINIR,ROOT_CONTROL_PLANE,GATE_CONNECTION_SURFACE_CLASSIFICATION_REQUIRED,low,exclude_false_positive,connection_surface_unclassified
conn.microsoft_agents_governed_lab.unknown_por_definir.22209,conn_canon_005715,universo-rey/microsoft-agents-governed-lab,MICROSOFT_AGENTS_GOVERNED_LAB,10_UNIVERSOS/ESCRIBANIA/10_REPOS/02_ACTIVE/microsoft-agents-governed-lab/.vscode/launch.json,L92,Unknown / POR_DEFINIR,Unknown / POR_DEFINIR,ESCRIBANIA,GATE_CONNECTION_SURFACE_CLASSIFICATION_REQUIRED,low,exclude_false_positive,connection_surface_unclassified
conn.microsoft_agents_governed_lab.unknown_por_definir.22546,conn_canon_005736,universo-rey/microsoft-agents-governed-lab,MICROSOFT_AGENTS_GOVERNED_LAB,10_UNIVERSOS/ESCRIBANIA/10_REPOS/02_ACTIVE/microsoft-agents-governed-lab/agent-plugins/agents-for-js/skills/agents-sdk-debugging/SKILL.md,L66,Unknown / POR_DEFINIR,Unknown / POR_DEFINIR,ESCRIBANIA,GATE_CONNECTION_SURFACE_CLASSIFICATION_REQUIRED,low,exclude_false_positive,connection_surface_unclassified
conn.microsoft_agents_governed_lab.unknown_por_definir.22548,conn_canon_005737,universo-rey/microsoft-agents-governed-lab,MICROSOFT_AGENTS_GOVERNED_LAB,10_UNIVERSOS/ESCRIBANIA/10_REPOS/02_ACTIVE/microsoft-agents-governed-lab/agent-plugins/agents-for-js/skills/agents-sdk-debugging/SKILL.md,L72,Unknown / POR_DEFINIR,Unknown / POR_DEFINIR,ESCRIBANIA,GATE_CONNECTION_SURFACE_CLASSIFICATION_REQUIRED,high,exclude_false_positive,connection_surface_unclassified
conn.microsoft_agents_governed_lab.unknown_por_definir.22580,conn_canon_005746,universo-rey/microsoft-agents-governed-lab,MICROSOFT_AGENTS_GOVERNED_LAB,10_UNIVERSOS/ESCRIBANIA/10_REPOS/02_ACTIVE/microsoft-agents-governed-lab/agent-plugins/agents-for-js/skills/agents-sdk-typescript/SKILL.md,L7,Unknown / POR_DEFINIR,Unknown / POR_DEFINIR,ESCRIBANIA,GATE_CONNECTION_SURFACE_CLASSIFICATION_REQUIRED,low,exclude_false_positive,connection_surface_unclassified
conn.microsoft_agents_governed_lab.unknown_por_definir.22592,conn_canon_005747,universo-rey/microsoft-agents-governed-lab,MICROSOFT_AGENTS_GOVERNED_LAB,10_UNIVERSOS/ESCRIBANIA/10_REPOS/02_ACTIVE/microsoft-agents-governed-lab/agent-plugins/agents-for-js/skills/agents-sdk-typescript/SKILL.md,L49,Unknown / POR_DEFINIR,Unknown / POR_DEFINIR,ESCRIBANIA,GATE_CONNECTION_SURFACE_CLASSIFICATION_REQUIRED,high,exclude_false_positive,connection_surface_unclassified
conn.microsoft_agents_governed_lab.unknown_por_definir.22607,conn_canon_005748,universo-rey/microsoft-agents-governed-lab,MICROSOFT_AGENTS_GOVERNED_LAB,10_UNIVERSOS/ESCRIBANIA/10_REPOS/02_ACTIVE/microsoft-agents-governed-lab/agent-plugins/agents-for-js/skills/agents-sdk-typescript/SKILL.md,L73,Unknown / POR_DEFINIR,Unknown / POR_DEFINIR,ESCRIBANIA,GATE_CONNECTION_SURFACE_CLASSIFICATION_REQUIRED,low,exclude_false_positive,connection_surface_unclassified
conn.microsoft_agents_governed_lab.unknown_por_definir.22672,conn_canon_005759,universo-rey/microsoft-agents-governed-lab,MICROSOFT_AGENTS_GOVERNED_LAB,10_UNIVERSOS/ESCRIBANIA/10_REPOS/02_ACTIVE/microsoft-agents-governed-lab/agent-plugins/agents-for-js/skills/azure-agents-sdk-provision/SKILL.md,L111,Unknown / POR_DEFINIR,Unknown / POR_DEFINIR,ESCRIBANIA,GATE_CONNECTION_SURFACE_CLASSIFICATION_REQUIRED,low,exclude_false_positive,connection_surface_unclassified
conn.microsoft_agents_governed_lab.unknown_por_definir.22699,conn_canon_005760,universo-rey/microsoft-agents-governed-lab,MICROSOFT_AGENTS_GOVERNED_LAB,10_UNIVERSOS/ESCRIBANIA/10_REPOS/02_ACTIVE/microsoft-agents-governed-lab/agent-plugins/agents-for-js/skills/azure-agents-sdk-provision/SKILL.md,L288,Unknown / POR_DEFINIR,Unknown / POR_DEFINIR,ESCRIBANIA,GATE_CONNECTION_SURFACE_CLASSIFICATION_REQUIRED,high,exclude_false_positive,connection_surface_unclassified
conn.microsoft_agents_governed_lab.unknown_por_definir.22678,conn_canon_005761,universo-rey/microsoft-agents-governed-lab,MICROSOFT_AGENTS_GOVERNED_LAB,10_UNIVERSOS/ESCRIBANIA/10_REPOS/02_ACTIVE/microsoft-agents-governed-lab/agent-plugins/agents-for-js/skills/azure-agents-sdk-provision/SKILL.md,L143,Unknown / POR_DEFINIR,Unknown / POR_DEFINIR,ESCRIBANIA,GATE_CONNECTION_SURFACE_CLASSIFICATION_REQUIRED,low,exclude_false_positive,connection_surface_unclassified
conn.microsoft_agents_governed_lab.unknown_por_definir.22791,conn_canon_005767,universo-rey/microsoft-agents-governed-lab,MICROSOFT_AGENTS_GOVERNED_LAB,10_UNIVERSOS/ESCRIBANIA/10_REPOS/02_ACTIVE/microsoft-agents-governed-lab/agent-plugins/agents-for-net/skills/agents-sdk-dotnet-activityhandler-migration/SKILL.md,L25,Unknown / POR_DEFINIR,Unknown / POR_DEFINIR,ESCRIBANIA,GATE_CONNECTION_SURFACE_CLASSIFICATION_REQUIRED,high,exclude_false_positive,connection_surface_unclassified
conn.microsoft_agents_governed_lab.unknown_por_definir.22798,conn_canon_005773,universo-rey/microsoft-agents-governed-lab,MICROSOFT_AGENTS_GOVERNED_LAB,10_UNIVERSOS/ESCRIBANIA/10_REPOS/02_ACTIVE/microsoft-agents-governed-lab/agent-plugins/agents-for-net/skills/agents-sdk-dotnet-debugging/SKILL.md,L83,Unknown / POR_DEFINIR,Unknown / POR_DEFINIR,ESCRIBANIA,GATE_CONNECTION_SURFACE_CLASSIFICATION_REQUIRED,low,exclude_false_positive,connection_surface_unclassified
conn.microsoft_agents_governed_lab.unknown_por_definir.22839,conn_canon_005783,universo-rey/microsoft-agents-governed-lab,MICROSOFT_AGENTS_GOVERNED_LAB,10_UNIVERSOS/ESCRIBANIA/10_REPOS/02_ACTIVE/microsoft-agents-governed-lab/agent-plugins/agents-for-net/skills/agents-sdk-dotnet/SKILL.md,L37,Unknown / POR_DEFINIR,Unknown / POR_DEFINIR,ESCRIBANIA,GATE_CONNECTION_SURFACE_CLASSIFICATION_REQUIRED,low,exclude_false_positive,connection_surface_unclassified
conn.microsoft_agents_governed_lab.unknown_por_definir.22841,conn_canon_005784,universo-rey/microsoft-agents-governed-lab,MICROSOFT_AGENTS_GOVERNED_LAB,10_UNIVERSOS/ESCRIBANIA/10_REPOS/02_ACTIVE/microsoft-agents-governed-lab/agent-plugins/agents-for-net/skills/agents-sdk-dotnet/SKILL.md,L41,Unknown / POR_DEFINIR,Unknown / POR_DEFINIR,ESCRIBANIA,GATE_CONNECTION_SURFACE_CLASSIFICATION_REQUIRED,high,exclude_false_positive,connection_surface_unclassified
conn.microsoft_agents_governed_lab.unknown_por_definir.22896,conn_canon_005795,universo-rey/microsoft-agents-governed-lab,MICROSOFT_AGENTS_GOVERNED_LAB,10_UNIVERSOS/ESCRIBANIA/10_REPOS/02_ACTIVE/microsoft-agents-governed-lab/agent-plugins/agents-for-net/skills/azure-agents-sdk-provision-dotnet/SKILL.md,L5,Unknown / POR_DEFINIR,Unknown / POR_DEFINIR,ESCRIBANIA,GATE_CONNECTION_SURFACE_CLASSIFICATION_REQUIRED,low,exclude_false_positive,connection_surface_unclassified
conn.microsoft_agents_governed_lab.unknown_por_definir.22938,conn_canon_005796,universo-rey/microsoft-agents-governed-lab,MICROSOFT_AGENTS_GOVERNED_LAB,10_UNIVERSOS/ESCRIBANIA/10_REPOS/02_ACTIVE/microsoft-agents-governed-lab/agent-plugins/agents-for-net/skills/azure-agents-sdk-provision-dotnet/SKILL.md,L281,Unknown / POR_DEFINIR,Unknown / POR_DEFINIR,ESCRIBANIA,GATE_CONNECTION_SURFACE_CLASSIFICATION_REQUIRED,high,exclude_false_positive,connection_surface_unclassified
conn.microsoft_agents_governed_lab.unknown_por_definir.22916,conn_canon_005797,universo-rey/microsoft-agents-governed-lab,MICROSOFT_AGENTS_GOVERNED_LAB,10_UNIVERSOS/ESCRIBANIA/10_REPOS/02_ACTIVE/microsoft-agents-governed-lab/agent-plugins/agents-for-net/skills/azure-agents-sdk-provision-dotnet/SKILL.md,L139,Unknown / POR_DEFINIR,Unknown / POR_DEFINIR,ESCRIBANIA,GATE_CONNECTION_SURFACE_CLASSIFICATION_REQUIRED,low,exclude_false_positive,connection_surface_unclassified
conn.microsoft_agents_governed_lab.unknown_por_definir.23029,conn_canon_005804,universo-rey/microsoft-agents-governed-lab,MICROSOFT_AGENTS_GOVERNED_LAB,10_UNIVERSOS/ESCRIBANIA/10_REPOS/02_ACTIVE/microsoft-agents-governed-lab/agent-plugins/agents-for-net/skills/bf-to-agents-sdk-dotnet-migration/SKILL.md,L210,Unknown / POR_DEFINIR,Unknown / POR_DEFINIR,ESCRIBANIA,GATE_CONNECTION_SURFACE_CLASSIFICATION_REQUIRED,low,exclude_false_positive,connection_surface_unclassified
conn.microsoft_agents_governed_lab.unknown_por_definir.23056,conn_canon_005805,universo-rey/microsoft-agents-governed-lab,MICROSOFT_AGENTS_GOVERNED_LAB,10_UNIVERSOS/ESCRIBANIA/10_REPOS/02_ACTIVE/microsoft-agents-governed-lab/agent-plugins/agents-for-net/skills/bf-to-agents-sdk-dotnet-migration/SKILL.md,L420,Unknown / POR_DEFINIR,Unknown / POR_DEFINIR,ESCRIBANIA,GATE_CONNECTION_SURFACE_CLASSIFICATION_REQUIRED,high,exclude_false_positive,connection_surface_unclassified
conn.microsoft_agents_governed_lab.unknown_por_definir.23050,conn_canon_005806,universo-rey/microsoft-agents-governed-lab,MICROSOFT_AGENTS_GOVERNED_LAB,10_UNIVERSOS/ESCRIBANIA/10_REPOS/02_ACTIVE/microsoft-agents-governed-lab/agent-plugins/agents-for-net/skills/bf-to-agents-sdk-dotnet-migration/SKILL.md,L302,Unknown / POR_DEFINIR,Unknown / POR_DEFINIR,ESCRIBANIA,GATE_CONNECTION_SURFACE_CLASSIFICATION_REQUIRED,low,exclude_false_positive,connection_surface_unclassified
conn.microsoft_agents_governed_lab.unknown_por_definir.22252,conn_canon_005822,universo-rey/microsoft-agents-governed-lab,MICROSOFT_AGENTS_GOVERNED_LAB,10_UNIVERSOS/ESCRIBANIA/10_REPOS/02_ACTIVE/microsoft-agents-governed-lab/AgentErrorCodes.md,L36,Unknown / POR_DEFINIR,Unknown / POR_DEFINIR,ESCRIBANIA,GATE_CONNECTION_SURFACE_CLASSIFICATION_REQUIRED,low,exclude_false_positive,connection_surface_unclassified
conn.microsoft_agents_governed_lab.unknown_por_definir.22266,conn_canon_005823,universo-rey/microsoft-agents-governed-lab,MICROSOFT_AGENTS_GOVERNED_LAB,10_UNIVERSOS/ESCRIBANIA/10_REPOS/02_ACTIVE/microsoft-agents-governed-lab/AgentErrorCodes.md,L379,Unknown / POR_DEFINIR,Unknown / POR_DEFINIR,ESCRIBANIA,GATE_CONNECTION_SURFACE_CLASSIFICATION_REQUIRED,high,exclude_false_positive,connection_surface_unclassified
conn.microsoft_agents_governed_lab.unknown_por_definir.22278,conn_canon_005824,universo-rey/microsoft-agents-governed-lab,MICROSOFT_AGENTS_GOVERNED_LAB,10_UNIVERSOS/ESCRIBANIA/10_REPOS/02_ACTIVE/microsoft-agents-governed-lab/AgentErrorCodes.md,L878,Unknown / POR_DEFINIR,Unknown / POR_DEFINIR,ESCRIBANIA,GATE_CONNECTION_SURFACE_CLASSIFICATION_REQUIRED,low,exclude_false_positive,connection_surface_unclassified
conn.microsoft_agents_governed_lab.unknown_por_definir.22394,conn_canon_005831,universo-rey/microsoft-agents-governed-lab,MICROSOFT_AGENTS_GOVERNED_LAB,10_UNIVERSOS/ESCRIBANIA/10_REPOS/02_ACTIVE/microsoft-agents-governed-lab/AgentErrorCodesJS.md,L54,Unknown / POR_DEFINIR,Unknown / POR_DEFINIR,ESCRIBANIA,GATE_CONNECTION_SURFACE_CLASSIFICATION_REQUIRED,low,exclude_false_positive,connection_surface_unclassified
conn.microsoft_agents_governed_lab.unknown_por_definir.22450,conn_canon_005832,universo-rey/microsoft-agents-governed-lab,MICROSOFT_AGENTS_GOVERNED_LAB,10_UNIVERSOS/ESCRIBANIA/10_REPOS/02_ACTIVE/microsoft-agents-governed-lab/AgentErrorCodesJS.md,L1914,Unknown / POR_DEFINIR,Unknown / POR_DEFINIR,ESCRIBANIA,GATE_CONNECTION_SURFACE_CLASSIFICATION_REQUIRED,high,exclude_false_positive,connection_surface_unclassified
conn.microsoft_agents_governed_lab.unknown_por_definir.23062,conn_canon_005846,universo-rey/microsoft-agents-governed-lab,MICROSOFT_AGENTS_GOVERNED_LAB,10_UNIVERSOS/ESCRIBANIA/10_REPOS/02_ACTIVE/microsoft-agents-governed-lab/docs/copilot-studio-client-s2s-doc.md,file_name,Unknown / POR_DEFINIR,Unknown / POR_DEFINIR,ESCRIBANIA,GATE_CONNECTION_SURFACE_CLASSIFICATION_REQUIRED,low,exclude_false_positive,connection_surface_unclassified
conn.microsoft_agents_governed_lab.unknown_por_definir.23070,conn_canon_005847,universo-rey/microsoft-agents-governed-lab,MICROSOFT_AGENTS_GOVERNED_LAB,10_UNIVERSOS/ESCRIBANIA/10_REPOS/02_ACTIVE/microsoft-agents-governed-lab/docs/copilot-studio-client-s2s-doc.md,L29,Unknown / POR_DEFINIR,Unknown / POR_DEFINIR,ESCRIBANIA,GATE_CONNECTION_SURFACE_CLASSIFICATION_REQUIRED,high,exclude_false_positive,connection_surface_unclassified
conn.microsoft_agents_governed_lab.unknown_por_definir.23093,conn_canon_005848,universo-rey/microsoft-agents-governed-lab,MICROSOFT_AGENTS_GOVERNED_LAB,10_UNIVERSOS/ESCRIBANIA/10_REPOS/02_ACTIVE/microsoft-agents-governed-lab/docs/copilot-studio-client-s2s-doc.md,L141,Unknown / POR_DEFINIR,Unknown / POR_DEFINIR,ESCRIBANIA,GATE_CONNECTION_SURFACE_CLASSIFICATION_REQUIRED,low,exclude_false_positive,connection_surface_unclassified
conn.microsoft_agents_governed_lab.unknown_por_definir.23106,conn_canon_005850,universo-rey/microsoft-agents-governed-lab,MICROSOFT_AGENTS_GOVERNED_LAB,10_UNIVERSOS/ESCRIBANIA/10_REPOS/02_ACTIVE/microsoft-agents-governed-lab/docs/enhanced-task-completion.md,L1,Unknown / POR_DEFINIR,Unknown / POR_DEFINIR,ESCRIBANIA,GATE_CONNECTION_SURFACE_CLASSIFICATION_REQUIRED,low,exclude_false_positive,connection_surface_unclassified
conn.microsoft_agents_governed_lab.unknown_por_definir.23166,conn_canon_005855,universo-rey/microsoft-agents-governed-lab,MICROSOFT_AGENTS_GOVERNED_LAB,10_UNIVERSOS/ESCRIBANIA/10_REPOS/02_ACTIVE/microsoft-agents-governed-lab/experimental/agent-provision/create-azurebot.ps1,file_name,Unknown / POR_DEFINIR,Unknown / POR_DEFINIR,ESCRIBANIA,GATE_CONNECTION_SURFACE_CLASSIFICATION_REQUIRED,low,exclude_false_positive,connection_surface_unclassified
conn.microsoft_agents_governed_lab.unknown_por_definir.23175,conn_canon_005856,universo-rey/microsoft-agents-governed-lab,MICROSOFT_AGENTS_GOVERNED_LAB,10_UNIVERSOS/ESCRIBANIA/10_REPOS/02_ACTIVE/microsoft-agents-governed-lab/experimental/agent-provision/create-azurebot.ps1,L60,Unknown / POR_DEFINIR,Unknown / POR_DEFINIR,ESCRIBANIA,GATE_CONNECTION_SURFACE_CLASSIFICATION_REQUIRED,high,exclude_false_positive,connection_surface_unclassified
conn.microsoft_agents_governed_lab.unknown_por_definir.23183,conn_canon_005859,universo-rey/microsoft-agents-governed-lab,MICROSOFT_AGENTS_GOVERNED_LAB,10_UNIVERSOS/ESCRIBANIA/10_REPOS/02_ACTIVE/microsoft-agents-governed-lab/experimental/agent-provision/func-create-fic.ps1,L4,Unknown / POR_DEFINIR,Unknown / POR_DEFINIR,ESCRIBANIA,GATE_CONNECTION_SURFACE_CLASSIFICATION_REQUIRED,low,exclude_false_positive,connection_surface_unclassified
conn.microsoft_agents_governed_lab.unknown_por_definir.23201,conn_canon_005861,universo-rey/microsoft-agents-governed-lab,MICROSOFT_AGENTS_GOVERNED_LAB,10_UNIVERSOS/ESCRIBANIA/10_REPOS/02_ACTIVE/microsoft-agents-governed-lab/experimental/agent-provision/func-create-msi.ps1,L4,Unknown / POR_DEFINIR,Unknown / POR_DEFINIR,ESCRIBANIA,GATE_CONNECTION_SURFACE_CLASSIFICATION_REQUIRED,low,exclude_false_positive,connection_surface_unclassified
conn.microsoft_agents_governed_lab.unknown_por_definir.23221,conn_canon_005866,universo-rey/microsoft-agents-governed-lab,MICROSOFT_AGENTS_GOVERNED_LAB,10_UNIVERSOS/ESCRIBANIA/10_REPOS/02_ACTIVE/microsoft-agents-governed-lab/experimental/bicep-scripts/decompose.ps1,L27,Unknown / POR_DEFINIR,Unknown / POR_DEFINIR,ESCRIBANIA,GATE_CONNECTION_SURFACE_CLASSIFICATION_REQUIRED,low,exclude_false_positive,connection_surface_unclassified
conn.microsoft_agents_governed_lab.unknown_por_definir.23226,conn_canon_005875,universo-rey/microsoft-agents-governed-lab,MICROSOFT_AGENTS_GOVERNED_LAB,10_UNIVERSOS/ESCRIBANIA/10_REPOS/02_ACTIVE/microsoft-agents-governed-lab/experimental/bicep-scripts/samples/auto-signin/README.md,L9,Unknown / POR_DEFINIR,Unknown / POR_DEFINIR,ESCRIBANIA,GATE_CONNECTION_SURFACE_CLASSIFICATION_REQUIRED,low,exclude_false_positive,connection_surface_unclassified
conn.microsoft_agents_governed_lab.unknown_por_definir.23236,conn_canon_005882,universo-rey/microsoft-agents-governed-lab,MICROSOFT_AGENTS_GOVERNED_LAB,10_UNIVERSOS/ESCRIBANIA/10_REPOS/02_ACTIVE/microsoft-agents-governed-lab/experimental/bicep-scripts/samples/obo-authorization/README.md,L11,Unknown / POR_DEFINIR,Unknown / POR_DEFINIR,ESCRIBANIA,GATE_CONNECTION_SURFACE_CLASSIFICATION_REQUIRED,low,exclude_false_positive,connection_surface_unclassified
conn.microsoft_agents_governed_lab.unknown_por_definir.22479,conn_canon_005896,universo-rey/microsoft-agents-governed-lab,MICROSOFT_AGENTS_GOVERNED_LAB,10_UNIVERSOS/ESCRIBANIA/10_REPOS/02_ACTIVE/microsoft-agents-governed-lab/MCSandAgentsEcosystemLinks.md,L9,Unknown / POR_DEFINIR,Unknown / POR_DEFINIR,ESCRIBANIA,GATE_CONNECTION_SURFACE_CLASSIFICATION_REQUIRED,low,exclude_false_positive,connection_surface_unclassified
conn.microsoft_agents_governed_lab.unknown_por_definir.22511,conn_canon_005897,universo-rey/microsoft-agents-governed-lab,MICROSOFT_AGENTS_GOVERNED_LAB,10_UNIVERSOS/ESCRIBANIA/10_REPOS/02_ACTIVE/microsoft-agents-governed-lab/MCSandAgentsEcosystemLinks.md,L102,Unknown / POR_DEFINIR,Unknown / POR_DEFINIR,ESCRIBANIA,GATE_CONNECTION_SURFACE_CLASSIFICATION_REQUIRED,low,exclude_false_positive,connection_surface_unclassified
conn.microsoft_agents_governed_lab.unknown_por_definir.23261,conn_canon_005900,universo-rey/microsoft-agents-governed-lab,MICROSOFT_AGENTS_GOVERNED_LAB,10_UNIVERSOS/ESCRIBANIA/10_REPOS/02_ACTIVE/microsoft-agents-governed-lab/package-lock.json,file_name,Unknown / POR_DEFINIR,Unknown / POR_DEFINIR,ESCRIBANIA,GATE_CONNECTION_SURFACE_CLASSIFICATION_REQUIRED,low,exclude_false_positive,connection_surface_unclassified
conn.microsoft_agents_governed_lab.unknown_por_definir.23266,conn_canon_005902,universo-rey/microsoft-agents-governed-lab,MICROSOFT_AGENTS_GOVERNED_LAB,10_UNIVERSOS/ESCRIBANIA/10_REPOS/02_ACTIVE/microsoft-agents-governed-lab/package.json,file_name,Unknown / POR_DEFINIR,Unknown / POR_DEFINIR,ESCRIBANIA,GATE_CONNECTION_SURFACE_CLASSIFICATION_REQUIRED,low,exclude_false_positive,connection_surface_unclassified
conn.microsoft_agents_governed_lab.unknown_por_definir.23272,conn_canon_005912,universo-rey/microsoft-agents-governed-lab,MICROSOFT_AGENTS_GOVERNED_LAB,10_UNIVERSOS/ESCRIBANIA/10_REPOS/02_ACTIVE/microsoft-agents-governed-lab/samples/dotnet/Agent Framework/AgentOtelExtensions.cs,L77,Unknown / POR_DEFINIR,Unknown / POR_DEFINIR,ESCRIBANIA,GATE_CONNECTION_SURFACE_CLASSIFICATION_REQUIRED,low,exclude_false_positive,connection_surface_unclassified
conn.microsoft_agents_governed_lab.unknown_por_definir.23361,conn_canon_005915,universo-rey/microsoft-agents-governed-lab,MICROSOFT_AGENTS_GOVERNED_LAB,10_UNIVERSOS/ESCRIBANIA/10_REPOS/02_ACTIVE/microsoft-agents-governed-lab/samples/dotnet/Agent Framework/appsettings.json,L26,Unknown / POR_DEFINIR,Unknown / POR_DEFINIR,ESCRIBANIA,GATE_CONNECTION_SURFACE_CLASSIFICATION_REQUIRED,low,exclude_false_positive,connection_surface_unclassified
conn.microsoft_agents_governed_lab.unknown_por_definir.23364,conn_canon_005916,universo-rey/microsoft-agents-governed-lab,MICROSOFT_AGENTS_GOVERNED_LAB,10_UNIVERSOS/ESCRIBANIA/10_REPOS/02_ACTIVE/microsoft-agents-governed-lab/samples/dotnet/Agent Framework/appsettings.json,L30,Unknown / POR_DEFINIR,Unknown / POR_DEFINIR,ESCRIBANIA,GATE_CONNECTION_SURFACE_CLASSIFICATION_REQUIRED,low,exclude_false_positive,connection_surface_unclassified
conn.microsoft_agents_governed_lab.unknown_por_definir.23347,conn_canon_005919,universo-rey/microsoft-agents-governed-lab,MICROSOFT_AGENTS_GOVERNED_LAB,10_UNIVERSOS/ESCRIBANIA/10_REPOS/02_ACTIVE/microsoft-agents-governed-lab/samples/dotnet/Agent Framework/appsettings.Playground.json,L5,Unknown / POR_DEFINIR,Unknown / POR_DEFINIR,ESCRIBANIA,GATE_CONNECTION_SURFACE_CLASSIFICATION_REQUIRED,low,exclude_false_positive,connection_surface_unclassified
conn.microsoft_agents_governed_lab.unknown_por_definir.23351,conn_canon_005920,universo-rey/microsoft-agents-governed-lab,MICROSOFT_AGENTS_GOVERNED_LAB,10_UNIVERSOS/ESCRIBANIA/10_REPOS/02_ACTIVE/microsoft-agents-governed-lab/samples/dotnet/Agent Framework/appsettings.Playground.json,L12,Unknown / POR_DEFINIR,Unknown / POR_DEFINIR,ESCRIBANIA,GATE_CONNECTION_SURFACE_CLASSIFICATION_REQUIRED,high,exclude_false_positive,connection_surface_unclassified
conn.microsoft_agents_governed_lab.unknown_por_definir.23353,conn_canon_005921,universo-rey/microsoft-agents-governed-lab,MICROSOFT_AGENTS_GOVERNED_LAB,10_UNIVERSOS/ESCRIBANIA/10_REPOS/02_ACTIVE/microsoft-agents-governed-lab/samples/dotnet/Agent Framework/appsettings.Playground.json,L16,Unknown / POR_DEFINIR,Unknown / POR_DEFINIR,ESCRIBANIA,GATE_CONNECTION_SURFACE_CLASSIFICATION_REQUIRED,low,exclude_false_positive,connection_surface_unclassified
conn.microsoft_agents_governed_lab.unknown_por_definir.23289,conn_canon_005923,universo-rey/microsoft-agents-governed-lab,MICROSOFT_AGENTS_GOVERNED_LAB,10_UNIVERSOS/ESCRIBANIA/10_REPOS/02_ACTIVE/microsoft-agents-governed-lab/samples/dotnet/Agent Framework/AspNetExtensions.cs,L148,Unknown / POR_DEFINIR,Unknown / POR_DEFINIR,ESCRIBANIA,GATE_CONNECTION_SURFACE_CLASSIFICATION_REQUIRED,low,exclude_false_positive,connection_surface_unclassified
conn.microsoft_agents_governed_lab.unknown_por_definir.23274,conn_canon_005924,universo-rey/microsoft-agents-governed-lab,MICROSOFT_AGENTS_GOVERNED_LAB,10_UNIVERSOS/ESCRIBANIA/10_REPOS/02_ACTIVE/microsoft-agents-governed-lab/samples/dotnet/Agent Framework/AspNetExtensions.cs,L27,Unknown / POR_DEFINIR,Unknown / POR_DEFINIR,ESCRIBANIA,GATE_CONNECTION_SURFACE_CLASSIFICATION_REQUIRED,high,exclude_false_positive,connection_surface_unclassified
conn.microsoft_agents_governed_lab.unknown_por_definir.23339,conn_canon_005935,universo-rey/microsoft-agents-governed-lab,MICROSOFT_AGENTS_GOVERNED_LAB,10_UNIVERSOS/ESCRIBANIA/10_REPOS/02_ACTIVE/microsoft-agents-governed-lab/samples/dotnet/Agent Framework/README.md,L197,Unknown / POR_DEFINIR,Unknown / POR_DEFINIR,ESCRIBANIA,GATE_CONNECTION_SURFACE_CLASSIFICATION_REQUIRED,low,exclude_false_positive,connection_surface_unclassified
conn.microsoft_agents_governed_lab.unknown_por_definir.23340,conn_canon_005936,universo-rey/microsoft-agents-governed-lab,MICROSOFT_AGENTS_GOVERNED_LAB,10_UNIVERSOS/ESCRIBANIA/10_REPOS/02_ACTIVE/microsoft-agents-governed-lab/samples/dotnet/Agent Framework/README.md,L200,Unknown / POR_DEFINIR,Unknown / POR_DEFINIR,ESCRIBANIA,GATE_CONNECTION_SURFACE_CLASSIFICATION_REQUIRED,high,exclude_false_positive,connection_surface_unclassified
conn.microsoft_agents_governed_lab.unknown_por_definir.25772,conn_canon_005938,universo-rey/microsoft-agents-governed-lab,MICROSOFT_AGENTS_GOVERNED_LAB,10_UNIVERSOS/ESCRIBANIA/10_REPOS/02_ACTIVE/microsoft-agents-governed-lab/samples/dotnet/auto-signin/appManifest/manifest.json,L5,Unknown / POR_DEFINIR,Unknown / POR_DEFINIR,ESCRIBANIA,GATE_CONNECTION_SURFACE_CLASSIFICATION_REQUIRED,low,exclude_false_positive,connection_surface_unclassified
conn.microsoft_agents_governed_lab.unknown_por_definir.25784,conn_canon_005940,universo-rey/microsoft-agents-governed-lab,MICROSOFT_AGENTS_GOVERNED_LAB,10_UNIVERSOS/ESCRIBANIA/10_REPOS/02_ACTIVE/microsoft-agents-governed-lab/samples/dotnet/auto-signin/appsettings.json,L37,Unknown / POR_DEFINIR,Unknown / POR_DEFINIR,ESCRIBANIA,GATE_CONNECTION_SURFACE_CLASSIFICATION_REQUIRED,low,exclude_false_positive,connection_surface_unclassified
conn.microsoft_agents_governed_lab.unknown_por_definir.25786,conn_canon_005941,universo-rey/microsoft-agents-governed-lab,MICROSOFT_AGENTS_GOVERNED_LAB,10_UNIVERSOS/ESCRIBANIA/10_REPOS/02_ACTIVE/microsoft-agents-governed-lab/samples/dotnet/auto-signin/appsettings.json,L40,Unknown / POR_DEFINIR,Unknown / POR_DEFINIR,ESCRIBANIA,GATE_CONNECTION_SURFACE_CLASSIFICATION_REQUIRED,high,exclude_false_positive,connection_surface_unclassified
conn.microsoft_agents_governed_lab.unknown_por_definir.25697,conn_canon_005943,universo-rey/microsoft-agents-governed-lab,MICROSOFT_AGENTS_GOVERNED_LAB,10_UNIVERSOS/ESCRIBANIA/10_REPOS/02_ACTIVE/microsoft-agents-governed-lab/samples/dotnet/auto-signin/AspNetExtensions.cs,L148,Unknown / POR_DEFINIR,Unknown / POR_DEFINIR,ESCRIBANIA,GATE_CONNECTION_SURFACE_CLASSIFICATION_REQUIRED,low,exclude_false_positive,connection_surface_unclassified
conn.microsoft_agents_governed_lab.unknown_por_definir.25682,conn_canon_005944,universo-rey/microsoft-agents-governed-lab,MICROSOFT_AGENTS_GOVERNED_LAB,10_UNIVERSOS/ESCRIBANIA/10_REPOS/02_ACTIVE/microsoft-agents-governed-lab/samples/dotnet/auto-signin/AspNetExtensions.cs,L27,Unknown / POR_DEFINIR,Unknown / POR_DEFINIR,ESCRIBANIA,GATE_CONNECTION_SURFACE_CLASSIFICATION_REQUIRED,high,exclude_false_positive,connection_surface_unclassified
conn.microsoft_agents_governed_lab.unknown_por_definir.25730,conn_canon_005948,universo-rey/microsoft-agents-governed-lab,MICROSOFT_AGENTS_GOVERNED_LAB,10_UNIVERSOS/ESCRIBANIA/10_REPOS/02_ACTIVE/microsoft-agents-governed-lab/samples/dotnet/auto-signin/AuthAgent.cs,L115,Unknown / POR_DEFINIR,Unknown / POR_DEFINIR,ESCRIBANIA,GATE_CONNECTION_SURFACE_CLASSIFICATION_REQUIRED,low,exclude_false_positive,connection_surface_unclassified
conn.microsoft_agents_governed_lab.unknown_por_definir.25725,conn_canon_005949,universo-rey/microsoft-agents-governed-lab,MICROSOFT_AGENTS_GOVERNED_LAB,10_UNIVERSOS/ESCRIBANIA/10_REPOS/02_ACTIVE/microsoft-agents-governed-lab/samples/dotnet/auto-signin/AuthAgent.cs,L50,Unknown / POR_DEFINIR,Unknown / POR_DEFINIR,ESCRIBANIA,GATE_CONNECTION_SURFACE_CLASSIFICATION_REQUIRED,high,exclude_false_positive,connection_surface_unclassified
conn.microsoft_agents_governed_lab.unknown_por_definir.25752,conn_canon_005955,universo-rey/microsoft-agents-governed-lab,MICROSOFT_AGENTS_GOVERNED_LAB,10_UNIVERSOS/ESCRIBANIA/10_REPOS/02_ACTIVE/microsoft-agents-governed-lab/samples/dotnet/auto-signin/README.md,L21,Unknown / POR_DEFINIR,Unknown / POR_DEFINIR,ESCRIBANIA,GATE_CONNECTION_SURFACE_CLASSIFICATION_REQUIRED,low,exclude_false_positive,connection_surface_unclassified
conn.microsoft_agents_governed_lab.unknown_por_definir.25762,conn_canon_005956,universo-rey/microsoft-agents-governed-lab,MICROSOFT_AGENTS_GOVERNED_LAB,10_UNIVERSOS/ESCRIBANIA/10_REPOS/02_ACTIVE/microsoft-agents-governed-lab/samples/dotnet/auto-signin/README.md,L86,Unknown / POR_DEFINIR,Unknown / POR_DEFINIR,ESCRIBANIA,GATE_CONNECTION_SURFACE_CLASSIFICATION_REQUIRED,low,exclude_false_positive,connection_surface_unclassified
conn.microsoft_agents_governed_lab.unknown_por_definir.25854,conn_canon_005958,universo-rey/microsoft-agents-governed-lab,MICROSOFT_AGENTS_GOVERNED_LAB,10_UNIVERSOS/ESCRIBANIA/10_REPOS/02_ACTIVE/microsoft-agents-governed-lab/samples/dotnet/azure-ai-streaming/appManifest/manifest.json,L5,Unknown / POR_DEFINIR,Unknown / POR_DEFINIR,ESCRIBANIA,GATE_CONNECTION_SURFACE_CLASSIFICATION_REQUIRED,low,exclude_false_positive,connection_surface_unclassified
conn.microsoft_agents_governed_lab.unknown_por_definir.25866,conn_canon_005961,universo-rey/microsoft-agents-governed-lab,MICROSOFT_AGENTS_GOVERNED_LAB,10_UNIVERSOS/ESCRIBANIA/10_REPOS/02_ACTIVE/microsoft-agents-governed-lab/samples/dotnet/azure-ai-streaming/appsettings.json,L24,Unknown / POR_DEFINIR,Unknown / POR_DEFINIR,ESCRIBANIA,GATE_CONNECTION_SURFACE_CLASSIFICATION_REQUIRED,low,exclude_false_positive,connection_surface_unclassified
conn.microsoft_agents_governed_lab.unknown_por_definir.25868,conn_canon_005962,universo-rey/microsoft-agents-governed-lab,MICROSOFT_AGENTS_GOVERNED_LAB,10_UNIVERSOS/ESCRIBANIA/10_REPOS/02_ACTIVE/microsoft-agents-governed-lab/samples/dotnet/azure-ai-streaming/appsettings.json,L27,Unknown / POR_DEFINIR,Unknown / POR_DEFINIR,ESCRIBANIA,GATE_CONNECTION_SURFACE_CLASSIFICATION_REQUIRED,high,exclude_false_positive,connection_surface_unclassified
conn.microsoft_agents_governed_lab.unknown_por_definir.25805,conn_canon_005964,universo-rey/microsoft-agents-governed-lab,MICROSOFT_AGENTS_GOVERNED_LAB,10_UNIVERSOS/ESCRIBANIA/10_REPOS/02_ACTIVE/microsoft-agents-governed-lab/samples/dotnet/azure-ai-streaming/AspNetExtensions.cs,L148,Unknown / POR_DEFINIR,Unknown / POR_DEFINIR,ESCRIBANIA,GATE_CONNECTION_SURFACE_CLASSIFICATION_REQUIRED,low,exclude_false_positive,connection_surface_unclassified
conn.microsoft_agents_governed_lab.unknown_por_definir.25790,conn_canon_005965,universo-rey/microsoft-agents-governed-lab,MICROSOFT_AGENTS_GOVERNED_LAB,10_UNIVERSOS/ESCRIBANIA/10_REPOS/02_ACTIVE/microsoft-agents-governed-lab/samples/dotnet/azure-ai-streaming/AspNetExtensions.cs,L27,Unknown / POR_DEFINIR,Unknown / POR_DEFINIR,ESCRIBANIA,GATE_CONNECTION_SURFACE_CLASSIFICATION_REQUIRED,high,exclude_false_positive,connection_surface_unclassified
conn.microsoft_agents_governed_lab.unknown_por_definir.25839,conn_canon_005973,universo-rey/microsoft-agents-governed-lab,MICROSOFT_AGENTS_GOVERNED_LAB,10_UNIVERSOS/ESCRIBANIA/10_REPOS/02_ACTIVE/microsoft-agents-governed-lab/samples/dotnet/azure-ai-streaming/README.md,L31,Unknown / POR_DEFINIR,Unknown / POR_DEFINIR,ESCRIBANIA,GATE_CONNECTION_SURFACE_CLASSIFICATION_REQUIRED,low,exclude_false_positive,connection_surface_unclassified
conn.microsoft_agents_governed_lab.unknown_por_definir.25844,conn_canon_005974,universo-rey/microsoft-agents-governed-lab,MICROSOFT_AGENTS_GOVERNED_LAB,10_UNIVERSOS/ESCRIBANIA/10_REPOS/02_ACTIVE/microsoft-agents-governed-lab/samples/dotnet/azure-ai-streaming/README.md,L72,Unknown / POR_DEFINIR,Unknown / POR_DEFINIR,ESCRIBANIA,GATE_CONNECTION_SURFACE_CLASSIFICATION_REQUIRED,low,exclude_false_positive,connection_surface_unclassified
conn.microsoft_agents_governed_lab.unknown_por_definir.25943,conn_canon_005979,universo-rey/microsoft-agents-governed-lab,MICROSOFT_AGENTS_GOVERNED_LAB,10_UNIVERSOS/ESCRIBANIA/10_REPOS/02_ACTIVE/microsoft-agents-governed-lab/samples/dotnet/copilot-sdk/appsettings.json,L30,Unknown / POR_DEFINIR,Unknown / POR_DEFINIR,ESCRIBANIA,GATE_CONNECTION_SURFACE_CLASSIFICATION_REQUIRED,low,exclude_false_positive,connection_surface_unclassified
conn.microsoft_agents_governed_lab.unknown_por_definir.25887,conn_canon_005981,universo-rey/microsoft-agents-governed-lab,MICROSOFT_AGENTS_GOVERNED_LAB,10_UNIVERSOS/ESCRIBANIA/10_REPOS/02_ACTIVE/microsoft-agents-governed-lab/samples/dotnet/copilot-sdk/AspNetExtensions.cs,L148,Unknown / POR_DEFINIR,Unknown / POR_DEFINIR,ESCRIBANIA,GATE_CONNECTION_SURFACE_CLASSIFICATION_REQUIRED,low,exclude_false_positive,connection_surface_unclassified
conn.microsoft_agents_governed_lab.unknown_por_definir.25872,conn_canon_005982,universo-rey/microsoft-agents-governed-lab,MICROSOFT_AGENTS_GOVERNED_LAB,10_UNIVERSOS/ESCRIBANIA/10_REPOS/02_ACTIVE/microsoft-agents-governed-lab/samples/dotnet/copilot-sdk/AspNetExtensions.cs,L27,Unknown / POR_DEFINIR,Unknown / POR_DEFINIR,ESCRIBANIA,GATE_CONNECTION_SURFACE_CLASSIFICATION_REQUIRED,high,exclude_false_positive,connection_surface_unclassified
conn.microsoft_agents_governed_lab.unknown_por_definir.25913,conn_canon_005983,universo-rey/microsoft-agents-governed-lab,MICROSOFT_AGENTS_GOVERNED_LAB,10_UNIVERSOS/ESCRIBANIA/10_REPOS/02_ACTIVE/microsoft-agents-governed-lab/samples/dotnet/copilot-sdk/CopilotSdk.csproj,file_name,Unknown / POR_DEFINIR,Unknown / POR_DEFINIR,ESCRIBANIA,GATE_CONNECTION_SURFACE_CLASSIFICATION_REQUIRED,low,exclude_false_positive,connection_surface_unclassified
conn.microsoft_agents_governed_lab.unknown_por_definir.25919,conn_canon_005989,universo-rey/microsoft-agents-governed-lab,MICROSOFT_AGENTS_GOVERNED_LAB,10_UNIVERSOS/ESCRIBANIA/10_REPOS/02_ACTIVE/microsoft-agents-governed-lab/samples/dotnet/copilot-sdk/README.md,L24,Unknown / POR_DEFINIR,Unknown / POR_DEFINIR,ESCRIBANIA,GATE_CONNECTION_SURFACE_CLASSIFICATION_REQUIRED,low,exclude_false_positive,connection_surface_unclassified
conn.microsoft_agents_governed_lab.unknown_por_definir.26004,conn_canon_005991,universo-rey/microsoft-agents-governed-lab,MICROSOFT_AGENTS_GOVERNED_LAB,10_UNIVERSOS/ESCRIBANIA/10_REPOS/02_ACTIVE/microsoft-agents-governed-lab/samples/dotnet/copilotstudio-client/appsettings.json,L8,Unknown / POR_DEFINIR,Unknown / POR_DEFINIR,ESCRIBANIA,GATE_CONNECTION_SURFACE_CLASSIFICATION_REQUIRED,low,exclude_false_positive,connection_surface_unclassified
conn.microsoft_agents_governed_lab.unknown_por_definir.26005,conn_canon_005992,universo-rey/microsoft-agents-governed-lab,MICROSOFT_AGENTS_GOVERNED_LAB,10_UNIVERSOS/ESCRIBANIA/10_REPOS/02_ACTIVE/microsoft-agents-governed-lab/samples/dotnet/copilotstudio-client/appsettings.json,L10,Unknown / POR_DEFINIR,Unknown / POR_DEFINIR,ESCRIBANIA,GATE_CONNECTION_SURFACE_CLASSIFICATION_REQUIRED,low,exclude_false_positive,connection_surface_unclassified
conn.microsoft_agents_governed_lab.unknown_por_definir.25951,conn_canon_005993,universo-rey/microsoft-agents-governed-lab,MICROSOFT_AGENTS_GOVERNED_LAB,10_UNIVERSOS/ESCRIBANIA/10_REPOS/02_ACTIVE/microsoft-agents-governed-lab/samples/dotnet/copilotstudio-client/ChatConsoleService.cs,file_name,Unknown / POR_DEFINIR,Unknown / POR_DEFINIR,ESCRIBANIA,GATE_CONNECTION_SURFACE_CLASSIFICATION_REQUIRED,low,exclude_false_positive,connection_surface_unclassified
conn.microsoft_agents_governed_lab.unknown_por_definir.25960,conn_canon_005994,universo-rey/microsoft-agents-governed-lab,MICROSOFT_AGENTS_GOVERNED_LAB,10_UNIVERSOS/ESCRIBANIA/10_REPOS/02_ACTIVE/microsoft-agents-governed-lab/samples/dotnet/copilotstudio-client/CopilotStudioClient.csproj,file_name,Unknown / POR_DEFINIR,Unknown / POR_DEFINIR,ESCRIBANIA,GATE_CONNECTION_SURFACE_CLASSIFICATION_REQUIRED,low,exclude_false_positive,connection_surface_unclassified
conn.microsoft_agents_governed_lab.unknown_por_definir.25961,conn_canon_005995,universo-rey/microsoft-agents-governed-lab,MICROSOFT_AGENTS_GOVERNED_LAB,10_UNIVERSOS/ESCRIBANIA/10_REPOS/02_ACTIVE/microsoft-agents-governed-lab/samples/dotnet/copilotstudio-client/Program.cs,L4,Unknown / POR_DEFINIR,Unknown / POR_DEFINIR,ESCRIBANIA,GATE_CONNECTION_SURFACE_CLASSIFICATION_REQUIRED,low,exclude_false_positive,connection_surface_unclassified
conn.microsoft_agents_governed_lab.unknown_por_definir.25965,conn_canon_005999,universo-rey/microsoft-agents-governed-lab,MICROSOFT_AGENTS_GOVERNED_LAB,10_UNIVERSOS/ESCRIBANIA/10_REPOS/02_ACTIVE/microsoft-agents-governed-lab/samples/dotnet/copilotstudio-client/README.md,L1,Unknown / POR_DEFINIR,Unknown / POR_DEFINIR,ESCRIBANIA,GATE_CONNECTION_SURFACE_CLASSIFICATION_REQUIRED,low,exclude_false_positive,connection_surface_unclassified
conn.microsoft_agents_governed_lab.unknown_por_definir.25984,conn_canon_006000,universo-rey/microsoft-agents-governed-lab,MICROSOFT_AGENTS_GOVERNED_LAB,10_UNIVERSOS/ESCRIBANIA/10_REPOS/02_ACTIVE/microsoft-agents-governed-lab/samples/dotnet/copilotstudio-client/README.md,L67,Unknown / POR_DEFINIR,Unknown / POR_DEFINIR,ESCRIBANIA,GATE_CONNECTION_SURFACE_CLASSIFICATION_REQUIRED,high,exclude_false_positive,connection_surface_unclassified
conn.microsoft_agents_governed_lab.unknown_por_definir.25973,conn_canon_006001,universo-rey/microsoft-agents-governed-lab,MICROSOFT_AGENTS_GOVERNED_LAB,10_UNIVERSOS/ESCRIBANIA/10_REPOS/02_ACTIVE/microsoft-agents-governed-lab/samples/dotnet/copilotstudio-client/README.md,L25,Unknown / POR_DEFINIR,Unknown / POR_DEFINIR,ESCRIBANIA,GATE_CONNECTION_SURFACE_CLASSIFICATION_REQUIRED,low,exclude_false_positive,connection_surface_unclassified
conn.microsoft_agents_governed_lab.unknown_por_definir.25970,conn_canon_006002,universo-rey/microsoft-agents-governed-lab,MICROSOFT_AGENTS_GOVERNED_LAB,10_UNIVERSOS/ESCRIBANIA/10_REPOS/02_ACTIVE/microsoft-agents-governed-lab/samples/dotnet/copilotstudio-client/README.md,L16,Unknown / POR_DEFINIR,Unknown / POR_DEFINIR,ESCRIBANIA,GATE_CONNECTION_SURFACE_CLASSIFICATION_REQUIRED,low,exclude_false_positive,connection_surface_unclassified
conn.microsoft_agents_governed_lab.unknown_por_definir.25986,conn_canon_006004,universo-rey/microsoft-agents-governed-lab,MICROSOFT_AGENTS_GOVERNED_LAB,10_UNIVERSOS/ESCRIBANIA/10_REPOS/02_ACTIVE/microsoft-agents-governed-lab/samples/dotnet/copilotstudio-client/SampleConnectionSettings.cs,file_name,Unknown / POR_DEFINIR,Unknown / POR_DEFINIR,ESCRIBANIA,GATE_CONNECTION_SURFACE_CLASSIFICATION_REQUIRED,low,exclude_false_positive,connection_surface_unclassified
conn.microsoft_agents_governed_lab.unknown_por_definir.25997,conn_canon_006005,universo-rey/microsoft-agents-governed-lab,MICROSOFT_AGENTS_GOVERNED_LAB,10_UNIVERSOS/ESCRIBANIA/10_REPOS/02_ACTIVE/microsoft-agents-governed-lab/samples/dotnet/copilotstudio-client/SampleConnectionSettings.cs,L28,Unknown / POR_DEFINIR,Unknown / POR_DEFINIR,ESCRIBANIA,GATE_CONNECTION_SURFACE_CLASSIFICATION_REQUIRED,high,exclude_false_positive,connection_surface_unclassified
conn.microsoft_agents_governed_lab.unknown_por_definir.26003,conn_canon_006006,universo-rey/microsoft-agents-governed-lab,MICROSOFT_AGENTS_GOVERNED_LAB,10_UNIVERSOS/ESCRIBANIA/10_REPOS/02_ACTIVE/microsoft-agents-governed-lab/samples/dotnet/copilotstudio-client/TimeSpanExtensions.cs,L1,Unknown / POR_DEFINIR,Unknown / POR_DEFINIR,ESCRIBANIA,GATE_CONNECTION_SURFACE_CLASSIFICATION_REQUIRED,low,exclude_false_positive,connection_surface_unclassified
conn.microsoft_agents_governed_lab.unknown_por_definir.26077,conn_canon_006008,universo-rey/microsoft-agents-governed-lab,MICROSOFT_AGENTS_GOVERNED_LAB,10_UNIVERSOS/ESCRIBANIA/10_REPOS/02_ACTIVE/microsoft-agents-governed-lab/samples/dotnet/copilotstudio-skill/appsettings.json,L16,Unknown / POR_DEFINIR,Unknown / POR_DEFINIR,ESCRIBANIA,GATE_CONNECTION_SURFACE_CLASSIFICATION_REQUIRED,low,exclude_false_positive,connection_surface_unclassified
conn.microsoft_agents_governed_lab.unknown_por_definir.26079,conn_canon_006009,universo-rey/microsoft-agents-governed-lab,MICROSOFT_AGENTS_GOVERNED_LAB,10_UNIVERSOS/ESCRIBANIA/10_REPOS/02_ACTIVE/microsoft-agents-governed-lab/samples/dotnet/copilotstudio-skill/appsettings.json,L19,Unknown / POR_DEFINIR,Unknown / POR_DEFINIR,ESCRIBANIA,GATE_CONNECTION_SURFACE_CLASSIFICATION_REQUIRED,high,exclude_false_positive,connection_surface_unclassified
conn.microsoft_agents_governed_lab.unknown_por_definir.26024,conn_canon_006011,universo-rey/microsoft-agents-governed-lab,MICROSOFT_AGENTS_GOVERNED_LAB,10_UNIVERSOS/ESCRIBANIA/10_REPOS/02_ACTIVE/microsoft-agents-governed-lab/samples/dotnet/copilotstudio-skill/AspNetExtensions.cs,L148,Unknown / POR_DEFINIR,Unknown / POR_DEFINIR,ESCRIBANIA,GATE_CONNECTION_SURFACE_CLASSIFICATION_REQUIRED,low,exclude_false_positive,connection_surface_unclassified
conn.microsoft_agents_governed_lab.unknown_por_definir.26009,conn_canon_006012,universo-rey/microsoft-agents-governed-lab,MICROSOFT_AGENTS_GOVERNED_LAB,10_UNIVERSOS/ESCRIBANIA/10_REPOS/02_ACTIVE/microsoft-agents-governed-lab/samples/dotnet/copilotstudio-skill/AspNetExtensions.cs,L27,Unknown / POR_DEFINIR,Unknown / POR_DEFINIR,ESCRIBANIA,GATE_CONNECTION_SURFACE_CLASSIFICATION_REQUIRED,high,exclude_false_positive,connection_surface_unclassified
conn.microsoft_agents_governed_lab.unknown_por_definir.26050,conn_canon_006013,universo-rey/microsoft-agents-governed-lab,MICROSOFT_AGENTS_GOVERNED_LAB,10_UNIVERSOS/ESCRIBANIA/10_REPOS/02_ACTIVE/microsoft-agents-governed-lab/samples/dotnet/copilotstudio-skill/CopilotStudioEchoSkill.csproj,file_name,Unknown / POR_DEFINIR,Unknown / POR_DEFINIR,ESCRIBANIA,GATE_CONNECTION_SURFACE_CLASSIFICATION_REQUIRED,low,exclude_false_positive,connection_surface_unclassified
conn.microsoft_agents_governed_lab.unknown_por_definir.26051,conn_canon_006014,universo-rey/microsoft-agents-governed-lab,MICROSOFT_AGENTS_GOVERNED_LAB,10_UNIVERSOS/ESCRIBANIA/10_REPOS/02_ACTIVE/microsoft-agents-governed-lab/samples/dotnet/copilotstudio-skill/EchoSkill.cs,L11,Unknown / POR_DEFINIR,Unknown / POR_DEFINIR,ESCRIBANIA,GATE_CONNECTION_SURFACE_CLASSIFICATION_REQUIRED,low,exclude_false_positive,connection_surface_unclassified
conn.microsoft_agents_governed_lab.unknown_por_definir.26052,conn_canon_006016,universo-rey/microsoft-agents-governed-lab,MICROSOFT_AGENTS_GOVERNED_LAB,10_UNIVERSOS/ESCRIBANIA/10_REPOS/02_ACTIVE/microsoft-agents-governed-lab/samples/dotnet/copilotstudio-skill/Program.cs,L4,Unknown / POR_DEFINIR,Unknown / POR_DEFINIR,ESCRIBANIA,GATE_CONNECTION_SURFACE_CLASSIFICATION_REQUIRED,low,exclude_false_positive,connection_surface_unclassified
conn.microsoft_agents_governed_lab.unknown_por_definir.26055,conn_canon_006017,universo-rey/microsoft-agents-governed-lab,MICROSOFT_AGENTS_GOVERNED_LAB,10_UNIVERSOS/ESCRIBANIA/10_REPOS/02_ACTIVE/microsoft-agents-governed-lab/samples/dotnet/copilotstudio-skill/Properties/launchSettings.json,L3,Unknown / POR_DEFINIR,Unknown / POR_DEFINIR,ESCRIBANIA,GATE_CONNECTION_SURFACE_CLASSIFICATION_REQUIRED,low,exclude_false_positive,connection_surface_unclassified
conn.microsoft_agents_governed_lab.unknown_por_definir.26056,conn_canon_006021,universo-rey/microsoft-agents-governed-lab,MICROSOFT_AGENTS_GOVERNED_LAB,10_UNIVERSOS/ESCRIBANIA/10_REPOS/02_ACTIVE/microsoft-agents-governed-lab/samples/dotnet/copilotstudio-skill/README.md,L1,Unknown / POR_DEFINIR,Unknown / POR_DEFINIR,ESCRIBANIA,GATE_CONNECTION_SURFACE_CLASSIFICATION_REQUIRED,low,exclude_false_positive,connection_surface_unclassified
conn.microsoft_agents_governed_lab.unknown_por_definir.26065,conn_canon_006022,universo-rey/microsoft-agents-governed-lab,MICROSOFT_AGENTS_GOVERNED_LAB,10_UNIVERSOS/ESCRIBANIA/10_REPOS/02_ACTIVE/microsoft-agents-governed-lab/samples/dotnet/copilotstudio-skill/README.md,L66,Unknown / POR_DEFINIR,Unknown / POR_DEFINIR,ESCRIBANIA,GATE_CONNECTION_SURFACE_CLASSIFICATION_REQUIRED,low,exclude_false_positive,connection_surface_unclassified
conn.microsoft_agents_governed_lab.unknown_por_definir.26083,conn_canon_006023,universo-rey/microsoft-agents-governed-lab,MICROSOFT_AGENTS_GOVERNED_LAB,10_UNIVERSOS/ESCRIBANIA/10_REPOS/02_ACTIVE/microsoft-agents-governed-lab/samples/dotnet/copilotstudio-skill/wwwroot/manifest/echoskill-manifest-1.0.json,L3,Unknown / POR_DEFINIR,Unknown / POR_DEFINIR,ESCRIBANIA,GATE_CONNECTION_SURFACE_CLASSIFICATION_REQUIRED,low,exclude_false_positive,connection_surface_unclassified
conn.microsoft_agents_governed_lab.unknown_por_definir.26324,conn_canon_006025,universo-rey/microsoft-agents-governed-lab,MICROSOFT_AGENTS_GOVERNED_LAB,10_UNIVERSOS/ESCRIBANIA/10_REPOS/02_ACTIVE/microsoft-agents-governed-lab/samples/dotnet/genesys-handoff/appManifest/manifest.json,L5,Unknown / POR_DEFINIR,Unknown / POR_DEFINIR,ESCRIBANIA,GATE_CONNECTION_SURFACE_CLASSIFICATION_REQUIRED,low,exclude_false_positive,connection_surface_unclassified
conn.microsoft_agents_governed_lab.unknown_por_definir.26336,conn_canon_006028,universo-rey/microsoft-agents-governed-lab,MICROSOFT_AGENTS_GOVERNED_LAB,10_UNIVERSOS/ESCRIBANIA/10_REPOS/02_ACTIVE/microsoft-agents-governed-lab/samples/dotnet/genesys-handoff/appsettings.json,L22,Unknown / POR_DEFINIR,Unknown / POR_DEFINIR,ESCRIBANIA,GATE_CONNECTION_SURFACE_CLASSIFICATION_REQUIRED,low,exclude_false_positive,connection_surface_unclassified
conn.microsoft_agents_governed_lab.unknown_por_definir.26342,conn_canon_006029,universo-rey/microsoft-agents-governed-lab,MICROSOFT_AGENTS_GOVERNED_LAB,10_UNIVERSOS/ESCRIBANIA/10_REPOS/02_ACTIVE/microsoft-agents-governed-lab/samples/dotnet/genesys-handoff/appsettings.json,L37,Unknown / POR_DEFINIR,Unknown / POR_DEFINIR,ESCRIBANIA,GATE_CONNECTION_SURFACE_CLASSIFICATION_REQUIRED,high,exclude_false_positive,connection_surface_unclassified
conn.microsoft_agents_governed_lab.unknown_por_definir.26338,conn_canon_006030,universo-rey/microsoft-agents-governed-lab,MICROSOFT_AGENTS_GOVERNED_LAB,10_UNIVERSOS/ESCRIBANIA/10_REPOS/02_ACTIVE/microsoft-agents-governed-lab/samples/dotnet/genesys-handoff/appsettings.json,L30,Unknown / POR_DEFINIR,Unknown / POR_DEFINIR,ESCRIBANIA,GATE_CONNECTION_SURFACE_CLASSIFICATION_REQUIRED,low,exclude_false_positive,connection_surface_unclassified
conn.microsoft_agents_governed_lab.unknown_por_definir.26101,conn_canon_006032,universo-rey/microsoft-agents-governed-lab,MICROSOFT_AGENTS_GOVERNED_LAB,10_UNIVERSOS/ESCRIBANIA/10_REPOS/02_ACTIVE/microsoft-agents-governed-lab/samples/dotnet/genesys-handoff/AspNetExtensions.cs,L148,Unknown / POR_DEFINIR,Unknown / POR_DEFINIR,ESCRIBANIA,GATE_CONNECTION_SURFACE_CLASSIFICATION_REQUIRED,low,exclude_false_positive,connection_surface_unclassified
conn.microsoft_agents_governed_lab.unknown_por_definir.26086,conn_canon_006033,universo-rey/microsoft-agents-governed-lab,MICROSOFT_AGENTS_GOVERNED_LAB,10_UNIVERSOS/ESCRIBANIA/10_REPOS/02_ACTIVE/microsoft-agents-governed-lab/samples/dotnet/genesys-handoff/AspNetExtensions.cs,L27,Unknown / POR_DEFINIR,Unknown / POR_DEFINIR,ESCRIBANIA,GATE_CONNECTION_SURFACE_CLASSIFICATION_REQUIRED,high,exclude_false_positive,connection_surface_unclassified
conn.microsoft_agents_governed_lab.unknown_por_definir.26401,conn_canon_006041,universo-rey/microsoft-agents-governed-lab,MICROSOFT_AGENTS_GOVERNED_LAB,10_UNIVERSOS/ESCRIBANIA/10_REPOS/02_ACTIVE/microsoft-agents-governed-lab/samples/dotnet/genesys-handoff/docs/sequence-diagrams.md,L43,Unknown / POR_DEFINIR,Unknown / POR_DEFINIR,ESCRIBANIA,GATE_CONNECTION_SURFACE_CLASSIFICATION_REQUIRED,low,exclude_false_positive,connection_surface_unclassified
conn.microsoft_agents_governed_lab.unknown_por_definir.26127,conn_canon_006043,universo-rey/microsoft-agents-governed-lab,MICROSOFT_AGENTS_GOVERNED_LAB,10_UNIVERSOS/ESCRIBANIA/10_REPOS/02_ACTIVE/microsoft-agents-governed-lab/samples/dotnet/genesys-handoff/Genesys/GenesysConnectionSetting.cs,file_name,Unknown / POR_DEFINIR,Unknown / POR_DEFINIR,ESCRIBANIA,GATE_CONNECTION_SURFACE_CLASSIFICATION_REQUIRED,low,exclude_false_positive,connection_surface_unclassified
conn.microsoft_agents_governed_lab.unknown_por_definir.26145,conn_canon_006044,universo-rey/microsoft-agents-governed-lab,MICROSOFT_AGENTS_GOVERNED_LAB,10_UNIVERSOS/ESCRIBANIA/10_REPOS/02_ACTIVE/microsoft-agents-governed-lab/samples/dotnet/genesys-handoff/Genesys/GenesysMessageSender.cs,L26,Unknown / POR_DEFINIR,Unknown / POR_DEFINIR,ESCRIBANIA,GATE_CONNECTION_SURFACE_CLASSIFICATION_REQUIRED,low,exclude_false_positive,connection_surface_unclassified
conn.microsoft_agents_governed_lab.unknown_por_definir.26144,conn_canon_006045,universo-rey/microsoft-agents-governed-lab,MICROSOFT_AGENTS_GOVERNED_LAB,10_UNIVERSOS/ESCRIBANIA/10_REPOS/02_ACTIVE/microsoft-agents-governed-lab/samples/dotnet/genesys-handoff/Genesys/GenesysMessageSender.cs,L24,Unknown / POR_DEFINIR,Unknown / POR_DEFINIR,ESCRIBANIA,GATE_CONNECTION_SURFACE_CLASSIFICATION_REQUIRED,high,exclude_false_positive,connection_surface_unclassified
conn.microsoft_agents_governed_lab.unknown_por_definir.26146,conn_canon_006046,universo-rey/microsoft-agents-governed-lab,MICROSOFT_AGENTS_GOVERNED_LAB,10_UNIVERSOS/ESCRIBANIA/10_REPOS/02_ACTIVE/microsoft-agents-governed-lab/samples/dotnet/genesys-handoff/Genesys/GenesysNotificationService.cs,file_name,Unknown / POR_DEFINIR,Unknown / POR_DEFINIR,ESCRIBANIA,GATE_CONNECTION_SURFACE_CLASSIFICATION_REQUIRED,low,exclude_false_positive,connection_surface_unclassified
conn.microsoft_agents_governed_lab.unknown_por_definir.26153,conn_canon_006048,universo-rey/microsoft-agents-governed-lab,MICROSOFT_AGENTS_GOVERNED_LAB,10_UNIVERSOS/ESCRIBANIA/10_REPOS/02_ACTIVE/microsoft-agents-governed-lab/samples/dotnet/genesys-handoff/Genesys/GenesysWebhookHandler.cs,L41,Unknown / POR_DEFINIR,Unknown / POR_DEFINIR,ESCRIBANIA,GATE_CONNECTION_SURFACE_CLASSIFICATION_REQUIRED,low,exclude_false_positive,connection_surface_unclassified
conn.microsoft_agents_governed_lab.unknown_por_definir.26156,conn_canon_006050,universo-rey/microsoft-agents-governed-lab,MICROSOFT_AGENTS_GOVERNED_LAB,10_UNIVERSOS/ESCRIBANIA/10_REPOS/02_ACTIVE/microsoft-agents-governed-lab/samples/dotnet/genesys-handoff/Genesys/IGenesysConnectionSettings.cs,file_name,Unknown / POR_DEFINIR,Unknown / POR_DEFINIR,ESCRIBANIA,GATE_CONNECTION_SURFACE_CLASSIFICATION_REQUIRED,low,exclude_false_positive,connection_surface_unclassified
conn.microsoft_agents_governed_lab.unknown_por_definir.26162,conn_canon_006051,universo-rey/microsoft-agents-governed-lab,MICROSOFT_AGENTS_GOVERNED_LAB,10_UNIVERSOS/ESCRIBANIA/10_REPOS/02_ACTIVE/microsoft-agents-governed-lab/samples/dotnet/genesys-handoff/GenesysHandoffAgent.cs,L53,Unknown / POR_DEFINIR,Unknown / POR_DEFINIR,ESCRIBANIA,GATE_CONNECTION_SURFACE_CLASSIFICATION_REQUIRED,low,exclude_false_positive,connection_surface_unclassified
conn.microsoft_agents_governed_lab.unknown_por_definir.26164,conn_canon_006052,universo-rey/microsoft-agents-governed-lab,MICROSOFT_AGENTS_GOVERNED_LAB,10_UNIVERSOS/ESCRIBANIA/10_REPOS/02_ACTIVE/microsoft-agents-governed-lab/samples/dotnet/genesys-handoff/GenesysHandoffAgent.cs,L145,Unknown / POR_DEFINIR,Unknown / POR_DEFINIR,ESCRIBANIA,GATE_CONNECTION_SURFACE_CLASSIFICATION_REQUIRED,high,exclude_false_positive,connection_surface_unclassified
conn.microsoft_agents_governed_lab.unknown_por_definir.26190,conn_canon_006055,universo-rey/microsoft-agents-governed-lab,MICROSOFT_AGENTS_GOVERNED_LAB,10_UNIVERSOS/ESCRIBANIA/10_REPOS/02_ACTIVE/microsoft-agents-governed-lab/samples/dotnet/genesys-handoff/Program.cs,L34,Unknown / POR_DEFINIR,Unknown / POR_DEFINIR,ESCRIBANIA,GATE_CONNECTION_SURFACE_CLASSIFICATION_REQUIRED,low,exclude_false_positive,connection_surface_unclassified
conn.microsoft_agents_governed_lab.unknown_por_definir.26197,conn_canon_006064,universo-rey/microsoft-agents-governed-lab,MICROSOFT_AGENTS_GOVERNED_LAB,10_UNIVERSOS/ESCRIBANIA/10_REPOS/02_ACTIVE/microsoft-agents-governed-lab/samples/dotnet/genesys-handoff/README.md,L58,Unknown / POR_DEFINIR,Unknown / POR_DEFINIR,ESCRIBANIA,GATE_CONNECTION_SURFACE_CLASSIFICATION_REQUIRED,low,exclude_false_positive,connection_surface_unclassified
conn.microsoft_agents_governed_lab.unknown_por_definir.26261,conn_canon_006065,universo-rey/microsoft-agents-governed-lab,MICROSOFT_AGENTS_GOVERNED_LAB,10_UNIVERSOS/ESCRIBANIA/10_REPOS/02_ACTIVE/microsoft-agents-governed-lab/samples/dotnet/genesys-handoff/README.md,L372,Unknown / POR_DEFINIR,Unknown / POR_DEFINIR,ESCRIBANIA,GATE_CONNECTION_SURFACE_CLASSIFICATION_REQUIRED,high,exclude_false_positive,connection_surface_unclassified
conn.microsoft_agents_governed_lab.unknown_por_definir.26218,conn_canon_006066,universo-rey/microsoft-agents-governed-lab,MICROSOFT_AGENTS_GOVERNED_LAB,10_UNIVERSOS/ESCRIBANIA/10_REPOS/02_ACTIVE/microsoft-agents-governed-lab/samples/dotnet/genesys-handoff/README.md,L141,Unknown / POR_DEFINIR,Unknown / POR_DEFINIR,ESCRIBANIA,GATE_CONNECTION_SURFACE_CLASSIFICATION_REQUIRED,low,exclude_false_positive,connection_surface_unclassified
conn.microsoft_agents_governed_lab.unknown_por_definir.26195,conn_canon_006067,universo-rey/microsoft-agents-governed-lab,MICROSOFT_AGENTS_GOVERNED_LAB,10_UNIVERSOS/ESCRIBANIA/10_REPOS/02_ACTIVE/microsoft-agents-governed-lab/samples/dotnet/genesys-handoff/README.md,L44,Unknown / POR_DEFINIR,Unknown / POR_DEFINIR,ESCRIBANIA,GATE_CONNECTION_SURFACE_CLASSIFICATION_REQUIRED,low,exclude_false_positive,connection_surface_unclassified
conn.microsoft_agents_governed_lab.unknown_por_definir.26298,conn_canon_006068,universo-rey/microsoft-agents-governed-lab,MICROSOFT_AGENTS_GOVERNED_LAB,10_UNIVERSOS/ESCRIBANIA/10_REPOS/02_ACTIVE/microsoft-agents-governed-lab/samples/dotnet/genesys-handoff/Services/ActivityResponseProcessor.cs,L14,Unknown / POR_DEFINIR,Unknown / POR_DEFINIR,ESCRIBANIA,GATE_CONNECTION_SURFACE_CLASSIFICATION_REQUIRED,low,exclude_false_positive,connection_surface_unclassified
conn.microsoft_agents_governed_lab.unknown_por_definir.26303,conn_canon_006069,universo-rey/microsoft-agents-governed-lab,MICROSOFT_AGENTS_GOVERNED_LAB,10_UNIVERSOS/ESCRIBANIA/10_REPOS/02_ACTIVE/microsoft-agents-governed-lab/samples/dotnet/genesys-handoff/Services/CitationEntityProcessor.cs,L19,Unknown / POR_DEFINIR,Unknown / POR_DEFINIR,ESCRIBANIA,GATE_CONNECTION_SURFACE_CLASSIFICATION_REQUIRED,low,exclude_false_positive,connection_surface_unclassified
conn.microsoft_agents_governed_lab.unknown_por_definir.26304,conn_canon_006070,universo-rey/microsoft-agents-governed-lab,MICROSOFT_AGENTS_GOVERNED_LAB,10_UNIVERSOS/ESCRIBANIA/10_REPOS/02_ACTIVE/microsoft-agents-governed-lab/samples/dotnet/genesys-handoff/Services/ConversationResetService.cs,file_name,Unknown / POR_DEFINIR,Unknown / POR_DEFINIR,ESCRIBANIA,GATE_CONNECTION_SURFACE_CLASSIFICATION_REQUIRED,low,exclude_false_positive,connection_surface_unclassified
conn.microsoft_agents_governed_lab.unknown_por_definir.26308,conn_canon_006071,universo-rey/microsoft-agents-governed-lab,MICROSOFT_AGENTS_GOVERNED_LAB,10_UNIVERSOS/ESCRIBANIA/10_REPOS/02_ACTIVE/microsoft-agents-governed-lab/samples/dotnet/genesys-handoff/Services/ConversationStateManager.cs,L21,Unknown / POR_DEFINIR,Unknown / POR_DEFINIR,ESCRIBANIA,GATE_CONNECTION_SURFACE_CLASSIFICATION_REQUIRED,low,exclude_false_positive,connection_surface_unclassified
conn.microsoft_agents_governed_lab.unknown_por_definir.26319,conn_canon_006072,universo-rey/microsoft-agents-governed-lab,MICROSOFT_AGENTS_GOVERNED_LAB,10_UNIVERSOS/ESCRIBANIA/10_REPOS/02_ACTIVE/microsoft-agents-governed-lab/samples/dotnet/genesys-handoff/Services/CopilotClientFactory.cs,file_name,Unknown / POR_DEFINIR,Unknown / POR_DEFINIR,ESCRIBANIA,GATE_CONNECTION_SURFACE_CLASSIFICATION_REQUIRED,low,exclude_false_positive,connection_surface_unclassified
conn.microsoft_agents_governed_lab.unknown_por_definir.26488,conn_canon_006075,universo-rey/microsoft-agents-governed-lab,MICROSOFT_AGENTS_GOVERNED_LAB,10_UNIVERSOS/ESCRIBANIA/10_REPOS/02_ACTIVE/microsoft-agents-governed-lab/samples/dotnet/multiagent/appsettings.json,L16,Unknown / POR_DEFINIR,Unknown / POR_DEFINIR,ESCRIBANIA,GATE_CONNECTION_SURFACE_CLASSIFICATION_REQUIRED,low,exclude_false_positive,connection_surface_unclassified
conn.microsoft_agents_governed_lab.unknown_por_definir.26492,conn_canon_006076,universo-rey/microsoft-agents-governed-lab,MICROSOFT_AGENTS_GOVERNED_LAB,10_UNIVERSOS/ESCRIBANIA/10_REPOS/02_ACTIVE/microsoft-agents-governed-lab/samples/dotnet/multiagent/appsettings.json,L22,Unknown / POR_DEFINIR,Unknown / POR_DEFINIR,ESCRIBANIA,GATE_CONNECTION_SURFACE_CLASSIFICATION_REQUIRED,high,exclude_false_positive,connection_surface_unclassified
conn.microsoft_agents_governed_lab.unknown_por_definir.26421,conn_canon_006078,universo-rey/microsoft-agents-governed-lab,MICROSOFT_AGENTS_GOVERNED_LAB,10_UNIVERSOS/ESCRIBANIA/10_REPOS/02_ACTIVE/microsoft-agents-governed-lab/samples/dotnet/multiagent/AspNetExtensions.cs,L148,Unknown / POR_DEFINIR,Unknown / POR_DEFINIR,ESCRIBANIA,GATE_CONNECTION_SURFACE_CLASSIFICATION_REQUIRED,low,exclude_false_positive,connection_surface_unclassified
conn.microsoft_agents_governed_lab.unknown_por_definir.26406,conn_canon_006079,universo-rey/microsoft-agents-governed-lab,MICROSOFT_AGENTS_GOVERNED_LAB,10_UNIVERSOS/ESCRIBANIA/10_REPOS/02_ACTIVE/microsoft-agents-governed-lab/samples/dotnet/multiagent/AspNetExtensions.cs,L27,Unknown / POR_DEFINIR,Unknown / POR_DEFINIR,ESCRIBANIA,GATE_CONNECTION_SURFACE_CLASSIFICATION_REQUIRED,high,exclude_false_positive,connection_surface_unclassified
conn.microsoft_agents_governed_lab.unknown_por_definir.26447,conn_canon_006083,universo-rey/microsoft-agents-governed-lab,MICROSOFT_AGENTS_GOVERNED_LAB,10_UNIVERSOS/ESCRIBANIA/10_REPOS/02_ACTIVE/microsoft-agents-governed-lab/samples/dotnet/multiagent/README.md,L6,Unknown / POR_DEFINIR,Unknown / POR_DEFINIR,ESCRIBANIA,GATE_CONNECTION_SURFACE_CLASSIFICATION_REQUIRED,low,exclude_false_positive,connection_surface_unclassified
conn.microsoft_agents_governed_lab.unknown_por_definir.26455,conn_canon_006084,universo-rey/microsoft-agents-governed-lab,MICROSOFT_AGENTS_GOVERNED_LAB,10_UNIVERSOS/ESCRIBANIA/10_REPOS/02_ACTIVE/microsoft-agents-governed-lab/samples/dotnet/multiagent/README.md,L42,Unknown / POR_DEFINIR,Unknown / POR_DEFINIR,ESCRIBANIA,GATE_CONNECTION_SURFACE_CLASSIFICATION_REQUIRED,high,exclude_false_positive,connection_surface_unclassified
conn.microsoft_agents_governed_lab.unknown_por_definir.26448,conn_canon_006085,universo-rey/microsoft-agents-governed-lab,MICROSOFT_AGENTS_GOVERNED_LAB,10_UNIVERSOS/ESCRIBANIA/10_REPOS/02_ACTIVE/microsoft-agents-governed-lab/samples/dotnet/multiagent/README.md,L7,Unknown / POR_DEFINIR,Unknown / POR_DEFINIR,ESCRIBANIA,GATE_CONNECTION_SURFACE_CLASSIFICATION_REQUIRED,low,exclude_false_positive,connection_surface_unclassified
conn.microsoft_agents_governed_lab.unknown_por_definir.26456,conn_canon_006086,universo-rey/microsoft-agents-governed-lab,MICROSOFT_AGENTS_GOVERNED_LAB,10_UNIVERSOS/ESCRIBANIA/10_REPOS/02_ACTIVE/microsoft-agents-governed-lab/samples/dotnet/multiagent/README.md,L43,Unknown / POR_DEFINIR,Unknown / POR_DEFINIR,ESCRIBANIA,GATE_CONNECTION_SURFACE_CLASSIFICATION_REQUIRED,high,exclude_false_positive,connection_surface_unclassified
conn.microsoft_agents_governed_lab.unknown_por_definir.26577,conn_canon_006088,universo-rey/microsoft-agents-governed-lab,MICROSOFT_AGENTS_GOVERNED_LAB,10_UNIVERSOS/ESCRIBANIA/10_REPOS/02_ACTIVE/microsoft-agents-governed-lab/samples/dotnet/obo-authorization/appManifest/manifest.json,L5,Unknown / POR_DEFINIR,Unknown / POR_DEFINIR,ESCRIBANIA,GATE_CONNECTION_SURFACE_CLASSIFICATION_REQUIRED,low,exclude_false_positive,connection_surface_unclassified
conn.microsoft_agents_governed_lab.unknown_por_definir.26589,conn_canon_006090,universo-rey/microsoft-agents-governed-lab,MICROSOFT_AGENTS_GOVERNED_LAB,10_UNIVERSOS/ESCRIBANIA/10_REPOS/02_ACTIVE/microsoft-agents-governed-lab/samples/dotnet/obo-authorization/appsettings.json,L22,Unknown / POR_DEFINIR,Unknown / POR_DEFINIR,ESCRIBANIA,GATE_CONNECTION_SURFACE_CLASSIFICATION_REQUIRED,low,exclude_false_positive,connection_surface_unclassified
conn.microsoft_agents_governed_lab.unknown_por_definir.26595,conn_canon_006091,universo-rey/microsoft-agents-governed-lab,MICROSOFT_AGENTS_GOVERNED_LAB,10_UNIVERSOS/ESCRIBANIA/10_REPOS/02_ACTIVE/microsoft-agents-governed-lab/samples/dotnet/obo-authorization/appsettings.json,L37,Unknown / POR_DEFINIR,Unknown / POR_DEFINIR,ESCRIBANIA,GATE_CONNECTION_SURFACE_CLASSIFICATION_REQUIRED,high,exclude_false_positive,connection_surface_unclassified
conn.microsoft_agents_governed_lab.unknown_por_definir.26591,conn_canon_006092,universo-rey/microsoft-agents-governed-lab,MICROSOFT_AGENTS_GOVERNED_LAB,10_UNIVERSOS/ESCRIBANIA/10_REPOS/02_ACTIVE/microsoft-agents-governed-lab/samples/dotnet/obo-authorization/appsettings.json,L30,Unknown / POR_DEFINIR,Unknown / POR_DEFINIR,ESCRIBANIA,GATE_CONNECTION_SURFACE_CLASSIFICATION_REQUIRED,low,exclude_false_positive,connection_surface_unclassified
conn.microsoft_agents_governed_lab.unknown_por_definir.26517,conn_canon_006094,universo-rey/microsoft-agents-governed-lab,MICROSOFT_AGENTS_GOVERNED_LAB,10_UNIVERSOS/ESCRIBANIA/10_REPOS/02_ACTIVE/microsoft-agents-governed-lab/samples/dotnet/obo-authorization/AspNetExtensions.cs,L148,Unknown / POR_DEFINIR,Unknown / POR_DEFINIR,ESCRIBANIA,GATE_CONNECTION_SURFACE_CLASSIFICATION_REQUIRED,low,exclude_false_positive,connection_surface_unclassified
conn.microsoft_agents_governed_lab.unknown_por_definir.26502,conn_canon_006095,universo-rey/microsoft-agents-governed-lab,MICROSOFT_AGENTS_GOVERNED_LAB,10_UNIVERSOS/ESCRIBANIA/10_REPOS/02_ACTIVE/microsoft-agents-governed-lab/samples/dotnet/obo-authorization/AspNetExtensions.cs,L27,Unknown / POR_DEFINIR,Unknown / POR_DEFINIR,ESCRIBANIA,GATE_CONNECTION_SURFACE_CLASSIFICATION_REQUIRED,high,exclude_false_positive,connection_surface_unclassified
conn.microsoft_agents_governed_lab.unknown_por_definir.26544,conn_canon_006098,universo-rey/microsoft-agents-governed-lab,MICROSOFT_AGENTS_GOVERNED_LAB,10_UNIVERSOS/ESCRIBANIA/10_REPOS/02_ACTIVE/microsoft-agents-governed-lab/samples/dotnet/obo-authorization/Program.cs,L6,Unknown / POR_DEFINIR,Unknown / POR_DEFINIR,ESCRIBANIA,GATE_CONNECTION_SURFACE_CLASSIFICATION_REQUIRED,low,exclude_false_positive,connection_surface_unclassified
conn.microsoft_agents_governed_lab.unknown_por_definir.26547,conn_canon_006099,universo-rey/microsoft-agents-governed-lab,MICROSOFT_AGENTS_GOVERNED_LAB,10_UNIVERSOS/ESCRIBANIA/10_REPOS/02_ACTIVE/microsoft-agents-governed-lab/samples/dotnet/obo-authorization/Program.cs,L57,Unknown / POR_DEFINIR,Unknown / POR_DEFINIR,ESCRIBANIA,GATE_CONNECTION_SURFACE_CLASSIFICATION_REQUIRED,high,exclude_false_positive,connection_surface_unclassified
conn.microsoft_agents_governed_lab.unknown_por_definir.26558,conn_canon_006108,universo-rey/microsoft-agents-governed-lab,MICROSOFT_AGENTS_GOVERNED_LAB,10_UNIVERSOS/ESCRIBANIA/10_REPOS/02_ACTIVE/microsoft-agents-governed-lab/samples/dotnet/obo-authorization/README.md,L20,Unknown / POR_DEFINIR,Unknown / POR_DEFINIR,ESCRIBANIA,GATE_CONNECTION_SURFACE_CLASSIFICATION_REQUIRED,low,exclude_false_positive,connection_surface_unclassified
conn.microsoft_agents_governed_lab.unknown_por_definir.26560,conn_canon_006109,universo-rey/microsoft-agents-governed-lab,MICROSOFT_AGENTS_GOVERNED_LAB,10_UNIVERSOS/ESCRIBANIA/10_REPOS/02_ACTIVE/microsoft-agents-governed-lab/samples/dotnet/obo-authorization/README.md,L23,Unknown / POR_DEFINIR,Unknown / POR_DEFINIR,ESCRIBANIA,GATE_CONNECTION_SURFACE_CLASSIFICATION_REQUIRED,low,exclude_false_positive,connection_surface_unclassified
conn.microsoft_agents_governed_lab.unknown_por_definir.26557,conn_canon_006110,universo-rey/microsoft-agents-governed-lab,MICROSOFT_AGENTS_GOVERNED_LAB,10_UNIVERSOS/ESCRIBANIA/10_REPOS/02_ACTIVE/microsoft-agents-governed-lab/samples/dotnet/obo-authorization/README.md,L15,Unknown / POR_DEFINIR,Unknown / POR_DEFINIR,ESCRIBANIA,GATE_CONNECTION_SURFACE_CLASSIFICATION_REQUIRED,low,exclude_false_positive,connection_surface_unclassified
conn.microsoft_agents_governed_lab.unknown_por_definir.26600,conn_canon_006112,universo-rey/microsoft-agents-governed-lab,MICROSOFT_AGENTS_GOVERNED_LAB,10_UNIVERSOS/ESCRIBANIA/10_REPOS/02_ACTIVE/microsoft-agents-governed-lab/samples/dotnet/otel/AgentOtelExtension.cs,L104,Unknown / POR_DEFINIR,Unknown / POR_DEFINIR,ESCRIBANIA,GATE_CONNECTION_SURFACE_CLASSIFICATION_REQUIRED,low,exclude_false_positive,connection_surface_unclassified
conn.microsoft_agents_governed_lab.unknown_por_definir.26661,conn_canon_006113,universo-rey/microsoft-agents-governed-lab,MICROSOFT_AGENTS_GOVERNED_LAB,10_UNIVERSOS/ESCRIBANIA/10_REPOS/02_ACTIVE/microsoft-agents-governed-lab/samples/dotnet/otel/appManifest/manifest.json,L5,Unknown / POR_DEFINIR,Unknown / POR_DEFINIR,ESCRIBANIA,GATE_CONNECTION_SURFACE_CLASSIFICATION_REQUIRED,low,exclude_false_positive,connection_surface_unclassified
conn.microsoft_agents_governed_lab.unknown_por_definir.26669,conn_canon_006116,universo-rey/microsoft-agents-governed-lab,MICROSOFT_AGENTS_GOVERNED_LAB,10_UNIVERSOS/ESCRIBANIA/10_REPOS/02_ACTIVE/microsoft-agents-governed-lab/samples/dotnet/otel/appsettings.json,L16,Unknown / POR_DEFINIR,Unknown / POR_DEFINIR,ESCRIBANIA,GATE_CONNECTION_SURFACE_CLASSIFICATION_REQUIRED,low,exclude_false_positive,connection_surface_unclassified
conn.microsoft_agents_governed_lab.unknown_por_definir.26671,conn_canon_006117,universo-rey/microsoft-agents-governed-lab,MICROSOFT_AGENTS_GOVERNED_LAB,10_UNIVERSOS/ESCRIBANIA/10_REPOS/02_ACTIVE/microsoft-agents-governed-lab/samples/dotnet/otel/appsettings.json,L19,Unknown / POR_DEFINIR,Unknown / POR_DEFINIR,ESCRIBANIA,GATE_CONNECTION_SURFACE_CLASSIFICATION_REQUIRED,high,exclude_false_positive,connection_surface_unclassified
conn.microsoft_agents_governed_lab.unknown_por_definir.26616,conn_canon_006119,universo-rey/microsoft-agents-governed-lab,MICROSOFT_AGENTS_GOVERNED_LAB,10_UNIVERSOS/ESCRIBANIA/10_REPOS/02_ACTIVE/microsoft-agents-governed-lab/samples/dotnet/otel/AspNetExtensions.cs,L148,Unknown / POR_DEFINIR,Unknown / POR_DEFINIR,ESCRIBANIA,GATE_CONNECTION_SURFACE_CLASSIFICATION_REQUIRED,low,exclude_false_positive,connection_surface_unclassified
conn.microsoft_agents_governed_lab.unknown_por_definir.26601,conn_canon_006120,universo-rey/microsoft-agents-governed-lab,MICROSOFT_AGENTS_GOVERNED_LAB,10_UNIVERSOS/ESCRIBANIA/10_REPOS/02_ACTIVE/microsoft-agents-governed-lab/samples/dotnet/otel/AspNetExtensions.cs,L27,Unknown / POR_DEFINIR,Unknown / POR_DEFINIR,ESCRIBANIA,GATE_CONNECTION_SURFACE_CLASSIFICATION_REQUIRED,high,exclude_false_positive,connection_surface_unclassified
conn.microsoft_agents_governed_lab.unknown_por_definir.26645,conn_canon_006126,universo-rey/microsoft-agents-governed-lab,MICROSOFT_AGENTS_GOVERNED_LAB,10_UNIVERSOS/ESCRIBANIA/10_REPOS/02_ACTIVE/microsoft-agents-governed-lab/samples/dotnet/otel/README.md,L26,Unknown / POR_DEFINIR,Unknown / POR_DEFINIR,ESCRIBANIA,GATE_CONNECTION_SURFACE_CLASSIFICATION_REQUIRED,low,exclude_false_positive,connection_surface_unclassified
conn.microsoft_agents_governed_lab.unknown_por_definir.26652,conn_canon_006127,universo-rey/microsoft-agents-governed-lab,MICROSOFT_AGENTS_GOVERNED_LAB,10_UNIVERSOS/ESCRIBANIA/10_REPOS/02_ACTIVE/microsoft-agents-governed-lab/samples/dotnet/otel/README.md,L65,Unknown / POR_DEFINIR,Unknown / POR_DEFINIR,ESCRIBANIA,GATE_CONNECTION_SURFACE_CLASSIFICATION_REQUIRED,low,exclude_false_positive,connection_surface_unclassified
conn.microsoft_agents_governed_lab.unknown_por_definir.26741,conn_canon_006129,universo-rey/microsoft-agents-governed-lab,MICROSOFT_AGENTS_GOVERNED_LAB,10_UNIVERSOS/ESCRIBANIA/10_REPOS/02_ACTIVE/microsoft-agents-governed-lab/samples/dotnet/proactive/appManifest/manifest.json,L5,Unknown / POR_DEFINIR,Unknown / POR_DEFINIR,ESCRIBANIA,GATE_CONNECTION_SURFACE_CLASSIFICATION_REQUIRED,low,exclude_false_positive,connection_surface_unclassified
conn.microsoft_agents_governed_lab.unknown_por_definir.26749,conn_canon_006132,universo-rey/microsoft-agents-governed-lab,MICROSOFT_AGENTS_GOVERNED_LAB,10_UNIVERSOS/ESCRIBANIA/10_REPOS/02_ACTIVE/microsoft-agents-governed-lab/samples/dotnet/proactive/appsettings.json,L19,Unknown / POR_DEFINIR,Unknown / POR_DEFINIR,ESCRIBANIA,GATE_CONNECTION_SURFACE_CLASSIFICATION_REQUIRED,low,exclude_false_positive,connection_surface_unclassified
conn.microsoft_agents_governed_lab.unknown_por_definir.26751,conn_canon_006133,universo-rey/microsoft-agents-governed-lab,MICROSOFT_AGENTS_GOVERNED_LAB,10_UNIVERSOS/ESCRIBANIA/10_REPOS/02_ACTIVE/microsoft-agents-governed-lab/samples/dotnet/proactive/appsettings.json,L22,Unknown / POR_DEFINIR,Unknown / POR_DEFINIR,ESCRIBANIA,GATE_CONNECTION_SURFACE_CLASSIFICATION_REQUIRED,high,exclude_false_positive,connection_surface_unclassified
conn.microsoft_agents_governed_lab.unknown_por_definir.26692,conn_canon_006135,universo-rey/microsoft-agents-governed-lab,MICROSOFT_AGENTS_GOVERNED_LAB,10_UNIVERSOS/ESCRIBANIA/10_REPOS/02_ACTIVE/microsoft-agents-governed-lab/samples/dotnet/proactive/AspNetExtensions.cs,L148,Unknown / POR_DEFINIR,Unknown / POR_DEFINIR,ESCRIBANIA,GATE_CONNECTION_SURFACE_CLASSIFICATION_REQUIRED,low,exclude_false_positive,connection_surface_unclassified
conn.microsoft_agents_governed_lab.unknown_por_definir.26677,conn_canon_006136,universo-rey/microsoft-agents-governed-lab,MICROSOFT_AGENTS_GOVERNED_LAB,10_UNIVERSOS/ESCRIBANIA/10_REPOS/02_ACTIVE/microsoft-agents-governed-lab/samples/dotnet/proactive/AspNetExtensions.cs,L27,Unknown / POR_DEFINIR,Unknown / POR_DEFINIR,ESCRIBANIA,GATE_CONNECTION_SURFACE_CLASSIFICATION_REQUIRED,high,exclude_false_positive,connection_surface_unclassified
conn.microsoft_agents_governed_lab.unknown_por_definir.26719,conn_canon_006143,universo-rey/microsoft-agents-governed-lab,MICROSOFT_AGENTS_GOVERNED_LAB,10_UNIVERSOS/ESCRIBANIA/10_REPOS/02_ACTIVE/microsoft-agents-governed-lab/samples/dotnet/proactive/README.md,L13,Unknown / POR_DEFINIR,Unknown / POR_DEFINIR,ESCRIBANIA,GATE_CONNECTION_SURFACE_CLASSIFICATION_REQUIRED,low,exclude_false_positive,connection_surface_unclassified
conn.microsoft_agents_governed_lab.unknown_por_definir.26728,conn_canon_006144,universo-rey/microsoft-agents-governed-lab,MICROSOFT_AGENTS_GOVERNED_LAB,10_UNIVERSOS/ESCRIBANIA/10_REPOS/02_ACTIVE/microsoft-agents-governed-lab/samples/dotnet/proactive/README.md,L33,Unknown / POR_DEFINIR,Unknown / POR_DEFINIR,ESCRIBANIA,GATE_CONNECTION_SURFACE_CLASSIFICATION_REQUIRED,high,exclude_false_positive,connection_surface_unclassified
conn.microsoft_agents_governed_lab.unknown_por_definir.26735,conn_canon_006145,universo-rey/microsoft-agents-governed-lab,MICROSOFT_AGENTS_GOVERNED_LAB,10_UNIVERSOS/ESCRIBANIA/10_REPOS/02_ACTIVE/microsoft-agents-governed-lab/samples/dotnet/proactive/README.md,L68,Unknown / POR_DEFINIR,Unknown / POR_DEFINIR,ESCRIBANIA,GATE_CONNECTION_SURFACE_CLASSIFICATION_REQUIRED,low,exclude_false_positive,connection_surface_unclassified
conn.microsoft_agents_governed_lab.unknown_por_definir.26811,conn_canon_006146,universo-rey/microsoft-agents-governed-lab,MICROSOFT_AGENTS_GOVERNED_LAB,10_UNIVERSOS/ESCRIBANIA/10_REPOS/02_ACTIVE/microsoft-agents-governed-lab/samples/dotnet/quickstart/appManifest/manifest.json,L5,Unknown / POR_DEFINIR,Unknown / POR_DEFINIR,ESCRIBANIA,GATE_CONNECTION_SURFACE_CLASSIFICATION_REQUIRED,low,exclude_false_positive,connection_surface_unclassified
conn.microsoft_agents_governed_lab.unknown_por_definir.26816,conn_canon_006148,universo-rey/microsoft-agents-governed-lab,MICROSOFT_AGENTS_GOVERNED_LAB,10_UNIVERSOS/ESCRIBANIA/10_REPOS/02_ACTIVE/microsoft-agents-governed-lab/samples/dotnet/quickstart/appsettings.json,L16,Unknown / POR_DEFINIR,Unknown / POR_DEFINIR,ESCRIBANIA,GATE_CONNECTION_SURFACE_CLASSIFICATION_REQUIRED,low,exclude_false_positive,connection_surface_unclassified
conn.microsoft_agents_governed_lab.unknown_por_definir.26818,conn_canon_006149,universo-rey/microsoft-agents-governed-lab,MICROSOFT_AGENTS_GOVERNED_LAB,10_UNIVERSOS/ESCRIBANIA/10_REPOS/02_ACTIVE/microsoft-agents-governed-lab/samples/dotnet/quickstart/appsettings.json,L19,Unknown / POR_DEFINIR,Unknown / POR_DEFINIR,ESCRIBANIA,GATE_CONNECTION_SURFACE_CLASSIFICATION_REQUIRED,high,exclude_false_positive,connection_surface_unclassified
conn.microsoft_agents_governed_lab.unknown_por_definir.26772,conn_canon_006151,universo-rey/microsoft-agents-governed-lab,MICROSOFT_AGENTS_GOVERNED_LAB,10_UNIVERSOS/ESCRIBANIA/10_REPOS/02_ACTIVE/microsoft-agents-governed-lab/samples/dotnet/quickstart/AspNetExtensions.cs,L148,Unknown / POR_DEFINIR,Unknown / POR_DEFINIR,ESCRIBANIA,GATE_CONNECTION_SURFACE_CLASSIFICATION_REQUIRED,low,exclude_false_positive,connection_surface_unclassified
conn.microsoft_agents_governed_lab.unknown_por_definir.26757,conn_canon_006152,universo-rey/microsoft-agents-governed-lab,MICROSOFT_AGENTS_GOVERNED_LAB,10_UNIVERSOS/ESCRIBANIA/10_REPOS/02_ACTIVE/microsoft-agents-governed-lab/samples/dotnet/quickstart/AspNetExtensions.cs,L27,Unknown / POR_DEFINIR,Unknown / POR_DEFINIR,ESCRIBANIA,GATE_CONNECTION_SURFACE_CLASSIFICATION_REQUIRED,high,exclude_false_positive,connection_surface_unclassified
conn.microsoft_agents_governed_lab.unknown_por_definir.26800,conn_canon_006158,universo-rey/microsoft-agents-governed-lab,MICROSOFT_AGENTS_GOVERNED_LAB,10_UNIVERSOS/ESCRIBANIA/10_REPOS/02_ACTIVE/microsoft-agents-governed-lab/samples/dotnet/quickstart/README.md,L27,Unknown / POR_DEFINIR,Unknown / POR_DEFINIR,ESCRIBANIA,GATE_CONNECTION_SURFACE_CLASSIFICATION_REQUIRED,low,exclude_false_positive,connection_surface_unclassified
conn.microsoft_agents_governed_lab.unknown_por_definir.26803,conn_canon_006159,universo-rey/microsoft-agents-governed-lab,MICROSOFT_AGENTS_GOVERNED_LAB,10_UNIVERSOS/ESCRIBANIA/10_REPOS/02_ACTIVE/microsoft-agents-governed-lab/samples/dotnet/quickstart/README.md,L58,Unknown / POR_DEFINIR,Unknown / POR_DEFINIR,ESCRIBANIA,GATE_CONNECTION_SURFACE_CLASSIFICATION_REQUIRED,low,exclude_false_positive,connection_surface_unclassified
conn.microsoft_agents_governed_lab.unknown_por_definir.23377,conn_canon_006165,universo-rey/microsoft-agents-governed-lab,MICROSOFT_AGENTS_GOVERNED_LAB,10_UNIVERSOS/ESCRIBANIA/10_REPOS/02_ACTIVE/microsoft-agents-governed-lab/samples/dotnet/README.md,L10,Unknown / POR_DEFINIR,Unknown / POR_DEFINIR,ESCRIBANIA,GATE_CONNECTION_SURFACE_CLASSIFICATION_REQUIRED,low,exclude_false_positive,connection_surface_unclassified
conn.microsoft_agents_governed_lab.unknown_por_definir.23386,conn_canon_006170,universo-rey/microsoft-agents-governed-lab,MICROSOFT_AGENTS_GOVERNED_LAB,10_UNIVERSOS/ESCRIBANIA/10_REPOS/02_ACTIVE/microsoft-agents-governed-lab/samples/dotnet/RetrievalBot/AppManifest/manifest.json,L22,Unknown / POR_DEFINIR,Unknown / POR_DEFINIR,ESCRIBANIA,GATE_CONNECTION_SURFACE_CLASSIFICATION_REQUIRED,low,exclude_false_positive,connection_surface_unclassified
conn.microsoft_agents_governed_lab.unknown_por_definir.23502,conn_canon_006176,universo-rey/microsoft-agents-governed-lab,MICROSOFT_AGENTS_GOVERNED_LAB,10_UNIVERSOS/ESCRIBANIA/10_REPOS/02_ACTIVE/microsoft-agents-governed-lab/samples/dotnet/RetrievalBot/appsettings.json,L27,Unknown / POR_DEFINIR,Unknown / POR_DEFINIR,ESCRIBANIA,GATE_CONNECTION_SURFACE_CLASSIFICATION_REQUIRED,low,exclude_false_positive,connection_surface_unclassified
conn.microsoft_agents_governed_lab.unknown_por_definir.23504,conn_canon_006177,universo-rey/microsoft-agents-governed-lab,MICROSOFT_AGENTS_GOVERNED_LAB,10_UNIVERSOS/ESCRIBANIA/10_REPOS/02_ACTIVE/microsoft-agents-governed-lab/samples/dotnet/RetrievalBot/appsettings.json,L32,Unknown / POR_DEFINIR,Unknown / POR_DEFINIR,ESCRIBANIA,GATE_CONNECTION_SURFACE_CLASSIFICATION_REQUIRED,high,exclude_false_positive,connection_surface_unclassified
conn.microsoft_agents_governed_lab.unknown_por_definir.23402,conn_canon_006179,universo-rey/microsoft-agents-governed-lab,MICROSOFT_AGENTS_GOVERNED_LAB,10_UNIVERSOS/ESCRIBANIA/10_REPOS/02_ACTIVE/microsoft-agents-governed-lab/samples/dotnet/RetrievalBot/AspNetExtensions.cs,L148,Unknown / POR_DEFINIR,Unknown / POR_DEFINIR,ESCRIBANIA,GATE_CONNECTION_SURFACE_CLASSIFICATION_REQUIRED,low,exclude_false_positive,connection_surface_unclassified
conn.microsoft_agents_governed_lab.unknown_por_definir.23387,conn_canon_006180,universo-rey/microsoft-agents-governed-lab,MICROSOFT_AGENTS_GOVERNED_LAB,10_UNIVERSOS/ESCRIBANIA/10_REPOS/02_ACTIVE/microsoft-agents-governed-lab/samples/dotnet/RetrievalBot/AspNetExtensions.cs,L27,Unknown / POR_DEFINIR,Unknown / POR_DEFINIR,ESCRIBANIA,GATE_CONNECTION_SURFACE_CLASSIFICATION_REQUIRED,high,exclude_false_positive,connection_surface_unclassified
conn.microsoft_agents_governed_lab.unknown_por_definir.23428,conn_canon_006181,universo-rey/microsoft-agents-governed-lab,MICROSOFT_AGENTS_GOVERNED_LAB,10_UNIVERSOS/ESCRIBANIA/10_REPOS/02_ACTIVE/microsoft-agents-governed-lab/samples/dotnet/RetrievalBot/Controllers/BotController.cs,L13,Unknown / POR_DEFINIR,Unknown / POR_DEFINIR,ESCRIBANIA,GATE_CONNECTION_SURFACE_CLASSIFICATION_REQUIRED,low,exclude_false_positive,connection_surface_unclassified
conn.microsoft_agents_governed_lab.unknown_por_definir.23454,conn_canon_006377,universo-rey/microsoft-agents-governed-lab,MICROSOFT_AGENTS_GOVERNED_LAB,10_UNIVERSOS/ESCRIBANIA/10_REPOS/02_ACTIVE/microsoft-agents-governed-lab/samples/dotnet/RetrievalBot/README.md,L14,Unknown / POR_DEFINIR,Unknown / POR_DEFINIR,ESCRIBANIA,GATE_CONNECTION_SURFACE_CLASSIFICATION_REQUIRED,low,exclude_false_positive,connection_surface_unclassified
conn.microsoft_agents_governed_lab.unknown_por_definir.23481,conn_canon_006378,universo-rey/microsoft-agents-governed-lab,MICROSOFT_AGENTS_GOVERNED_LAB,10_UNIVERSOS/ESCRIBANIA/10_REPOS/02_ACTIVE/microsoft-agents-governed-lab/samples/dotnet/RetrievalBot/README.md,L75,Unknown / POR_DEFINIR,Unknown / POR_DEFINIR,ESCRIBANIA,GATE_CONNECTION_SURFACE_CLASSIFICATION_REQUIRED,high,exclude_false_positive,connection_surface_unclassified
conn.microsoft_agents_governed_lab.unknown_por_definir.26902,conn_canon_006381,universo-rey/microsoft-agents-governed-lab,MICROSOFT_AGENTS_GOVERNED_LAB,10_UNIVERSOS/ESCRIBANIA/10_REPOS/02_ACTIVE/microsoft-agents-governed-lab/samples/dotnet/semantic-kernel-multiturn/appManifest/manifest.json,L5,Unknown / POR_DEFINIR,Unknown / POR_DEFINIR,ESCRIBANIA,GATE_CONNECTION_SURFACE_CLASSIFICATION_REQUIRED,low,exclude_false_positive,connection_surface_unclassified
conn.microsoft_agents_governed_lab.unknown_por_definir.26907,conn_canon_006385,universo-rey/microsoft-agents-governed-lab,MICROSOFT_AGENTS_GOVERNED_LAB,10_UNIVERSOS/ESCRIBANIA/10_REPOS/02_ACTIVE/microsoft-agents-governed-lab/samples/dotnet/semantic-kernel-multiturn/appsettings.json,L16,Unknown / POR_DEFINIR,Unknown / POR_DEFINIR,ESCRIBANIA,GATE_CONNECTION_SURFACE_CLASSIFICATION_REQUIRED,low,exclude_false_positive,connection_surface_unclassified
conn.microsoft_agents_governed_lab.unknown_por_definir.26909,conn_canon_006386,universo-rey/microsoft-agents-governed-lab,MICROSOFT_AGENTS_GOVERNED_LAB,10_UNIVERSOS/ESCRIBANIA/10_REPOS/02_ACTIVE/microsoft-agents-governed-lab/samples/dotnet/semantic-kernel-multiturn/appsettings.json,L19,Unknown / POR_DEFINIR,Unknown / POR_DEFINIR,ESCRIBANIA,GATE_CONNECTION_SURFACE_CLASSIFICATION_REQUIRED,high,exclude_false_positive,connection_surface_unclassified
conn.microsoft_agents_governed_lab.unknown_por_definir.26839,conn_canon_006388,universo-rey/microsoft-agents-governed-lab,MICROSOFT_AGENTS_GOVERNED_LAB,10_UNIVERSOS/ESCRIBANIA/10_REPOS/02_ACTIVE/microsoft-agents-governed-lab/samples/dotnet/semantic-kernel-multiturn/AspNetExtensions.cs,L148,Unknown / POR_DEFINIR,Unknown / POR_DEFINIR,ESCRIBANIA,GATE_CONNECTION_SURFACE_CLASSIFICATION_REQUIRED,low,exclude_false_positive,connection_surface_unclassified
conn.microsoft_agents_governed_lab.unknown_por_definir.26824,conn_canon_006389,universo-rey/microsoft-agents-governed-lab,MICROSOFT_AGENTS_GOVERNED_LAB,10_UNIVERSOS/ESCRIBANIA/10_REPOS/02_ACTIVE/microsoft-agents-governed-lab/samples/dotnet/semantic-kernel-multiturn/AspNetExtensions.cs,L27,Unknown / POR_DEFINIR,Unknown / POR_DEFINIR,ESCRIBANIA,GATE_CONNECTION_SURFACE_CLASSIFICATION_REQUIRED,high,exclude_false_positive,connection_surface_unclassified
conn.microsoft_agents_governed_lab.unknown_por_definir.26865,conn_canon_006390,universo-rey/microsoft-agents-governed-lab,MICROSOFT_AGENTS_GOVERNED_LAB,10_UNIVERSOS/ESCRIBANIA/10_REPOS/02_ACTIVE/microsoft-agents-governed-lab/samples/dotnet/semantic-kernel-multiturn/MyAgent.cs,L35,Unknown / POR_DEFINIR,Unknown / POR_DEFINIR,ESCRIBANIA,GATE_CONNECTION_SURFACE_CLASSIFICATION_REQUIRED,low,exclude_false_positive,connection_surface_unclassified
conn.microsoft_agents_governed_lab.unknown_por_definir.26891,conn_canon_006403,universo-rey/microsoft-agents-governed-lab,MICROSOFT_AGENTS_GOVERNED_LAB,10_UNIVERSOS/ESCRIBANIA/10_REPOS/02_ACTIVE/microsoft-agents-governed-lab/samples/dotnet/semantic-kernel-multiturn/README.md,L48,Unknown / POR_DEFINIR,Unknown / POR_DEFINIR,ESCRIBANIA,GATE_CONNECTION_SURFACE_CLASSIFICATION_REQUIRED,low,exclude_false_positive,connection_surface_unclassified
conn.microsoft_agents_governed_lab.unknown_por_definir.26894,conn_canon_006404,universo-rey/microsoft-agents-governed-lab,MICROSOFT_AGENTS_GOVERNED_LAB,10_UNIVERSOS/ESCRIBANIA/10_REPOS/02_ACTIVE/microsoft-agents-governed-lab/samples/dotnet/semantic-kernel-multiturn/README.md,L79,Unknown / POR_DEFINIR,Unknown / POR_DEFINIR,ESCRIBANIA,GATE_CONNECTION_SURFACE_CLASSIFICATION_REQUIRED,low,exclude_false_positive,connection_surface_unclassified
conn.microsoft_agents_governed_lab.unknown_por_definir.26973,conn_canon_006408,universo-rey/microsoft-agents-governed-lab,MICROSOFT_AGENTS_GOVERNED_LAB,10_UNIVERSOS/ESCRIBANIA/10_REPOS/02_ACTIVE/microsoft-agents-governed-lab/samples/dotnet/slackagent/appsettings.json,L27,Unknown / POR_DEFINIR,Unknown / POR_DEFINIR,ESCRIBANIA,GATE_CONNECTION_SURFACE_CLASSIFICATION_REQUIRED,low,exclude_false_positive,connection_surface_unclassified
conn.microsoft_agents_governed_lab.unknown_por_definir.26975,conn_canon_006409,universo-rey/microsoft-agents-governed-lab,MICROSOFT_AGENTS_GOVERNED_LAB,10_UNIVERSOS/ESCRIBANIA/10_REPOS/02_ACTIVE/microsoft-agents-governed-lab/samples/dotnet/slackagent/appsettings.json,L30,Unknown / POR_DEFINIR,Unknown / POR_DEFINIR,ESCRIBANIA,GATE_CONNECTION_SURFACE_CLASSIFICATION_REQUIRED,high,exclude_false_positive,connection_surface_unclassified
conn.microsoft_agents_governed_lab.unknown_por_definir.26936,conn_canon_006411,universo-rey/microsoft-agents-governed-lab,MICROSOFT_AGENTS_GOVERNED_LAB,10_UNIVERSOS/ESCRIBANIA/10_REPOS/02_ACTIVE/microsoft-agents-governed-lab/samples/dotnet/slackagent/AspNetExtensions.cs,L148,Unknown / POR_DEFINIR,Unknown / POR_DEFINIR,ESCRIBANIA,GATE_CONNECTION_SURFACE_CLASSIFICATION_REQUIRED,low,exclude_false_positive,connection_surface_unclassified
conn.microsoft_agents_governed_lab.unknown_por_definir.26921,conn_canon_006412,universo-rey/microsoft-agents-governed-lab,MICROSOFT_AGENTS_GOVERNED_LAB,10_UNIVERSOS/ESCRIBANIA/10_REPOS/02_ACTIVE/microsoft-agents-governed-lab/samples/dotnet/slackagent/AspNetExtensions.cs,L27,Unknown / POR_DEFINIR,Unknown / POR_DEFINIR,ESCRIBANIA,GATE_CONNECTION_SURFACE_CLASSIFICATION_REQUIRED,high,exclude_false_positive,connection_surface_unclassified
conn.microsoft_agents_governed_lab.unknown_por_definir.26964,conn_canon_006417,universo-rey/microsoft-agents-governed-lab,MICROSOFT_AGENTS_GOVERNED_LAB,10_UNIVERSOS/ESCRIBANIA/10_REPOS/02_ACTIVE/microsoft-agents-governed-lab/samples/dotnet/slackagent/README.md,L16,Unknown / POR_DEFINIR,Unknown / POR_DEFINIR,ESCRIBANIA,GATE_CONNECTION_SURFACE_CLASSIFICATION_REQUIRED,low,exclude_false_positive,connection_surface_unclassified
conn.microsoft_agents_governed_lab.unknown_por_definir.27013,conn_canon_006420,universo-rey/microsoft-agents-governed-lab,MICROSOFT_AGENTS_GOVERNED_LAB,10_UNIVERSOS/ESCRIBANIA/10_REPOS/02_ACTIVE/microsoft-agents-governed-lab/samples/nodejs/auto-signin/env.TEMPLATE,file_name,Unknown / POR_DEFINIR,Unknown / POR_DEFINIR,ESCRIBANIA,GATE_CONNECTION_SURFACE_CLASSIFICATION_REQUIRED,low,exclude_false_positive,connection_surface_unclassified
conn.microsoft_agents_governed_lab.unknown_por_definir.27022,conn_canon_006425,universo-rey/microsoft-agents-governed-lab,MICROSOFT_AGENTS_GOVERNED_LAB,10_UNIVERSOS/ESCRIBANIA/10_REPOS/02_ACTIVE/microsoft-agents-governed-lab/samples/nodejs/auto-signin/package-lock.json,file_name,Unknown / POR_DEFINIR,Unknown / POR_DEFINIR,ESCRIBANIA,GATE_CONNECTION_SURFACE_CLASSIFICATION_REQUIRED,low,exclude_false_positive,connection_surface_unclassified
conn.microsoft_agents_governed_lab.unknown_por_definir.27034,conn_canon_006428,universo-rey/microsoft-agents-governed-lab,MICROSOFT_AGENTS_GOVERNED_LAB,10_UNIVERSOS/ESCRIBANIA/10_REPOS/02_ACTIVE/microsoft-agents-governed-lab/samples/nodejs/auto-signin/package.json,file_name,Unknown / POR_DEFINIR,Unknown / POR_DEFINIR,ESCRIBANIA,GATE_CONNECTION_SURFACE_CLASSIFICATION_REQUIRED,low,exclude_false_positive,connection_surface_unclassified
conn.microsoft_agents_governed_lab.unknown_por_definir.26991,conn_canon_006435,universo-rey/microsoft-agents-governed-lab,MICROSOFT_AGENTS_GOVERNED_LAB,10_UNIVERSOS/ESCRIBANIA/10_REPOS/02_ACTIVE/microsoft-agents-governed-lab/samples/nodejs/auto-signin/README.md,L20,Unknown / POR_DEFINIR,Unknown / POR_DEFINIR,ESCRIBANIA,GATE_CONNECTION_SURFACE_CLASSIFICATION_REQUIRED,low,exclude_false_positive,connection_surface_unclassified
conn.microsoft_agents_governed_lab.unknown_por_definir.26996,conn_canon_006436,universo-rey/microsoft-agents-governed-lab,MICROSOFT_AGENTS_GOVERNED_LAB,10_UNIVERSOS/ESCRIBANIA/10_REPOS/02_ACTIVE/microsoft-agents-governed-lab/samples/nodejs/auto-signin/README.md,L31,Unknown / POR_DEFINIR,Unknown / POR_DEFINIR,ESCRIBANIA,GATE_CONNECTION_SURFACE_CLASSIFICATION_REQUIRED,high,exclude_false_positive,connection_surface_unclassified
conn.microsoft_agents_governed_lab.unknown_por_definir.26992,conn_canon_006437,universo-rey/microsoft-agents-governed-lab,MICROSOFT_AGENTS_GOVERNED_LAB,10_UNIVERSOS/ESCRIBANIA/10_REPOS/02_ACTIVE/microsoft-agents-governed-lab/samples/nodejs/auto-signin/README.md,L22,Unknown / POR_DEFINIR,Unknown / POR_DEFINIR,ESCRIBANIA,GATE_CONNECTION_SURFACE_CLASSIFICATION_REQUIRED,low,exclude_false_positive,connection_surface_unclassified
conn.microsoft_agents_governed_lab.unknown_por_definir.26997,conn_canon_006438,universo-rey/microsoft-agents-governed-lab,MICROSOFT_AGENTS_GOVERNED_LAB,10_UNIVERSOS/ESCRIBANIA/10_REPOS/02_ACTIVE/microsoft-agents-governed-lab/samples/nodejs/auto-signin/README.md,L32,Unknown / POR_DEFINIR,Unknown / POR_DEFINIR,ESCRIBANIA,GATE_CONNECTION_SURFACE_CLASSIFICATION_REQUIRED,high,exclude_false_positive,connection_surface_unclassified
conn.microsoft_agents_governed_lab.unknown_por_definir.27062,conn_canon_006443,universo-rey/microsoft-agents-governed-lab,MICROSOFT_AGENTS_GOVERNED_LAB,10_UNIVERSOS/ESCRIBANIA/10_REPOS/02_ACTIVE/microsoft-agents-governed-lab/samples/nodejs/azure-ai-streaming/env.TEMPLATE,file_name,Unknown / POR_DEFINIR,Unknown / POR_DEFINIR,ESCRIBANIA,GATE_CONNECTION_SURFACE_CLASSIFICATION_REQUIRED,low,exclude_false_positive,connection_surface_unclassified
conn.microsoft_agents_governed_lab.unknown_por_definir.27065,conn_canon_006444,universo-rey/microsoft-agents-governed-lab,MICROSOFT_AGENTS_GOVERNED_LAB,10_UNIVERSOS/ESCRIBANIA/10_REPOS/02_ACTIVE/microsoft-agents-governed-lab/samples/nodejs/azure-ai-streaming/env.TEMPLATE,L7,Unknown / POR_DEFINIR,Unknown / POR_DEFINIR,ESCRIBANIA,GATE_CONNECTION_SURFACE_CLASSIFICATION_REQUIRED,high,exclude_false_positive,connection_surface_unclassified
conn.microsoft_agents_governed_lab.unknown_por_definir.27069,conn_canon_006449,universo-rey/microsoft-agents-governed-lab,MICROSOFT_AGENTS_GOVERNED_LAB,10_UNIVERSOS/ESCRIBANIA/10_REPOS/02_ACTIVE/microsoft-agents-governed-lab/samples/nodejs/azure-ai-streaming/package-lock.json,file_name,Unknown / POR_DEFINIR,Unknown / POR_DEFINIR,ESCRIBANIA,GATE_CONNECTION_SURFACE_CLASSIFICATION_REQUIRED,low,exclude_false_positive,connection_surface_unclassified
conn.microsoft_agents_governed_lab.unknown_por_definir.27078,conn_canon_006451,universo-rey/microsoft-agents-governed-lab,MICROSOFT_AGENTS_GOVERNED_LAB,10_UNIVERSOS/ESCRIBANIA/10_REPOS/02_ACTIVE/microsoft-agents-governed-lab/samples/nodejs/azure-ai-streaming/package.json,file_name,Unknown / POR_DEFINIR,Unknown / POR_DEFINIR,ESCRIBANIA,GATE_CONNECTION_SURFACE_CLASSIFICATION_REQUIRED,low,exclude_false_positive,connection_surface_unclassified
conn.microsoft_agents_governed_lab.unknown_por_definir.27051,conn_canon_006457,universo-rey/microsoft-agents-governed-lab,MICROSOFT_AGENTS_GOVERNED_LAB,10_UNIVERSOS/ESCRIBANIA/10_REPOS/02_ACTIVE/microsoft-agents-governed-lab/samples/nodejs/azure-ai-streaming/README.md,L34,Unknown / POR_DEFINIR,Unknown / POR_DEFINIR,ESCRIBANIA,GATE_CONNECTION_SURFACE_CLASSIFICATION_REQUIRED,low,exclude_false_positive,connection_surface_unclassified
conn.microsoft_agents_governed_lab.unknown_por_definir.27055,conn_canon_006458,universo-rey/microsoft-agents-governed-lab,MICROSOFT_AGENTS_GOVERNED_LAB,10_UNIVERSOS/ESCRIBANIA/10_REPOS/02_ACTIVE/microsoft-agents-governed-lab/samples/nodejs/azure-ai-streaming/README.md,L46,Unknown / POR_DEFINIR,Unknown / POR_DEFINIR,ESCRIBANIA,GATE_CONNECTION_SURFACE_CLASSIFICATION_REQUIRED,high,exclude_false_positive,connection_surface_unclassified
conn.microsoft_agents_governed_lab.unknown_por_definir.27053,conn_canon_006459,universo-rey/microsoft-agents-governed-lab,MICROSOFT_AGENTS_GOVERNED_LAB,10_UNIVERSOS/ESCRIBANIA/10_REPOS/02_ACTIVE/microsoft-agents-governed-lab/samples/nodejs/azure-ai-streaming/README.md,L38,Unknown / POR_DEFINIR,Unknown / POR_DEFINIR,ESCRIBANIA,GATE_CONNECTION_SURFACE_CLASSIFICATION_REQUIRED,low,exclude_false_positive,connection_surface_unclassified
conn.microsoft_agents_governed_lab.unknown_por_definir.27089,conn_canon_006462,universo-rey/microsoft-agents-governed-lab,MICROSOFT_AGENTS_GOVERNED_LAB,10_UNIVERSOS/ESCRIBANIA/10_REPOS/02_ACTIVE/microsoft-agents-governed-lab/samples/nodejs/cards/env.TEMPLATE,file_name,Unknown / POR_DEFINIR,Unknown / POR_DEFINIR,ESCRIBANIA,GATE_CONNECTION_SURFACE_CLASSIFICATION_REQUIRED,low,exclude_false_positive,connection_surface_unclassified
conn.microsoft_agents_governed_lab.unknown_por_definir.27095,conn_canon_006465,universo-rey/microsoft-agents-governed-lab,MICROSOFT_AGENTS_GOVERNED_LAB,10_UNIVERSOS/ESCRIBANIA/10_REPOS/02_ACTIVE/microsoft-agents-governed-lab/samples/nodejs/cards/package-lock.json,file_name,Unknown / POR_DEFINIR,Unknown / POR_DEFINIR,ESCRIBANIA,GATE_CONNECTION_SURFACE_CLASSIFICATION_REQUIRED,low,exclude_false_positive,connection_surface_unclassified
conn.microsoft_agents_governed_lab.unknown_por_definir.27101,conn_canon_006467,universo-rey/microsoft-agents-governed-lab,MICROSOFT_AGENTS_GOVERNED_LAB,10_UNIVERSOS/ESCRIBANIA/10_REPOS/02_ACTIVE/microsoft-agents-governed-lab/samples/nodejs/cards/package.json,file_name,Unknown / POR_DEFINIR,Unknown / POR_DEFINIR,ESCRIBANIA,GATE_CONNECTION_SURFACE_CLASSIFICATION_REQUIRED,low,exclude_false_positive,connection_surface_unclassified
conn.microsoft_agents_governed_lab.unknown_por_definir.27082,conn_canon_006471,universo-rey/microsoft-agents-governed-lab,MICROSOFT_AGENTS_GOVERNED_LAB,10_UNIVERSOS/ESCRIBANIA/10_REPOS/02_ACTIVE/microsoft-agents-governed-lab/samples/nodejs/cards/README.md,L75,Unknown / POR_DEFINIR,Unknown / POR_DEFINIR,ESCRIBANIA,GATE_CONNECTION_SURFACE_CLASSIFICATION_REQUIRED,low,exclude_false_positive,connection_surface_unclassified
conn.microsoft_agents_governed_lab.unknown_por_definir.27084,conn_canon_006472,universo-rey/microsoft-agents-governed-lab,MICROSOFT_AGENTS_GOVERNED_LAB,10_UNIVERSOS/ESCRIBANIA/10_REPOS/02_ACTIVE/microsoft-agents-governed-lab/samples/nodejs/cards/README.md,L80,Unknown / POR_DEFINIR,Unknown / POR_DEFINIR,ESCRIBANIA,GATE_CONNECTION_SURFACE_CLASSIFICATION_REQUIRED,high,exclude_false_positive,connection_surface_unclassified
conn.microsoft_agents_governed_lab.unknown_por_definir.27083,conn_canon_006473,universo-rey/microsoft-agents-governed-lab,MICROSOFT_AGENTS_GOVERNED_LAB,10_UNIVERSOS/ESCRIBANIA/10_REPOS/02_ACTIVE/microsoft-agents-governed-lab/samples/nodejs/cards/README.md,L77,Unknown / POR_DEFINIR,Unknown / POR_DEFINIR,ESCRIBANIA,GATE_CONNECTION_SURFACE_CLASSIFICATION_REQUIRED,low,exclude_false_positive,connection_surface_unclassified
conn.microsoft_agents_governed_lab.unknown_por_definir.27129,conn_canon_006475,universo-rey/microsoft-agents-governed-lab,MICROSOFT_AGENTS_GOVERNED_LAB,10_UNIVERSOS/ESCRIBANIA/10_REPOS/02_ACTIVE/microsoft-agents-governed-lab/samples/nodejs/copilot-sdk/env.TEMPLATE,file_name,Unknown / POR_DEFINIR,Unknown / POR_DEFINIR,ESCRIBANIA,GATE_CONNECTION_SURFACE_CLASSIFICATION_REQUIRED,low,exclude_false_positive,connection_surface_unclassified
conn.microsoft_agents_governed_lab.unknown_por_definir.27131,conn_canon_006476,universo-rey/microsoft-agents-governed-lab,MICROSOFT_AGENTS_GOVERNED_LAB,10_UNIVERSOS/ESCRIBANIA/10_REPOS/02_ACTIVE/microsoft-agents-governed-lab/samples/nodejs/copilot-sdk/env.TEMPLATE,L3,Unknown / POR_DEFINIR,Unknown / POR_DEFINIR,ESCRIBANIA,GATE_CONNECTION_SURFACE_CLASSIFICATION_REQUIRED,high,exclude_false_positive,connection_surface_unclassified
conn.microsoft_agents_governed_lab.unknown_por_definir.27137,conn_canon_006479,universo-rey/microsoft-agents-governed-lab,MICROSOFT_AGENTS_GOVERNED_LAB,10_UNIVERSOS/ESCRIBANIA/10_REPOS/02_ACTIVE/microsoft-agents-governed-lab/samples/nodejs/copilot-sdk/package-lock.json,file_name,Unknown / POR_DEFINIR,Unknown / POR_DEFINIR,ESCRIBANIA,GATE_CONNECTION_SURFACE_CLASSIFICATION_REQUIRED,low,exclude_false_positive,connection_surface_unclassified
conn.microsoft_agents_governed_lab.unknown_por_definir.27143,conn_canon_006481,universo-rey/microsoft-agents-governed-lab,MICROSOFT_AGENTS_GOVERNED_LAB,10_UNIVERSOS/ESCRIBANIA/10_REPOS/02_ACTIVE/microsoft-agents-governed-lab/samples/nodejs/copilot-sdk/package.json,file_name,Unknown / POR_DEFINIR,Unknown / POR_DEFINIR,ESCRIBANIA,GATE_CONNECTION_SURFACE_CLASSIFICATION_REQUIRED,low,exclude_false_positive,connection_surface_unclassified
conn.microsoft_agents_governed_lab.unknown_por_definir.27106,conn_canon_006487,universo-rey/microsoft-agents-governed-lab,MICROSOFT_AGENTS_GOVERNED_LAB,10_UNIVERSOS/ESCRIBANIA/10_REPOS/02_ACTIVE/microsoft-agents-governed-lab/samples/nodejs/copilot-sdk/README.md,L21,Unknown / POR_DEFINIR,Unknown / POR_DEFINIR,ESCRIBANIA,GATE_CONNECTION_SURFACE_CLASSIFICATION_REQUIRED,low,exclude_false_positive,connection_surface_unclassified
conn.microsoft_agents_governed_lab.unknown_por_definir.27116,conn_canon_006488,universo-rey/microsoft-agents-governed-lab,MICROSOFT_AGENTS_GOVERNED_LAB,10_UNIVERSOS/ESCRIBANIA/10_REPOS/02_ACTIVE/microsoft-agents-governed-lab/samples/nodejs/copilot-sdk/README.md,L67,Unknown / POR_DEFINIR,Unknown / POR_DEFINIR,ESCRIBANIA,GATE_CONNECTION_SURFACE_CLASSIFICATION_REQUIRED,high,exclude_false_positive,connection_surface_unclassified
conn.microsoft_agents_governed_lab.unknown_por_definir.27147,conn_canon_006490,universo-rey/microsoft-agents-governed-lab,MICROSOFT_AGENTS_GOVERNED_LAB,10_UNIVERSOS/ESCRIBANIA/10_REPOS/02_ACTIVE/microsoft-agents-governed-lab/samples/nodejs/copilotstudio-client/.vscode/launch.json,L7,Unknown / POR_DEFINIR,Unknown / POR_DEFINIR,ESCRIBANIA,GATE_CONNECTION_SURFACE_CLASSIFICATION_REQUIRED,low,exclude_false_positive,connection_surface_unclassified
conn.microsoft_agents_governed_lab.unknown_por_definir.27149,conn_canon_006491,universo-rey/microsoft-agents-governed-lab,MICROSOFT_AGENTS_GOVERNED_LAB,10_UNIVERSOS/ESCRIBANIA/10_REPOS/02_ACTIVE/microsoft-agents-governed-lab/samples/nodejs/copilotstudio-client/.vscode/tasks.json,L12,Unknown / POR_DEFINIR,Unknown / POR_DEFINIR,ESCRIBANIA,GATE_CONNECTION_SURFACE_CLASSIFICATION_REQUIRED,low,exclude_false_positive,connection_surface_unclassified
conn.microsoft_agents_governed_lab.unknown_por_definir.27170,conn_canon_006494,universo-rey/microsoft-agents-governed-lab,MICROSOFT_AGENTS_GOVERNED_LAB,10_UNIVERSOS/ESCRIBANIA/10_REPOS/02_ACTIVE/microsoft-agents-governed-lab/samples/nodejs/copilotstudio-client/env.TEMPLATE,file_name,Unknown / POR_DEFINIR,Unknown / POR_DEFINIR,ESCRIBANIA,GATE_CONNECTION_SURFACE_CLASSIFICATION_REQUIRED,low,exclude_false_positive,connection_surface_unclassified
conn.microsoft_agents_governed_lab.unknown_por_definir.27171,conn_canon_006495,universo-rey/microsoft-agents-governed-lab,MICROSOFT_AGENTS_GOVERNED_LAB,10_UNIVERSOS/ESCRIBANIA/10_REPOS/02_ACTIVE/microsoft-agents-governed-lab/samples/nodejs/copilotstudio-client/env.TEMPLATE,L1,Unknown / POR_DEFINIR,Unknown / POR_DEFINIR,ESCRIBANIA,GATE_CONNECTION_SURFACE_CLASSIFICATION_REQUIRED,low,exclude_false_positive,connection_surface_unclassified
conn.microsoft_agents_governed_lab.unknown_por_definir.27176,conn_canon_006496,universo-rey/microsoft-agents-governed-lab,MICROSOFT_AGENTS_GOVERNED_LAB,10_UNIVERSOS/ESCRIBANIA/10_REPOS/02_ACTIVE/microsoft-agents-governed-lab/samples/nodejs/copilotstudio-client/package-lock.json,file_name,Unknown / POR_DEFINIR,Unknown / POR_DEFINIR,ESCRIBANIA,GATE_CONNECTION_SURFACE_CLASSIFICATION_REQUIRED,low,exclude_false_positive,connection_surface_unclassified
conn.microsoft_agents_governed_lab.unknown_por_definir.27181,conn_canon_006497,universo-rey/microsoft-agents-governed-lab,MICROSOFT_AGENTS_GOVERNED_LAB,10_UNIVERSOS/ESCRIBANIA/10_REPOS/02_ACTIVE/microsoft-agents-governed-lab/samples/nodejs/copilotstudio-client/package-lock.json,L59,Unknown / POR_DEFINIR,Unknown / POR_DEFINIR,ESCRIBANIA,GATE_CONNECTION_SURFACE_CLASSIFICATION_REQUIRED,low,exclude_false_positive,connection_surface_unclassified
conn.microsoft_agents_governed_lab.unknown_por_definir.27182,conn_canon_006498,universo-rey/microsoft-agents-governed-lab,MICROSOFT_AGENTS_GOVERNED_LAB,10_UNIVERSOS/ESCRIBANIA/10_REPOS/02_ACTIVE/microsoft-agents-governed-lab/samples/nodejs/copilotstudio-client/package.json,file_name,Unknown / POR_DEFINIR,Unknown / POR_DEFINIR,ESCRIBANIA,GATE_CONNECTION_SURFACE_CLASSIFICATION_REQUIRED,low,exclude_false_positive,connection_surface_unclassified
conn.microsoft_agents_governed_lab.unknown_por_definir.27150,conn_canon_006502,universo-rey/microsoft-agents-governed-lab,MICROSOFT_AGENTS_GOVERNED_LAB,10_UNIVERSOS/ESCRIBANIA/10_REPOS/02_ACTIVE/microsoft-agents-governed-lab/samples/nodejs/copilotstudio-client/README.md,L1,Unknown / POR_DEFINIR,Unknown / POR_DEFINIR,ESCRIBANIA,GATE_CONNECTION_SURFACE_CLASSIFICATION_REQUIRED,low,exclude_false_positive,connection_surface_unclassified
conn.microsoft_agents_governed_lab.unknown_por_definir.27155,conn_canon_006503,universo-rey/microsoft-agents-governed-lab,MICROSOFT_AGENTS_GOVERNED_LAB,10_UNIVERSOS/ESCRIBANIA/10_REPOS/02_ACTIVE/microsoft-agents-governed-lab/samples/nodejs/copilotstudio-client/README.md,L22,Unknown / POR_DEFINIR,Unknown / POR_DEFINIR,ESCRIBANIA,GATE_CONNECTION_SURFACE_CLASSIFICATION_REQUIRED,high,exclude_false_positive,connection_surface_unclassified
conn.microsoft_agents_governed_lab.unknown_por_definir.27165,conn_canon_006504,universo-rey/microsoft-agents-governed-lab,MICROSOFT_AGENTS_GOVERNED_LAB,10_UNIVERSOS/ESCRIBANIA/10_REPOS/02_ACTIVE/microsoft-agents-governed-lab/samples/nodejs/copilotstudio-client/README.md,L71,Unknown / POR_DEFINIR,Unknown / POR_DEFINIR,ESCRIBANIA,GATE_CONNECTION_SURFACE_CLASSIFICATION_REQUIRED,low,exclude_false_positive,connection_surface_unclassified
conn.microsoft_agents_governed_lab.unknown_por_definir.27157,conn_canon_006505,universo-rey/microsoft-agents-governed-lab,MICROSOFT_AGENTS_GOVERNED_LAB,10_UNIVERSOS/ESCRIBANIA/10_REPOS/02_ACTIVE/microsoft-agents-governed-lab/samples/nodejs/copilotstudio-client/README.md,L29,Unknown / POR_DEFINIR,Unknown / POR_DEFINIR,ESCRIBANIA,GATE_CONNECTION_SURFACE_CLASSIFICATION_REQUIRED,low,exclude_false_positive,connection_surface_unclassified
conn.microsoft_agents_governed_lab.unknown_por_definir.27186,conn_canon_006508,universo-rey/microsoft-agents-governed-lab,MICROSOFT_AGENTS_GOVERNED_LAB,10_UNIVERSOS/ESCRIBANIA/10_REPOS/02_ACTIVE/microsoft-agents-governed-lab/samples/nodejs/copilotstudio-client/src/index.ts,L8,Unknown / POR_DEFINIR,Unknown / POR_DEFINIR,ESCRIBANIA,GATE_CONNECTION_SURFACE_CLASSIFICATION_REQUIRED,low,exclude_false_positive,connection_surface_unclassified
conn.microsoft_agents_governed_lab.unknown_por_definir.27188,conn_canon_006509,universo-rey/microsoft-agents-governed-lab,MICROSOFT_AGENTS_GOVERNED_LAB,10_UNIVERSOS/ESCRIBANIA/10_REPOS/02_ACTIVE/microsoft-agents-governed-lab/samples/nodejs/copilotstudio-client/src/index.ts,L17,Unknown / POR_DEFINIR,Unknown / POR_DEFINIR,ESCRIBANIA,GATE_CONNECTION_SURFACE_CLASSIFICATION_REQUIRED,high,exclude_false_positive,connection_surface_unclassified
conn.microsoft_agents_governed_lab.unknown_por_definir.27191,conn_canon_006510,universo-rey/microsoft-agents-governed-lab,MICROSOFT_AGENTS_GOVERNED_LAB,10_UNIVERSOS/ESCRIBANIA/10_REPOS/02_ACTIVE/microsoft-agents-governed-lab/samples/nodejs/copilotstudio-client/src/index.ts,L40,Unknown / POR_DEFINIR,Unknown / POR_DEFINIR,ESCRIBANIA,GATE_CONNECTION_SURFACE_CLASSIFICATION_REQUIRED,high,exclude_false_positive,connection_surface_unclassified
conn.microsoft_agents_governed_lab.unknown_por_definir.27210,conn_canon_006512,universo-rey/microsoft-agents-governed-lab,MICROSOFT_AGENTS_GOVERNED_LAB,10_UNIVERSOS/ESCRIBANIA/10_REPOS/02_ACTIVE/microsoft-agents-governed-lab/samples/nodejs/copilotstudio-skill/env.TEMPLATE,file_name,Unknown / POR_DEFINIR,Unknown / POR_DEFINIR,ESCRIBANIA,GATE_CONNECTION_SURFACE_CLASSIFICATION_REQUIRED,low,exclude_false_positive,connection_surface_unclassified
conn.microsoft_agents_governed_lab.unknown_por_definir.27216,conn_canon_006515,universo-rey/microsoft-agents-governed-lab,MICROSOFT_AGENTS_GOVERNED_LAB,10_UNIVERSOS/ESCRIBANIA/10_REPOS/02_ACTIVE/microsoft-agents-governed-lab/samples/nodejs/copilotstudio-skill/package-lock.json,file_name,Unknown / POR_DEFINIR,Unknown / POR_DEFINIR,ESCRIBANIA,GATE_CONNECTION_SURFACE_CLASSIFICATION_REQUIRED,low,exclude_false_positive,connection_surface_unclassified
conn.microsoft_agents_governed_lab.unknown_por_definir.27222,conn_canon_006517,universo-rey/microsoft-agents-governed-lab,MICROSOFT_AGENTS_GOVERNED_LAB,10_UNIVERSOS/ESCRIBANIA/10_REPOS/02_ACTIVE/microsoft-agents-governed-lab/samples/nodejs/copilotstudio-skill/package.json,file_name,Unknown / POR_DEFINIR,Unknown / POR_DEFINIR,ESCRIBANIA,GATE_CONNECTION_SURFACE_CLASSIFICATION_REQUIRED,low,exclude_false_positive,connection_surface_unclassified
conn.microsoft_agents_governed_lab.unknown_por_definir.27197,conn_canon_006521,universo-rey/microsoft-agents-governed-lab,MICROSOFT_AGENTS_GOVERNED_LAB,10_UNIVERSOS/ESCRIBANIA/10_REPOS/02_ACTIVE/microsoft-agents-governed-lab/samples/nodejs/copilotstudio-skill/README.md,L1,Unknown / POR_DEFINIR,Unknown / POR_DEFINIR,ESCRIBANIA,GATE_CONNECTION_SURFACE_CLASSIFICATION_REQUIRED,low,exclude_false_positive,connection_surface_unclassified
conn.microsoft_agents_governed_lab.unknown_por_definir.27199,conn_canon_006522,universo-rey/microsoft-agents-governed-lab,MICROSOFT_AGENTS_GOVERNED_LAB,10_UNIVERSOS/ESCRIBANIA/10_REPOS/02_ACTIVE/microsoft-agents-governed-lab/samples/nodejs/copilotstudio-skill/README.md,L14,Unknown / POR_DEFINIR,Unknown / POR_DEFINIR,ESCRIBANIA,GATE_CONNECTION_SURFACE_CLASSIFICATION_REQUIRED,low,exclude_false_positive,connection_surface_unclassified
conn.microsoft_agents_governed_lab.unknown_por_definir.27259,conn_canon_006523,universo-rey/microsoft-agents-governed-lab,MICROSOFT_AGENTS_GOVERNED_LAB,10_UNIVERSOS/ESCRIBANIA/10_REPOS/02_ACTIVE/microsoft-agents-governed-lab/samples/nodejs/copilotstudio-webchat-react/package-lock.json,file_name,Unknown / POR_DEFINIR,Unknown / POR_DEFINIR,ESCRIBANIA,GATE_CONNECTION_SURFACE_CLASSIFICATION_REQUIRED,low,exclude_false_positive,connection_surface_unclassified
conn.microsoft_agents_governed_lab.unknown_por_definir.27264,conn_canon_006524,universo-rey/microsoft-agents-governed-lab,MICROSOFT_AGENTS_GOVERNED_LAB,10_UNIVERSOS/ESCRIBANIA/10_REPOS/02_ACTIVE/microsoft-agents-governed-lab/samples/nodejs/copilotstudio-webchat-react/package-lock.json,L869,Unknown / POR_DEFINIR,Unknown / POR_DEFINIR,ESCRIBANIA,GATE_CONNECTION_SURFACE_CLASSIFICATION_REQUIRED,low,exclude_false_positive,connection_surface_unclassified
conn.microsoft_agents_governed_lab.unknown_por_definir.27266,conn_canon_006525,universo-rey/microsoft-agents-governed-lab,MICROSOFT_AGENTS_GOVERNED_LAB,10_UNIVERSOS/ESCRIBANIA/10_REPOS/02_ACTIVE/microsoft-agents-governed-lab/samples/nodejs/copilotstudio-webchat-react/package.json,file_name,Unknown / POR_DEFINIR,Unknown / POR_DEFINIR,ESCRIBANIA,GATE_CONNECTION_SURFACE_CLASSIFICATION_REQUIRED,low,exclude_false_positive,connection_surface_unclassified
conn.microsoft_agents_governed_lab.unknown_por_definir.27225,conn_canon_006529,universo-rey/microsoft-agents-governed-lab,MICROSOFT_AGENTS_GOVERNED_LAB,10_UNIVERSOS/ESCRIBANIA/10_REPOS/02_ACTIVE/microsoft-agents-governed-lab/samples/nodejs/copilotstudio-webchat-react/README.md,L1,Unknown / POR_DEFINIR,Unknown / POR_DEFINIR,ESCRIBANIA,GATE_CONNECTION_SURFACE_CLASSIFICATION_REQUIRED,low,exclude_false_positive,connection_surface_unclassified
conn.microsoft_agents_governed_lab.unknown_por_definir.27247,conn_canon_006530,universo-rey/microsoft-agents-governed-lab,MICROSOFT_AGENTS_GOVERNED_LAB,10_UNIVERSOS/ESCRIBANIA/10_REPOS/02_ACTIVE/microsoft-agents-governed-lab/samples/nodejs/copilotstudio-webchat-react/README.md,L125,Unknown / POR_DEFINIR,Unknown / POR_DEFINIR,ESCRIBANIA,GATE_CONNECTION_SURFACE_CLASSIFICATION_REQUIRED,high,exclude_false_positive,connection_surface_unclassified
conn.microsoft_agents_governed_lab.unknown_por_definir.27242,conn_canon_006531,universo-rey/microsoft-agents-governed-lab,MICROSOFT_AGENTS_GOVERNED_LAB,10_UNIVERSOS/ESCRIBANIA/10_REPOS/02_ACTIVE/microsoft-agents-governed-lab/samples/nodejs/copilotstudio-webchat-react/README.md,L78,Unknown / POR_DEFINIR,Unknown / POR_DEFINIR,ESCRIBANIA,GATE_CONNECTION_SURFACE_CLASSIFICATION_REQUIRED,low,exclude_false_positive,connection_surface_unclassified
conn.microsoft_agents_governed_lab.unknown_por_definir.27226,conn_canon_006532,universo-rey/microsoft-agents-governed-lab,MICROSOFT_AGENTS_GOVERNED_LAB,10_UNIVERSOS/ESCRIBANIA/10_REPOS/02_ACTIVE/microsoft-agents-governed-lab/samples/nodejs/copilotstudio-webchat-react/README.md,L3,Unknown / POR_DEFINIR,Unknown / POR_DEFINIR,ESCRIBANIA,GATE_CONNECTION_SURFACE_CLASSIFICATION_REQUIRED,low,exclude_false_positive,connection_surface_unclassified
conn.microsoft_agents_governed_lab.unknown_por_definir.27269,conn_canon_006534,universo-rey/microsoft-agents-governed-lab,MICROSOFT_AGENTS_GOVERNED_LAB,10_UNIVERSOS/ESCRIBANIA/10_REPOS/02_ACTIVE/microsoft-agents-governed-lab/samples/nodejs/copilotstudio-webchat-react/src/Chat.tsx,L9,Unknown / POR_DEFINIR,Unknown / POR_DEFINIR,ESCRIBANIA,GATE_CONNECTION_SURFACE_CLASSIFICATION_REQUIRED,low,exclude_false_positive,connection_surface_unclassified
conn.microsoft_agents_governed_lab.unknown_por_definir.27275,conn_canon_006535,universo-rey/microsoft-agents-governed-lab,MICROSOFT_AGENTS_GOVERNED_LAB,10_UNIVERSOS/ESCRIBANIA/10_REPOS/02_ACTIVE/microsoft-agents-governed-lab/samples/nodejs/copilotstudio-webchat-react/src/Chat.tsx,L36,Unknown / POR_DEFINIR,Unknown / POR_DEFINIR,ESCRIBANIA,GATE_CONNECTION_SURFACE_CLASSIFICATION_REQUIRED,high,exclude_false_positive,connection_surface_unclassified
conn.microsoft_agents_governed_lab.unknown_por_definir.27273,conn_canon_006536,universo-rey/microsoft-agents-governed-lab,MICROSOFT_AGENTS_GOVERNED_LAB,10_UNIVERSOS/ESCRIBANIA/10_REPOS/02_ACTIVE/microsoft-agents-governed-lab/samples/nodejs/copilotstudio-webchat-react/src/Chat.tsx,L25,Unknown / POR_DEFINIR,Unknown / POR_DEFINIR,ESCRIBANIA,GATE_CONNECTION_SURFACE_CLASSIFICATION_REQUIRED,low,exclude_false_positive,connection_surface_unclassified
conn.microsoft_agents_governed_lab.unknown_por_definir.27280,conn_canon_006540,universo-rey/microsoft-agents-governed-lab,MICROSOFT_AGENTS_GOVERNED_LAB,10_UNIVERSOS/ESCRIBANIA/10_REPOS/02_ACTIVE/microsoft-agents-governed-lab/samples/nodejs/copilotstudio-webchat-react/src/settings.EXAMPLE.js,L8,Unknown / POR_DEFINIR,Unknown / POR_DEFINIR,ESCRIBANIA,GATE_CONNECTION_SURFACE_CLASSIFICATION_REQUIRED,low,exclude_false_positive,connection_surface_unclassified
conn.microsoft_agents_governed_lab.unknown_por_definir.27285,conn_canon_006541,universo-rey/microsoft-agents-governed-lab,MICROSOFT_AGENTS_GOVERNED_LAB,10_UNIVERSOS/ESCRIBANIA/10_REPOS/02_ACTIVE/microsoft-agents-governed-lab/samples/nodejs/copilotstudio-webchat-react/src/settings.EXAMPLE.js,L21,Unknown / POR_DEFINIR,Unknown / POR_DEFINIR,ESCRIBANIA,GATE_CONNECTION_SURFACE_CLASSIFICATION_REQUIRED,low,exclude_false_positive,connection_surface_unclassified
conn.microsoft_agents_governed_lab.unknown_por_definir.27292,conn_canon_006545,universo-rey/microsoft-agents-governed-lab,MICROSOFT_AGENTS_GOVERNED_LAB,10_UNIVERSOS/ESCRIBANIA/10_REPOS/02_ACTIVE/microsoft-agents-governed-lab/samples/nodejs/copilotstudio-webclient/README.md,L1,Unknown / POR_DEFINIR,Unknown / POR_DEFINIR,ESCRIBANIA,GATE_CONNECTION_SURFACE_CLASSIFICATION_REQUIRED,low,exclude_false_positive,connection_surface_unclassified
conn.microsoft_agents_governed_lab.unknown_por_definir.27296,conn_canon_006546,universo-rey/microsoft-agents-governed-lab,MICROSOFT_AGENTS_GOVERNED_LAB,10_UNIVERSOS/ESCRIBANIA/10_REPOS/02_ACTIVE/microsoft-agents-governed-lab/samples/nodejs/copilotstudio-webclient/README.md,L13,Unknown / POR_DEFINIR,Unknown / POR_DEFINIR,ESCRIBANIA,GATE_CONNECTION_SURFACE_CLASSIFICATION_REQUIRED,high,exclude_false_positive,connection_surface_unclassified
conn.microsoft_agents_governed_lab.unknown_por_definir.27306,conn_canon_006547,universo-rey/microsoft-agents-governed-lab,MICROSOFT_AGENTS_GOVERNED_LAB,10_UNIVERSOS/ESCRIBANIA/10_REPOS/02_ACTIVE/microsoft-agents-governed-lab/samples/nodejs/copilotstudio-webclient/README.md,L59,Unknown / POR_DEFINIR,Unknown / POR_DEFINIR,ESCRIBANIA,GATE_CONNECTION_SURFACE_CLASSIFICATION_REQUIRED,low,exclude_false_positive,connection_surface_unclassified
conn.microsoft_agents_governed_lab.unknown_por_definir.27298,conn_canon_006548,universo-rey/microsoft-agents-governed-lab,MICROSOFT_AGENTS_GOVERNED_LAB,10_UNIVERSOS/ESCRIBANIA/10_REPOS/02_ACTIVE/microsoft-agents-governed-lab/samples/nodejs/copilotstudio-webclient/README.md,L17,Unknown / POR_DEFINIR,Unknown / POR_DEFINIR,ESCRIBANIA,GATE_CONNECTION_SURFACE_CLASSIFICATION_REQUIRED,low,exclude_false_positive,connection_surface_unclassified
conn.microsoft_agents_governed_lab.unknown_por_definir.27310,conn_canon_006549,universo-rey/microsoft-agents-governed-lab,MICROSOFT_AGENTS_GOVERNED_LAB,10_UNIVERSOS/ESCRIBANIA/10_REPOS/02_ACTIVE/microsoft-agents-governed-lab/samples/nodejs/copilotstudio-webclient/web/index.js,L7,Unknown / POR_DEFINIR,Unknown / POR_DEFINIR,ESCRIBANIA,GATE_CONNECTION_SURFACE_CLASSIFICATION_REQUIRED,low,exclude_false_positive,connection_surface_unclassified
conn.microsoft_agents_governed_lab.unknown_por_definir.27313,conn_canon_006550,universo-rey/microsoft-agents-governed-lab,MICROSOFT_AGENTS_GOVERNED_LAB,10_UNIVERSOS/ESCRIBANIA/10_REPOS/02_ACTIVE/microsoft-agents-governed-lab/samples/nodejs/copilotstudio-webclient/web/index.js,L16,Unknown / POR_DEFINIR,Unknown / POR_DEFINIR,ESCRIBANIA,GATE_CONNECTION_SURFACE_CLASSIFICATION_REQUIRED,high,exclude_false_positive,connection_surface_unclassified
conn.microsoft_agents_governed_lab.unknown_por_definir.27315,conn_canon_006554,universo-rey/microsoft-agents-governed-lab,MICROSOFT_AGENTS_GOVERNED_LAB,10_UNIVERSOS/ESCRIBANIA/10_REPOS/02_ACTIVE/microsoft-agents-governed-lab/samples/nodejs/copilotstudio-webclient/web/settings.TEMPLATE.js,L8,Unknown / POR_DEFINIR,Unknown / POR_DEFINIR,ESCRIBANIA,GATE_CONNECTION_SURFACE_CLASSIFICATION_REQUIRED,low,exclude_false_positive,connection_surface_unclassified
conn.microsoft_agents_governed_lab.unknown_por_definir.27320,conn_canon_006555,universo-rey/microsoft-agents-governed-lab,MICROSOFT_AGENTS_GOVERNED_LAB,10_UNIVERSOS/ESCRIBANIA/10_REPOS/02_ACTIVE/microsoft-agents-governed-lab/samples/nodejs/copilotstudio-webclient/web/settings.TEMPLATE.js,L21,Unknown / POR_DEFINIR,Unknown / POR_DEFINIR,ESCRIBANIA,GATE_CONNECTION_SURFACE_CLASSIFICATION_REQUIRED,low,exclude_false_positive,connection_surface_unclassified
conn.microsoft_agents_governed_lab.unknown_por_definir.27348,conn_canon_006558,universo-rey/microsoft-agents-governed-lab,MICROSOFT_AGENTS_GOVERNED_LAB,10_UNIVERSOS/ESCRIBANIA/10_REPOS/02_ACTIVE/microsoft-agents-governed-lab/samples/nodejs/langchain-multiturn/env.TEMPLATE,file_name,Unknown / POR_DEFINIR,Unknown / POR_DEFINIR,ESCRIBANIA,GATE_CONNECTION_SURFACE_CLASSIFICATION_REQUIRED,low,exclude_false_positive,connection_surface_unclassified
conn.microsoft_agents_governed_lab.unknown_por_definir.27350,conn_canon_006559,universo-rey/microsoft-agents-governed-lab,MICROSOFT_AGENTS_GOVERNED_LAB,10_UNIVERSOS/ESCRIBANIA/10_REPOS/02_ACTIVE/microsoft-agents-governed-lab/samples/nodejs/langchain-multiturn/env.TEMPLATE,L3,Unknown / POR_DEFINIR,Unknown / POR_DEFINIR,ESCRIBANIA,GATE_CONNECTION_SURFACE_CLASSIFICATION_REQUIRED,high,exclude_false_positive,connection_surface_unclassified
conn.microsoft_agents_governed_lab.unknown_por_definir.27361,conn_canon_006566,universo-rey/microsoft-agents-governed-lab,MICROSOFT_AGENTS_GOVERNED_LAB,10_UNIVERSOS/ESCRIBANIA/10_REPOS/02_ACTIVE/microsoft-agents-governed-lab/samples/nodejs/langchain-multiturn/package-lock.json,file_name,Unknown / POR_DEFINIR,Unknown / POR_DEFINIR,ESCRIBANIA,GATE_CONNECTION_SURFACE_CLASSIFICATION_REQUIRED,low,exclude_false_positive,connection_surface_unclassified
conn.microsoft_agents_governed_lab.unknown_por_definir.27389,conn_canon_006570,universo-rey/microsoft-agents-governed-lab,MICROSOFT_AGENTS_GOVERNED_LAB,10_UNIVERSOS/ESCRIBANIA/10_REPOS/02_ACTIVE/microsoft-agents-governed-lab/samples/nodejs/langchain-multiturn/package.json,file_name,Unknown / POR_DEFINIR,Unknown / POR_DEFINIR,ESCRIBANIA,GATE_CONNECTION_SURFACE_CLASSIFICATION_REQUIRED,low,exclude_false_positive,connection_surface_unclassified
conn.microsoft_agents_governed_lab.unknown_por_definir.27337,conn_canon_006576,universo-rey/microsoft-agents-governed-lab,MICROSOFT_AGENTS_GOVERNED_LAB,10_UNIVERSOS/ESCRIBANIA/10_REPOS/02_ACTIVE/microsoft-agents-governed-lab/samples/nodejs/langchain-multiturn/README.md,L42,Unknown / POR_DEFINIR,Unknown / POR_DEFINIR,ESCRIBANIA,GATE_CONNECTION_SURFACE_CLASSIFICATION_REQUIRED,low,exclude_false_positive,connection_surface_unclassified
conn.microsoft_agents_governed_lab.unknown_por_definir.27341,conn_canon_006577,universo-rey/microsoft-agents-governed-lab,MICROSOFT_AGENTS_GOVERNED_LAB,10_UNIVERSOS/ESCRIBANIA/10_REPOS/02_ACTIVE/microsoft-agents-governed-lab/samples/nodejs/langchain-multiturn/README.md,L55,Unknown / POR_DEFINIR,Unknown / POR_DEFINIR,ESCRIBANIA,GATE_CONNECTION_SURFACE_CLASSIFICATION_REQUIRED,high,exclude_false_positive,connection_surface_unclassified
conn.microsoft_agents_governed_lab.unknown_por_definir.27339,conn_canon_006578,universo-rey/microsoft-agents-governed-lab,MICROSOFT_AGENTS_GOVERNED_LAB,10_UNIVERSOS/ESCRIBANIA/10_REPOS/02_ACTIVE/microsoft-agents-governed-lab/samples/nodejs/langchain-multiturn/README.md,L46,Unknown / POR_DEFINIR,Unknown / POR_DEFINIR,ESCRIBANIA,GATE_CONNECTION_SURFACE_CLASSIFICATION_REQUIRED,low,exclude_false_positive,connection_surface_unclassified
conn.microsoft_agents_governed_lab.unknown_por_definir.27413,conn_canon_006583,universo-rey/microsoft-agents-governed-lab,MICROSOFT_AGENTS_GOVERNED_LAB,10_UNIVERSOS/ESCRIBANIA/10_REPOS/02_ACTIVE/microsoft-agents-governed-lab/samples/nodejs/multi-turn-prompt/env.TEMPLATE,file_name,Unknown / POR_DEFINIR,Unknown / POR_DEFINIR,ESCRIBANIA,GATE_CONNECTION_SURFACE_CLASSIFICATION_REQUIRED,low,exclude_false_positive,connection_surface_unclassified
conn.microsoft_agents_governed_lab.unknown_por_definir.27419,conn_canon_006588,universo-rey/microsoft-agents-governed-lab,MICROSOFT_AGENTS_GOVERNED_LAB,10_UNIVERSOS/ESCRIBANIA/10_REPOS/02_ACTIVE/microsoft-agents-governed-lab/samples/nodejs/multi-turn-prompt/package-lock.json,file_name,Unknown / POR_DEFINIR,Unknown / POR_DEFINIR,ESCRIBANIA,GATE_CONNECTION_SURFACE_CLASSIFICATION_REQUIRED,low,exclude_false_positive,connection_surface_unclassified
conn.microsoft_agents_governed_lab.unknown_por_definir.27432,conn_canon_006590,universo-rey/microsoft-agents-governed-lab,MICROSOFT_AGENTS_GOVERNED_LAB,10_UNIVERSOS/ESCRIBANIA/10_REPOS/02_ACTIVE/microsoft-agents-governed-lab/samples/nodejs/multi-turn-prompt/package.json,file_name,Unknown / POR_DEFINIR,Unknown / POR_DEFINIR,ESCRIBANIA,GATE_CONNECTION_SURFACE_CLASSIFICATION_REQUIRED,low,exclude_false_positive,connection_surface_unclassified
conn.microsoft_agents_governed_lab.unknown_por_definir.27406,conn_canon_006594,universo-rey/microsoft-agents-governed-lab,MICROSOFT_AGENTS_GOVERNED_LAB,10_UNIVERSOS/ESCRIBANIA/10_REPOS/02_ACTIVE/microsoft-agents-governed-lab/samples/nodejs/multi-turn-prompt/README.md,L69,Unknown / POR_DEFINIR,Unknown / POR_DEFINIR,ESCRIBANIA,GATE_CONNECTION_SURFACE_CLASSIFICATION_REQUIRED,low,exclude_false_positive,connection_surface_unclassified
conn.microsoft_agents_governed_lab.unknown_por_definir.27408,conn_canon_006595,universo-rey/microsoft-agents-governed-lab,MICROSOFT_AGENTS_GOVERNED_LAB,10_UNIVERSOS/ESCRIBANIA/10_REPOS/02_ACTIVE/microsoft-agents-governed-lab/samples/nodejs/multi-turn-prompt/README.md,L74,Unknown / POR_DEFINIR,Unknown / POR_DEFINIR,ESCRIBANIA,GATE_CONNECTION_SURFACE_CLASSIFICATION_REQUIRED,high,exclude_false_positive,connection_surface_unclassified
conn.microsoft_agents_governed_lab.unknown_por_definir.27407,conn_canon_006596,universo-rey/microsoft-agents-governed-lab,MICROSOFT_AGENTS_GOVERNED_LAB,10_UNIVERSOS/ESCRIBANIA/10_REPOS/02_ACTIVE/microsoft-agents-governed-lab/samples/nodejs/multi-turn-prompt/README.md,L71,Unknown / POR_DEFINIR,Unknown / POR_DEFINIR,ESCRIBANIA,GATE_CONNECTION_SURFACE_CLASSIFICATION_REQUIRED,low,exclude_false_positive,connection_surface_unclassified
conn.microsoft_agents_governed_lab.unknown_por_definir.27455,conn_canon_006601,universo-rey/microsoft-agents-governed-lab,MICROSOFT_AGENTS_GOVERNED_LAB,10_UNIVERSOS/ESCRIBANIA/10_REPOS/02_ACTIVE/microsoft-agents-governed-lab/samples/nodejs/obo-authorization/env.TEMPLATE,file_name,Unknown / POR_DEFINIR,Unknown / POR_DEFINIR,ESCRIBANIA,GATE_CONNECTION_SURFACE_CLASSIFICATION_REQUIRED,low,exclude_false_positive,connection_surface_unclassified
conn.microsoft_agents_governed_lab.unknown_por_definir.27471,conn_canon_006604,universo-rey/microsoft-agents-governed-lab,MICROSOFT_AGENTS_GOVERNED_LAB,10_UNIVERSOS/ESCRIBANIA/10_REPOS/02_ACTIVE/microsoft-agents-governed-lab/samples/nodejs/obo-authorization/package-lock.json,file_name,Unknown / POR_DEFINIR,Unknown / POR_DEFINIR,ESCRIBANIA,GATE_CONNECTION_SURFACE_CLASSIFICATION_REQUIRED,low,exclude_false_positive,connection_surface_unclassified
conn.microsoft_agents_governed_lab.unknown_por_definir.27477,conn_canon_006606,universo-rey/microsoft-agents-governed-lab,MICROSOFT_AGENTS_GOVERNED_LAB,10_UNIVERSOS/ESCRIBANIA/10_REPOS/02_ACTIVE/microsoft-agents-governed-lab/samples/nodejs/obo-authorization/package.json,file_name,Unknown / POR_DEFINIR,Unknown / POR_DEFINIR,ESCRIBANIA,GATE_CONNECTION_SURFACE_CLASSIFICATION_REQUIRED,low,exclude_false_positive,connection_surface_unclassified
conn.microsoft_agents_governed_lab.unknown_por_definir.27437,conn_canon_006614,universo-rey/microsoft-agents-governed-lab,MICROSOFT_AGENTS_GOVERNED_LAB,10_UNIVERSOS/ESCRIBANIA/10_REPOS/02_ACTIVE/microsoft-agents-governed-lab/samples/nodejs/obo-authorization/README.md,L13,Unknown / POR_DEFINIR,Unknown / POR_DEFINIR,ESCRIBANIA,GATE_CONNECTION_SURFACE_CLASSIFICATION_REQUIRED,low,exclude_false_positive,connection_surface_unclassified
conn.microsoft_agents_governed_lab.unknown_por_definir.27440,conn_canon_006615,universo-rey/microsoft-agents-governed-lab,MICROSOFT_AGENTS_GOVERNED_LAB,10_UNIVERSOS/ESCRIBANIA/10_REPOS/02_ACTIVE/microsoft-agents-governed-lab/samples/nodejs/obo-authorization/README.md,L20,Unknown / POR_DEFINIR,Unknown / POR_DEFINIR,ESCRIBANIA,GATE_CONNECTION_SURFACE_CLASSIFICATION_REQUIRED,high,exclude_false_positive,connection_surface_unclassified
conn.microsoft_agents_governed_lab.unknown_por_definir.27438,conn_canon_006616,universo-rey/microsoft-agents-governed-lab,MICROSOFT_AGENTS_GOVERNED_LAB,10_UNIVERSOS/ESCRIBANIA/10_REPOS/02_ACTIVE/microsoft-agents-governed-lab/samples/nodejs/obo-authorization/README.md,L15,Unknown / POR_DEFINIR,Unknown / POR_DEFINIR,ESCRIBANIA,GATE_CONNECTION_SURFACE_CLASSIFICATION_REQUIRED,low,exclude_false_positive,connection_surface_unclassified
conn.microsoft_agents_governed_lab.unknown_por_definir.27441,conn_canon_006617,universo-rey/microsoft-agents-governed-lab,MICROSOFT_AGENTS_GOVERNED_LAB,10_UNIVERSOS/ESCRIBANIA/10_REPOS/02_ACTIVE/microsoft-agents-governed-lab/samples/nodejs/obo-authorization/README.md,L21,Unknown / POR_DEFINIR,Unknown / POR_DEFINIR,ESCRIBANIA,GATE_CONNECTION_SURFACE_CLASSIFICATION_REQUIRED,high,exclude_false_positive,connection_surface_unclassified
conn.microsoft_agents_governed_lab.unknown_por_definir.27494,conn_canon_006621,universo-rey/microsoft-agents-governed-lab,MICROSOFT_AGENTS_GOVERNED_LAB,10_UNIVERSOS/ESCRIBANIA/10_REPOS/02_ACTIVE/microsoft-agents-governed-lab/samples/nodejs/otel/env.TEMPLATE,file_name,Unknown / POR_DEFINIR,Unknown / POR_DEFINIR,ESCRIBANIA,GATE_CONNECTION_SURFACE_CLASSIFICATION_REQUIRED,low,exclude_false_positive,connection_surface_unclassified
conn.microsoft_agents_governed_lab.unknown_por_definir.27496,conn_canon_006622,universo-rey/microsoft-agents-governed-lab,MICROSOFT_AGENTS_GOVERNED_LAB,10_UNIVERSOS/ESCRIBANIA/10_REPOS/02_ACTIVE/microsoft-agents-governed-lab/samples/nodejs/otel/env.TEMPLATE,L3,Unknown / POR_DEFINIR,Unknown / POR_DEFINIR,ESCRIBANIA,GATE_CONNECTION_SURFACE_CLASSIFICATION_REQUIRED,high,exclude_false_positive,connection_surface_unclassified
conn.microsoft_agents_governed_lab.unknown_por_definir.27500,conn_canon_006623,universo-rey/microsoft-agents-governed-lab,MICROSOFT_AGENTS_GOVERNED_LAB,10_UNIVERSOS/ESCRIBANIA/10_REPOS/02_ACTIVE/microsoft-agents-governed-lab/samples/nodejs/otel/package-lock.json,file_name,Unknown / POR_DEFINIR,Unknown / POR_DEFINIR,ESCRIBANIA,GATE_CONNECTION_SURFACE_CLASSIFICATION_REQUIRED,low,exclude_false_positive,connection_surface_unclassified
conn.microsoft_agents_governed_lab.unknown_por_definir.27503,conn_canon_006624,universo-rey/microsoft-agents-governed-lab,MICROSOFT_AGENTS_GOVERNED_LAB,10_UNIVERSOS/ESCRIBANIA/10_REPOS/02_ACTIVE/microsoft-agents-governed-lab/samples/nodejs/otel/package.json,file_name,Unknown / POR_DEFINIR,Unknown / POR_DEFINIR,ESCRIBANIA,GATE_CONNECTION_SURFACE_CLASSIFICATION_REQUIRED,low,exclude_false_positive,connection_surface_unclassified
conn.microsoft_agents_governed_lab.unknown_por_definir.27485,conn_canon_006629,universo-rey/microsoft-agents-governed-lab,MICROSOFT_AGENTS_GOVERNED_LAB,10_UNIVERSOS/ESCRIBANIA/10_REPOS/02_ACTIVE/microsoft-agents-governed-lab/samples/nodejs/otel/README.md,L56,Unknown / POR_DEFINIR,Unknown / POR_DEFINIR,ESCRIBANIA,GATE_CONNECTION_SURFACE_CLASSIFICATION_REQUIRED,low,exclude_false_positive,connection_surface_unclassified
conn.microsoft_agents_governed_lab.unknown_por_definir.27488,conn_canon_006630,universo-rey/microsoft-agents-governed-lab,MICROSOFT_AGENTS_GOVERNED_LAB,10_UNIVERSOS/ESCRIBANIA/10_REPOS/02_ACTIVE/microsoft-agents-governed-lab/samples/nodejs/otel/README.md,L61,Unknown / POR_DEFINIR,Unknown / POR_DEFINIR,ESCRIBANIA,GATE_CONNECTION_SURFACE_CLASSIFICATION_REQUIRED,high,exclude_false_positive,connection_surface_unclassified
conn.microsoft_agents_governed_lab.unknown_por_definir.27515,conn_canon_006632,universo-rey/microsoft-agents-governed-lab,MICROSOFT_AGENTS_GOVERNED_LAB,10_UNIVERSOS/ESCRIBANIA/10_REPOS/02_ACTIVE/microsoft-agents-governed-lab/samples/nodejs/quickstart/env.TEMPLATE,file_name,Unknown / POR_DEFINIR,Unknown / POR_DEFINIR,ESCRIBANIA,GATE_CONNECTION_SURFACE_CLASSIFICATION_REQUIRED,low,exclude_false_positive,connection_surface_unclassified
conn.microsoft_agents_governed_lab.unknown_por_definir.27521,conn_canon_006635,universo-rey/microsoft-agents-governed-lab,MICROSOFT_AGENTS_GOVERNED_LAB,10_UNIVERSOS/ESCRIBANIA/10_REPOS/02_ACTIVE/microsoft-agents-governed-lab/samples/nodejs/quickstart/package-lock.json,file_name,Unknown / POR_DEFINIR,Unknown / POR_DEFINIR,ESCRIBANIA,GATE_CONNECTION_SURFACE_CLASSIFICATION_REQUIRED,low,exclude_false_positive,connection_surface_unclassified
conn.microsoft_agents_governed_lab.unknown_por_definir.27527,conn_canon_006637,universo-rey/microsoft-agents-governed-lab,MICROSOFT_AGENTS_GOVERNED_LAB,10_UNIVERSOS/ESCRIBANIA/10_REPOS/02_ACTIVE/microsoft-agents-governed-lab/samples/nodejs/quickstart/package.json,file_name,Unknown / POR_DEFINIR,Unknown / POR_DEFINIR,ESCRIBANIA,GATE_CONNECTION_SURFACE_CLASSIFICATION_REQUIRED,low,exclude_false_positive,connection_surface_unclassified
conn.microsoft_agents_governed_lab.unknown_por_definir.27507,conn_canon_006641,universo-rey/microsoft-agents-governed-lab,MICROSOFT_AGENTS_GOVERNED_LAB,10_UNIVERSOS/ESCRIBANIA/10_REPOS/02_ACTIVE/microsoft-agents-governed-lab/samples/nodejs/quickstart/README.md,L70,Unknown / POR_DEFINIR,Unknown / POR_DEFINIR,ESCRIBANIA,GATE_CONNECTION_SURFACE_CLASSIFICATION_REQUIRED,low,exclude_false_positive,connection_surface_unclassified
conn.microsoft_agents_governed_lab.unknown_por_definir.27509,conn_canon_006642,universo-rey/microsoft-agents-governed-lab,MICROSOFT_AGENTS_GOVERNED_LAB,10_UNIVERSOS/ESCRIBANIA/10_REPOS/02_ACTIVE/microsoft-agents-governed-lab/samples/nodejs/quickstart/README.md,L75,Unknown / POR_DEFINIR,Unknown / POR_DEFINIR,ESCRIBANIA,GATE_CONNECTION_SURFACE_CLASSIFICATION_REQUIRED,high,exclude_false_positive,connection_surface_unclassified
conn.microsoft_agents_governed_lab.unknown_por_definir.27508,conn_canon_006643,universo-rey/microsoft-agents-governed-lab,MICROSOFT_AGENTS_GOVERNED_LAB,10_UNIVERSOS/ESCRIBANIA/10_REPOS/02_ACTIVE/microsoft-agents-governed-lab/samples/nodejs/quickstart/README.md,L72,Unknown / POR_DEFINIR,Unknown / POR_DEFINIR,ESCRIBANIA,GATE_CONNECTION_SURFACE_CLASSIFICATION_REQUIRED,high,exclude_false_positive,connection_surface_unclassified
conn.microsoft_agents_governed_lab.unknown_por_definir.26984,conn_canon_006647,universo-rey/microsoft-agents-governed-lab,MICROSOFT_AGENTS_GOVERNED_LAB,10_UNIVERSOS/ESCRIBANIA/10_REPOS/02_ACTIVE/microsoft-agents-governed-lab/samples/nodejs/README.md,L10,Unknown / POR_DEFINIR,Unknown / POR_DEFINIR,ESCRIBANIA,GATE_CONNECTION_SURFACE_CLASSIFICATION_REQUIRED,low,exclude_false_positive,connection_surface_unclassified
conn.microsoft_agents_governed_lab.unknown_por_definir.27552,conn_canon_006650,universo-rey/microsoft-agents-governed-lab,MICROSOFT_AGENTS_GOVERNED_LAB,10_UNIVERSOS/ESCRIBANIA/10_REPOS/02_ACTIVE/microsoft-agents-governed-lab/samples/python/agent-framework/env.TEMPLATE,file_name,Unknown / POR_DEFINIR,Unknown / POR_DEFINIR,ESCRIBANIA,GATE_CONNECTION_SURFACE_CLASSIFICATION_REQUIRED,low,exclude_false_positive,connection_surface_unclassified
conn.microsoft_agents_governed_lab.unknown_por_definir.27554,conn_canon_006651,universo-rey/microsoft-agents-governed-lab,MICROSOFT_AGENTS_GOVERNED_LAB,10_UNIVERSOS/ESCRIBANIA/10_REPOS/02_ACTIVE/microsoft-agents-governed-lab/samples/python/agent-framework/env.TEMPLATE,L2,Unknown / POR_DEFINIR,Unknown / POR_DEFINIR,ESCRIBANIA,GATE_CONNECTION_SURFACE_CLASSIFICATION_REQUIRED,high,exclude_false_positive,connection_surface_unclassified
conn.microsoft_agents_governed_lab.unknown_por_definir.27549,conn_canon_006658,universo-rey/microsoft-agents-governed-lab,MICROSOFT_AGENTS_GOVERNED_LAB,10_UNIVERSOS/ESCRIBANIA/10_REPOS/02_ACTIVE/microsoft-agents-governed-lab/samples/python/agent-framework/README.md,L117,Unknown / POR_DEFINIR,Unknown / POR_DEFINIR,ESCRIBANIA,GATE_CONNECTION_SURFACE_CLASSIFICATION_REQUIRED,low,exclude_false_positive,connection_surface_unclassified
conn.microsoft_agents_governed_lab.unknown_por_definir.27544,conn_canon_006659,universo-rey/microsoft-agents-governed-lab,MICROSOFT_AGENTS_GOVERNED_LAB,10_UNIVERSOS/ESCRIBANIA/10_REPOS/02_ACTIVE/microsoft-agents-governed-lab/samples/python/agent-framework/README.md,L67,Unknown / POR_DEFINIR,Unknown / POR_DEFINIR,ESCRIBANIA,GATE_CONNECTION_SURFACE_CLASSIFICATION_REQUIRED,high,exclude_false_positive,connection_surface_unclassified
conn.microsoft_agents_governed_lab.unknown_por_definir.27542,conn_canon_006660,universo-rey/microsoft-agents-governed-lab,MICROSOFT_AGENTS_GOVERNED_LAB,10_UNIVERSOS/ESCRIBANIA/10_REPOS/02_ACTIVE/microsoft-agents-governed-lab/samples/python/agent-framework/README.md,L60,Unknown / POR_DEFINIR,Unknown / POR_DEFINIR,ESCRIBANIA,GATE_CONNECTION_SURFACE_CLASSIFICATION_REQUIRED,low,exclude_false_positive,connection_surface_unclassified
conn.microsoft_agents_governed_lab.unknown_por_definir.27562,conn_canon_006663,universo-rey/microsoft-agents-governed-lab,MICROSOFT_AGENTS_GOVERNED_LAB,10_UNIVERSOS/ESCRIBANIA/10_REPOS/02_ACTIVE/microsoft-agents-governed-lab/samples/python/agent-framework/src/agent.py,L12,Unknown / POR_DEFINIR,Unknown / POR_DEFINIR,ESCRIBANIA,GATE_CONNECTION_SURFACE_CLASSIFICATION_REQUIRED,low,exclude_false_positive,connection_surface_unclassified
conn.microsoft_agents_governed_lab.unknown_por_definir.27570,conn_canon_006664,universo-rey/microsoft-agents-governed-lab,MICROSOFT_AGENTS_GOVERNED_LAB,10_UNIVERSOS/ESCRIBANIA/10_REPOS/02_ACTIVE/microsoft-agents-governed-lab/samples/python/agent-framework/src/main.py,L10,Unknown / POR_DEFINIR,Unknown / POR_DEFINIR,ESCRIBANIA,GATE_CONNECTION_SURFACE_CLASSIFICATION_REQUIRED,low,exclude_false_positive,connection_surface_unclassified
conn.microsoft_agents_governed_lab.unknown_por_definir.27592,conn_canon_006667,universo-rey/microsoft-agents-governed-lab,MICROSOFT_AGENTS_GOVERNED_LAB,10_UNIVERSOS/ESCRIBANIA/10_REPOS/02_ACTIVE/microsoft-agents-governed-lab/samples/python/auto-signin/env.TEMPLATE,file_name,Unknown / POR_DEFINIR,Unknown / POR_DEFINIR,ESCRIBANIA,GATE_CONNECTION_SURFACE_CLASSIFICATION_REQUIRED,low,exclude_false_positive,connection_surface_unclassified
conn.microsoft_agents_governed_lab.unknown_por_definir.27594,conn_canon_006668,universo-rey/microsoft-agents-governed-lab,MICROSOFT_AGENTS_GOVERNED_LAB,10_UNIVERSOS/ESCRIBANIA/10_REPOS/02_ACTIVE/microsoft-agents-governed-lab/samples/python/auto-signin/env.TEMPLATE,L2,Unknown / POR_DEFINIR,Unknown / POR_DEFINIR,ESCRIBANIA,GATE_CONNECTION_SURFACE_CLASSIFICATION_REQUIRED,high,exclude_false_positive,connection_surface_unclassified
conn.microsoft_agents_governed_lab.unknown_por_definir.27574,conn_canon_006673,universo-rey/microsoft-agents-governed-lab,MICROSOFT_AGENTS_GOVERNED_LAB,10_UNIVERSOS/ESCRIBANIA/10_REPOS/02_ACTIVE/microsoft-agents-governed-lab/samples/python/auto-signin/README.md,L21,Unknown / POR_DEFINIR,Unknown / POR_DEFINIR,ESCRIBANIA,GATE_CONNECTION_SURFACE_CLASSIFICATION_REQUIRED,low,exclude_false_positive,connection_surface_unclassified
conn.microsoft_agents_governed_lab.unknown_por_definir.27576,conn_canon_006674,universo-rey/microsoft-agents-governed-lab,MICROSOFT_AGENTS_GOVERNED_LAB,10_UNIVERSOS/ESCRIBANIA/10_REPOS/02_ACTIVE/microsoft-agents-governed-lab/samples/python/auto-signin/README.md,L26,Unknown / POR_DEFINIR,Unknown / POR_DEFINIR,ESCRIBANIA,GATE_CONNECTION_SURFACE_CLASSIFICATION_REQUIRED,high,exclude_false_positive,connection_surface_unclassified
conn.microsoft_agents_governed_lab.unknown_por_definir.27575,conn_canon_006675,universo-rey/microsoft-agents-governed-lab,MICROSOFT_AGENTS_GOVERNED_LAB,10_UNIVERSOS/ESCRIBANIA/10_REPOS/02_ACTIVE/microsoft-agents-governed-lab/samples/python/auto-signin/README.md,L23,Unknown / POR_DEFINIR,Unknown / POR_DEFINIR,ESCRIBANIA,GATE_CONNECTION_SURFACE_CLASSIFICATION_REQUIRED,low,exclude_false_positive,connection_surface_unclassified
conn.microsoft_agents_governed_lab.unknown_por_definir.27598,conn_canon_006677,universo-rey/microsoft-agents-governed-lab,MICROSOFT_AGENTS_GOVERNED_LAB,10_UNIVERSOS/ESCRIBANIA/10_REPOS/02_ACTIVE/microsoft-agents-governed-lab/samples/python/auto-signin/src/agent.py,L20,Unknown / POR_DEFINIR,Unknown / POR_DEFINIR,ESCRIBANIA,GATE_CONNECTION_SURFACE_CLASSIFICATION_REQUIRED,low,exclude_false_positive,connection_surface_unclassified
conn.microsoft_agents_governed_lab.unknown_por_definir.27613,conn_canon_006678,universo-rey/microsoft-agents-governed-lab,MICROSOFT_AGENTS_GOVERNED_LAB,10_UNIVERSOS/ESCRIBANIA/10_REPOS/02_ACTIVE/microsoft-agents-governed-lab/samples/python/auto-signin/src/main.py,L11,Unknown / POR_DEFINIR,Unknown / POR_DEFINIR,ESCRIBANIA,GATE_CONNECTION_SURFACE_CLASSIFICATION_REQUIRED,low,exclude_false_positive,connection_surface_unclassified
conn.microsoft_agents_governed_lab.unknown_por_definir.27634,conn_canon_006683,universo-rey/microsoft-agents-governed-lab,MICROSOFT_AGENTS_GOVERNED_LAB,10_UNIVERSOS/ESCRIBANIA/10_REPOS/02_ACTIVE/microsoft-agents-governed-lab/samples/python/azureai-streaming/env.TEMPLATE,file_name,Unknown / POR_DEFINIR,Unknown / POR_DEFINIR,ESCRIBANIA,GATE_CONNECTION_SURFACE_CLASSIFICATION_REQUIRED,low,exclude_false_positive,connection_surface_unclassified
conn.microsoft_agents_governed_lab.unknown_por_definir.27636,conn_canon_006684,universo-rey/microsoft-agents-governed-lab,MICROSOFT_AGENTS_GOVERNED_LAB,10_UNIVERSOS/ESCRIBANIA/10_REPOS/02_ACTIVE/microsoft-agents-governed-lab/samples/python/azureai-streaming/env.TEMPLATE,L2,Unknown / POR_DEFINIR,Unknown / POR_DEFINIR,ESCRIBANIA,GATE_CONNECTION_SURFACE_CLASSIFICATION_REQUIRED,high,exclude_false_positive,connection_surface_unclassified
conn.microsoft_agents_governed_lab.unknown_por_definir.27621,conn_canon_006690,universo-rey/microsoft-agents-governed-lab,MICROSOFT_AGENTS_GOVERNED_LAB,10_UNIVERSOS/ESCRIBANIA/10_REPOS/02_ACTIVE/microsoft-agents-governed-lab/samples/python/azureai-streaming/README.md,L13,Unknown / POR_DEFINIR,Unknown / POR_DEFINIR,ESCRIBANIA,GATE_CONNECTION_SURFACE_CLASSIFICATION_REQUIRED,low,exclude_false_positive,connection_surface_unclassified
conn.microsoft_agents_governed_lab.unknown_por_definir.27623,conn_canon_006691,universo-rey/microsoft-agents-governed-lab,MICROSOFT_AGENTS_GOVERNED_LAB,10_UNIVERSOS/ESCRIBANIA/10_REPOS/02_ACTIVE/microsoft-agents-governed-lab/samples/python/azureai-streaming/README.md,L18,Unknown / POR_DEFINIR,Unknown / POR_DEFINIR,ESCRIBANIA,GATE_CONNECTION_SURFACE_CLASSIFICATION_REQUIRED,high,exclude_false_positive,connection_surface_unclassified
conn.microsoft_agents_governed_lab.unknown_por_definir.27622,conn_canon_006692,universo-rey/microsoft-agents-governed-lab,MICROSOFT_AGENTS_GOVERNED_LAB,10_UNIVERSOS/ESCRIBANIA/10_REPOS/02_ACTIVE/microsoft-agents-governed-lab/samples/python/azureai-streaming/README.md,L15,Unknown / POR_DEFINIR,Unknown / POR_DEFINIR,ESCRIBANIA,GATE_CONNECTION_SURFACE_CLASSIFICATION_REQUIRED,low,exclude_false_positive,connection_surface_unclassified
conn.microsoft_agents_governed_lab.unknown_por_definir.27643,conn_canon_006696,universo-rey/microsoft-agents-governed-lab,MICROSOFT_AGENTS_GOVERNED_LAB,10_UNIVERSOS/ESCRIBANIA/10_REPOS/02_ACTIVE/microsoft-agents-governed-lab/samples/python/azureai-streaming/src/agent.py,L11,Unknown / POR_DEFINIR,Unknown / POR_DEFINIR,ESCRIBANIA,GATE_CONNECTION_SURFACE_CLASSIFICATION_REQUIRED,low,exclude_false_positive,connection_surface_unclassified
conn.microsoft_agents_governed_lab.unknown_por_definir.27651,conn_canon_006697,universo-rey/microsoft-agents-governed-lab,MICROSOFT_AGENTS_GOVERNED_LAB,10_UNIVERSOS/ESCRIBANIA/10_REPOS/02_ACTIVE/microsoft-agents-governed-lab/samples/python/azureai-streaming/src/main.py,L11,Unknown / POR_DEFINIR,Unknown / POR_DEFINIR,ESCRIBANIA,GATE_CONNECTION_SURFACE_CLASSIFICATION_REQUIRED,low,exclude_false_positive,connection_surface_unclassified
conn.microsoft_agents_governed_lab.unknown_por_definir.27661,conn_canon_006699,universo-rey/microsoft-agents-governed-lab,MICROSOFT_AGENTS_GOVERNED_LAB,10_UNIVERSOS/ESCRIBANIA/10_REPOS/02_ACTIVE/microsoft-agents-governed-lab/samples/python/cards/env.TEMPLATE,file_name,Unknown / POR_DEFINIR,Unknown / POR_DEFINIR,ESCRIBANIA,GATE_CONNECTION_SURFACE_CLASSIFICATION_REQUIRED,low,exclude_false_positive,connection_surface_unclassified
conn.microsoft_agents_governed_lab.unknown_por_definir.27663,conn_canon_006700,universo-rey/microsoft-agents-governed-lab,MICROSOFT_AGENTS_GOVERNED_LAB,10_UNIVERSOS/ESCRIBANIA/10_REPOS/02_ACTIVE/microsoft-agents-governed-lab/samples/python/cards/env.TEMPLATE,L2,Unknown / POR_DEFINIR,Unknown / POR_DEFINIR,ESCRIBANIA,GATE_CONNECTION_SURFACE_CLASSIFICATION_REQUIRED,high,exclude_false_positive,connection_surface_unclassified
conn.microsoft_agents_governed_lab.unknown_por_definir.27658,conn_canon_006703,universo-rey/microsoft-agents-governed-lab,MICROSOFT_AGENTS_GOVERNED_LAB,10_UNIVERSOS/ESCRIBANIA/10_REPOS/02_ACTIVE/microsoft-agents-governed-lab/samples/python/cards/README.md,L31,Unknown / POR_DEFINIR,Unknown / POR_DEFINIR,ESCRIBANIA,GATE_CONNECTION_SURFACE_CLASSIFICATION_REQUIRED,low,exclude_false_positive,connection_surface_unclassified
conn.microsoft_agents_governed_lab.unknown_por_definir.27654,conn_canon_006704,universo-rey/microsoft-agents-governed-lab,MICROSOFT_AGENTS_GOVERNED_LAB,10_UNIVERSOS/ESCRIBANIA/10_REPOS/02_ACTIVE/microsoft-agents-governed-lab/samples/python/cards/README.md,L17,Unknown / POR_DEFINIR,Unknown / POR_DEFINIR,ESCRIBANIA,GATE_CONNECTION_SURFACE_CLASSIFICATION_REQUIRED,high,exclude_false_positive,connection_surface_unclassified
conn.microsoft_agents_governed_lab.unknown_por_definir.27653,conn_canon_006705,universo-rey/microsoft-agents-governed-lab,MICROSOFT_AGENTS_GOVERNED_LAB,10_UNIVERSOS/ESCRIBANIA/10_REPOS/02_ACTIVE/microsoft-agents-governed-lab/samples/python/cards/README.md,L14,Unknown / POR_DEFINIR,Unknown / POR_DEFINIR,ESCRIBANIA,GATE_CONNECTION_SURFACE_CLASSIFICATION_REQUIRED,low,exclude_false_positive,connection_surface_unclassified
conn.microsoft_agents_governed_lab.unknown_por_definir.27665,conn_canon_006706,universo-rey/microsoft-agents-governed-lab,MICROSOFT_AGENTS_GOVERNED_LAB,10_UNIVERSOS/ESCRIBANIA/10_REPOS/02_ACTIVE/microsoft-agents-governed-lab/samples/python/cards/src/agent.py,L19,Unknown / POR_DEFINIR,Unknown / POR_DEFINIR,ESCRIBANIA,GATE_CONNECTION_SURFACE_CLASSIFICATION_REQUIRED,low,exclude_false_positive,connection_surface_unclassified
conn.microsoft_agents_governed_lab.unknown_por_definir.27671,conn_canon_006708,universo-rey/microsoft-agents-governed-lab,MICROSOFT_AGENTS_GOVERNED_LAB,10_UNIVERSOS/ESCRIBANIA/10_REPOS/02_ACTIVE/microsoft-agents-governed-lab/samples/python/cards/src/main.py,L12,Unknown / POR_DEFINIR,Unknown / POR_DEFINIR,ESCRIBANIA,GATE_CONNECTION_SURFACE_CLASSIFICATION_REQUIRED,low,exclude_false_positive,connection_surface_unclassified
conn.microsoft_agents_governed_lab.unknown_por_definir.27697,conn_canon_006710,universo-rey/microsoft-agents-governed-lab,MICROSOFT_AGENTS_GOVERNED_LAB,10_UNIVERSOS/ESCRIBANIA/10_REPOS/02_ACTIVE/microsoft-agents-governed-lab/samples/python/copilot-sdk/env.TEMPLATE,file_name,Unknown / POR_DEFINIR,Unknown / POR_DEFINIR,ESCRIBANIA,GATE_CONNECTION_SURFACE_CLASSIFICATION_REQUIRED,low,exclude_false_positive,connection_surface_unclassified
conn.microsoft_agents_governed_lab.unknown_por_definir.27699,conn_canon_006711,universo-rey/microsoft-agents-governed-lab,MICROSOFT_AGENTS_GOVERNED_LAB,10_UNIVERSOS/ESCRIBANIA/10_REPOS/02_ACTIVE/microsoft-agents-governed-lab/samples/python/copilot-sdk/env.TEMPLATE,L2,Unknown / POR_DEFINIR,Unknown / POR_DEFINIR,ESCRIBANIA,GATE_CONNECTION_SURFACE_CLASSIFICATION_REQUIRED,high,exclude_false_positive,connection_surface_unclassified
conn.microsoft_agents_governed_lab.unknown_por_definir.27680,conn_canon_006716,universo-rey/microsoft-agents-governed-lab,MICROSOFT_AGENTS_GOVERNED_LAB,10_UNIVERSOS/ESCRIBANIA/10_REPOS/02_ACTIVE/microsoft-agents-governed-lab/samples/python/copilot-sdk/README.md,L34,Unknown / POR_DEFINIR,Unknown / POR_DEFINIR,ESCRIBANIA,GATE_CONNECTION_SURFACE_CLASSIFICATION_REQUIRED,low,exclude_false_positive,connection_surface_unclassified
conn.microsoft_agents_governed_lab.unknown_por_definir.27675,conn_canon_006717,universo-rey/microsoft-agents-governed-lab,MICROSOFT_AGENTS_GOVERNED_LAB,10_UNIVERSOS/ESCRIBANIA/10_REPOS/02_ACTIVE/microsoft-agents-governed-lab/samples/python/copilot-sdk/README.md,L14,Unknown / POR_DEFINIR,Unknown / POR_DEFINIR,ESCRIBANIA,GATE_CONNECTION_SURFACE_CLASSIFICATION_REQUIRED,high,exclude_false_positive,connection_surface_unclassified
conn.microsoft_agents_governed_lab.unknown_por_definir.27703,conn_canon_006719,universo-rey/microsoft-agents-governed-lab,MICROSOFT_AGENTS_GOVERNED_LAB,10_UNIVERSOS/ESCRIBANIA/10_REPOS/02_ACTIVE/microsoft-agents-governed-lab/samples/python/copilot-sdk/src/agent.py,L18,Unknown / POR_DEFINIR,Unknown / POR_DEFINIR,ESCRIBANIA,GATE_CONNECTION_SURFACE_CLASSIFICATION_REQUIRED,low,exclude_false_positive,connection_surface_unclassified
conn.microsoft_agents_governed_lab.unknown_por_definir.27708,conn_canon_006720,universo-rey/microsoft-agents-governed-lab,MICROSOFT_AGENTS_GOVERNED_LAB,10_UNIVERSOS/ESCRIBANIA/10_REPOS/02_ACTIVE/microsoft-agents-governed-lab/samples/python/copilot-sdk/src/main.py,L10,Unknown / POR_DEFINIR,Unknown / POR_DEFINIR,ESCRIBANIA,GATE_CONNECTION_SURFACE_CLASSIFICATION_REQUIRED,low,exclude_false_positive,connection_surface_unclassified
conn.microsoft_agents_governed_lab.unknown_por_definir.27734,conn_canon_006722,universo-rey/microsoft-agents-governed-lab,MICROSOFT_AGENTS_GOVERNED_LAB,10_UNIVERSOS/ESCRIBANIA/10_REPOS/02_ACTIVE/microsoft-agents-governed-lab/samples/python/copilotstudio-client/env.TEMPLATE,file_name,Unknown / POR_DEFINIR,Unknown / POR_DEFINIR,ESCRIBANIA,GATE_CONNECTION_SURFACE_CLASSIFICATION_REQUIRED,low,exclude_false_positive,connection_surface_unclassified
conn.microsoft_agents_governed_lab.unknown_por_definir.27735,conn_canon_006723,universo-rey/microsoft-agents-governed-lab,MICROSOFT_AGENTS_GOVERNED_LAB,10_UNIVERSOS/ESCRIBANIA/10_REPOS/02_ACTIVE/microsoft-agents-governed-lab/samples/python/copilotstudio-client/env.TEMPLATE,L1,Unknown / POR_DEFINIR,Unknown / POR_DEFINIR,ESCRIBANIA,GATE_CONNECTION_SURFACE_CLASSIFICATION_REQUIRED,low,exclude_false_positive,connection_surface_unclassified
conn.microsoft_agents_governed_lab.unknown_por_definir.27710,conn_canon_006728,universo-rey/microsoft-agents-governed-lab,MICROSOFT_AGENTS_GOVERNED_LAB,10_UNIVERSOS/ESCRIBANIA/10_REPOS/02_ACTIVE/microsoft-agents-governed-lab/samples/python/copilotstudio-client/README.md,L1,Unknown / POR_DEFINIR,Unknown / POR_DEFINIR,ESCRIBANIA,GATE_CONNECTION_SURFACE_CLASSIFICATION_REQUIRED,low,exclude_false_positive,connection_surface_unclassified
conn.microsoft_agents_governed_lab.unknown_por_definir.27716,conn_canon_006729,universo-rey/microsoft-agents-governed-lab,MICROSOFT_AGENTS_GOVERNED_LAB,10_UNIVERSOS/ESCRIBANIA/10_REPOS/02_ACTIVE/microsoft-agents-governed-lab/samples/python/copilotstudio-client/README.md,L22,Unknown / POR_DEFINIR,Unknown / POR_DEFINIR,ESCRIBANIA,GATE_CONNECTION_SURFACE_CLASSIFICATION_REQUIRED,high,exclude_false_positive,connection_surface_unclassified
conn.microsoft_agents_governed_lab.unknown_por_definir.27728,conn_canon_006730,universo-rey/microsoft-agents-governed-lab,MICROSOFT_AGENTS_GOVERNED_LAB,10_UNIVERSOS/ESCRIBANIA/10_REPOS/02_ACTIVE/microsoft-agents-governed-lab/samples/python/copilotstudio-client/README.md,L75,Unknown / POR_DEFINIR,Unknown / POR_DEFINIR,ESCRIBANIA,GATE_CONNECTION_SURFACE_CLASSIFICATION_REQUIRED,low,exclude_false_positive,connection_surface_unclassified
conn.microsoft_agents_governed_lab.unknown_por_definir.27718,conn_canon_006731,universo-rey/microsoft-agents-governed-lab,MICROSOFT_AGENTS_GOVERNED_LAB,10_UNIVERSOS/ESCRIBANIA/10_REPOS/02_ACTIVE/microsoft-agents-governed-lab/samples/python/copilotstudio-client/README.md,L29,Unknown / POR_DEFINIR,Unknown / POR_DEFINIR,ESCRIBANIA,GATE_CONNECTION_SURFACE_CLASSIFICATION_REQUIRED,low,exclude_false_positive,connection_surface_unclassified
conn.microsoft_agents_governed_lab.unknown_por_definir.27739,conn_canon_006732,universo-rey/microsoft-agents-governed-lab,MICROSOFT_AGENTS_GOVERNED_LAB,10_UNIVERSOS/ESCRIBANIA/10_REPOS/02_ACTIVE/microsoft-agents-governed-lab/samples/python/copilotstudio-client/requirements.txt,L5,Unknown / POR_DEFINIR,Unknown / POR_DEFINIR,ESCRIBANIA,GATE_CONNECTION_SURFACE_CLASSIFICATION_REQUIRED,low,exclude_false_positive,connection_surface_unclassified
conn.microsoft_agents_governed_lab.unknown_por_definir.27741,conn_canon_006734,universo-rey/microsoft-agents-governed-lab,MICROSOFT_AGENTS_GOVERNED_LAB,10_UNIVERSOS/ESCRIBANIA/10_REPOS/02_ACTIVE/microsoft-agents-governed-lab/samples/python/copilotstudio-client/src/main.py,L21,Unknown / POR_DEFINIR,Unknown / POR_DEFINIR,ESCRIBANIA,GATE_CONNECTION_SURFACE_CLASSIFICATION_REQUIRED,low,exclude_false_positive,connection_surface_unclassified
conn.microsoft_agents_governed_lab.unknown_por_definir.27743,conn_canon_006735,universo-rey/microsoft-agents-governed-lab,MICROSOFT_AGENTS_GOVERNED_LAB,10_UNIVERSOS/ESCRIBANIA/10_REPOS/02_ACTIVE/microsoft-agents-governed-lab/samples/python/copilotstudio-client/src/main.py,L40,Unknown / POR_DEFINIR,Unknown / POR_DEFINIR,ESCRIBANIA,GATE_CONNECTION_SURFACE_CLASSIFICATION_REQUIRED,high,exclude_false_positive,connection_surface_unclassified
conn.microsoft_agents_governed_lab.unknown_por_definir.27748,conn_canon_006736,universo-rey/microsoft-agents-governed-lab,MICROSOFT_AGENTS_GOVERNED_LAB,10_UNIVERSOS/ESCRIBANIA/10_REPOS/02_ACTIVE/microsoft-agents-governed-lab/samples/python/copilotstudio-client/src/main.py,L77,Unknown / POR_DEFINIR,Unknown / POR_DEFINIR,ESCRIBANIA,GATE_CONNECTION_SURFACE_CLASSIFICATION_REQUIRED,low,exclude_false_positive,connection_surface_unclassified
conn.microsoft_agents_governed_lab.unknown_por_definir.27745,conn_canon_006737,universo-rey/microsoft-agents-governed-lab,MICROSOFT_AGENTS_GOVERNED_LAB,10_UNIVERSOS/ESCRIBANIA/10_REPOS/02_ACTIVE/microsoft-agents-governed-lab/samples/python/copilotstudio-client/src/main.py,L43,Unknown / POR_DEFINIR,Unknown / POR_DEFINIR,ESCRIBANIA,GATE_CONNECTION_SURFACE_CLASSIFICATION_REQUIRED,low,exclude_false_positive,connection_surface_unclassified
conn.microsoft_agents_governed_lab.unknown_por_definir.27770,conn_canon_006739,universo-rey/microsoft-agents-governed-lab,MICROSOFT_AGENTS_GOVERNED_LAB,10_UNIVERSOS/ESCRIBANIA/10_REPOS/02_ACTIVE/microsoft-agents-governed-lab/samples/python/copilotstudio-skill/env.TEMPLATE,file_name,Unknown / POR_DEFINIR,Unknown / POR_DEFINIR,ESCRIBANIA,GATE_CONNECTION_SURFACE_CLASSIFICATION_REQUIRED,low,exclude_false_positive,connection_surface_unclassified
conn.microsoft_agents_governed_lab.unknown_por_definir.27772,conn_canon_006740,universo-rey/microsoft-agents-governed-lab,MICROSOFT_AGENTS_GOVERNED_LAB,10_UNIVERSOS/ESCRIBANIA/10_REPOS/02_ACTIVE/microsoft-agents-governed-lab/samples/python/copilotstudio-skill/env.TEMPLATE,L2,Unknown / POR_DEFINIR,Unknown / POR_DEFINIR,ESCRIBANIA,GATE_CONNECTION_SURFACE_CLASSIFICATION_REQUIRED,high,exclude_false_positive,connection_surface_unclassified
conn.microsoft_agents_governed_lab.unknown_por_definir.27753,conn_canon_006743,universo-rey/microsoft-agents-governed-lab,MICROSOFT_AGENTS_GOVERNED_LAB,10_UNIVERSOS/ESCRIBANIA/10_REPOS/02_ACTIVE/microsoft-agents-governed-lab/samples/python/copilotstudio-skill/README.md,L1,Unknown / POR_DEFINIR,Unknown / POR_DEFINIR,ESCRIBANIA,GATE_CONNECTION_SURFACE_CLASSIFICATION_REQUIRED,low,exclude_false_positive,connection_surface_unclassified
conn.microsoft_agents_governed_lab.unknown_por_definir.27758,conn_canon_006744,universo-rey/microsoft-agents-governed-lab,MICROSOFT_AGENTS_GOVERNED_LAB,10_UNIVERSOS/ESCRIBANIA/10_REPOS/02_ACTIVE/microsoft-agents-governed-lab/samples/python/copilotstudio-skill/README.md,L26,Unknown / POR_DEFINIR,Unknown / POR_DEFINIR,ESCRIBANIA,GATE_CONNECTION_SURFACE_CLASSIFICATION_REQUIRED,high,exclude_false_positive,connection_surface_unclassified
conn.microsoft_agents_governed_lab.unknown_por_definir.27755,conn_canon_006745,universo-rey/microsoft-agents-governed-lab,MICROSOFT_AGENTS_GOVERNED_LAB,10_UNIVERSOS/ESCRIBANIA/10_REPOS/02_ACTIVE/microsoft-agents-governed-lab/samples/python/copilotstudio-skill/README.md,L9,Unknown / POR_DEFINIR,Unknown / POR_DEFINIR,ESCRIBANIA,GATE_CONNECTION_SURFACE_CLASSIFICATION_REQUIRED,low,exclude_false_positive,connection_surface_unclassified
conn.microsoft_agents_governed_lab.unknown_por_definir.27775,conn_canon_006746,universo-rey/microsoft-agents-governed-lab,MICROSOFT_AGENTS_GOVERNED_LAB,10_UNIVERSOS/ESCRIBANIA/10_REPOS/02_ACTIVE/microsoft-agents-governed-lab/samples/python/copilotstudio-skill/src/agent.py,L16,Unknown / POR_DEFINIR,Unknown / POR_DEFINIR,ESCRIBANIA,GATE_CONNECTION_SURFACE_CLASSIFICATION_REQUIRED,low,exclude_false_positive,connection_surface_unclassified
conn.microsoft_agents_governed_lab.unknown_por_definir.27779,conn_canon_006747,universo-rey/microsoft-agents-governed-lab,MICROSOFT_AGENTS_GOVERNED_LAB,10_UNIVERSOS/ESCRIBANIA/10_REPOS/02_ACTIVE/microsoft-agents-governed-lab/samples/python/copilotstudio-skill/src/main.py,L21,Unknown / POR_DEFINIR,Unknown / POR_DEFINIR,ESCRIBANIA,GATE_CONNECTION_SURFACE_CLASSIFICATION_REQUIRED,low,exclude_false_positive,connection_surface_unclassified
conn.microsoft_agents_governed_lab.unknown_por_definir.27806,conn_canon_006749,universo-rey/microsoft-agents-governed-lab,MICROSOFT_AGENTS_GOVERNED_LAB,10_UNIVERSOS/ESCRIBANIA/10_REPOS/02_ACTIVE/microsoft-agents-governed-lab/samples/python/obo-authorization/env.TEMPLATE,file_name,Unknown / POR_DEFINIR,Unknown / POR_DEFINIR,ESCRIBANIA,GATE_CONNECTION_SURFACE_CLASSIFICATION_REQUIRED,low,exclude_false_positive,connection_surface_unclassified
conn.microsoft_agents_governed_lab.unknown_por_definir.27808,conn_canon_006750,universo-rey/microsoft-agents-governed-lab,MICROSOFT_AGENTS_GOVERNED_LAB,10_UNIVERSOS/ESCRIBANIA/10_REPOS/02_ACTIVE/microsoft-agents-governed-lab/samples/python/obo-authorization/env.TEMPLATE,L2,Unknown / POR_DEFINIR,Unknown / POR_DEFINIR,ESCRIBANIA,GATE_CONNECTION_SURFACE_CLASSIFICATION_REQUIRED,high,exclude_false_positive,connection_surface_unclassified
conn.microsoft_agents_governed_lab.unknown_por_definir.27816,conn_canon_006751,universo-rey/microsoft-agents-governed-lab,MICROSOFT_AGENTS_GOVERNED_LAB,10_UNIVERSOS/ESCRIBANIA/10_REPOS/02_ACTIVE/microsoft-agents-governed-lab/samples/python/obo-authorization/env.TEMPLATE,L13,Unknown / POR_DEFINIR,Unknown / POR_DEFINIR,ESCRIBANIA,GATE_CONNECTION_SURFACE_CLASSIFICATION_REQUIRED,low,exclude_false_positive,connection_surface_unclassified
conn.microsoft_agents_governed_lab.unknown_por_definir.27785,conn_canon_006758,universo-rey/microsoft-agents-governed-lab,MICROSOFT_AGENTS_GOVERNED_LAB,10_UNIVERSOS/ESCRIBANIA/10_REPOS/02_ACTIVE/microsoft-agents-governed-lab/samples/python/obo-authorization/README.md,L18,Unknown / POR_DEFINIR,Unknown / POR_DEFINIR,ESCRIBANIA,GATE_CONNECTION_SURFACE_CLASSIFICATION_REQUIRED,low,exclude_false_positive,connection_surface_unclassified
conn.microsoft_agents_governed_lab.unknown_por_definir.27788,conn_canon_006759,universo-rey/microsoft-agents-governed-lab,MICROSOFT_AGENTS_GOVERNED_LAB,10_UNIVERSOS/ESCRIBANIA/10_REPOS/02_ACTIVE/microsoft-agents-governed-lab/samples/python/obo-authorization/README.md,L29,Unknown / POR_DEFINIR,Unknown / POR_DEFINIR,ESCRIBANIA,GATE_CONNECTION_SURFACE_CLASSIFICATION_REQUIRED,high,exclude_false_positive,connection_surface_unclassified
conn.microsoft_agents_governed_lab.unknown_por_definir.27801,conn_canon_006760,universo-rey/microsoft-agents-governed-lab,MICROSOFT_AGENTS_GOVERNED_LAB,10_UNIVERSOS/ESCRIBANIA/10_REPOS/02_ACTIVE/microsoft-agents-governed-lab/samples/python/obo-authorization/README.md,L72,Unknown / POR_DEFINIR,Unknown / POR_DEFINIR,ESCRIBANIA,GATE_CONNECTION_SURFACE_CLASSIFICATION_REQUIRED,low,exclude_false_positive,connection_surface_unclassified
conn.microsoft_agents_governed_lab.unknown_por_definir.27783,conn_canon_006761,universo-rey/microsoft-agents-governed-lab,MICROSOFT_AGENTS_GOVERNED_LAB,10_UNIVERSOS/ESCRIBANIA/10_REPOS/02_ACTIVE/microsoft-agents-governed-lab/samples/python/obo-authorization/README.md,L6,Unknown / POR_DEFINIR,Unknown / POR_DEFINIR,ESCRIBANIA,GATE_CONNECTION_SURFACE_CLASSIFICATION_REQUIRED,low,exclude_false_positive,connection_surface_unclassified
conn.microsoft_agents_governed_lab.unknown_por_definir.27817,conn_canon_006762,universo-rey/microsoft-agents-governed-lab,MICROSOFT_AGENTS_GOVERNED_LAB,10_UNIVERSOS/ESCRIBANIA/10_REPOS/02_ACTIVE/microsoft-agents-governed-lab/samples/python/obo-authorization/requirements.txt,L7,Unknown / POR_DEFINIR,Unknown / POR_DEFINIR,ESCRIBANIA,GATE_CONNECTION_SURFACE_CLASSIFICATION_REQUIRED,low,exclude_false_positive,connection_surface_unclassified
conn.microsoft_agents_governed_lab.unknown_por_definir.27818,conn_canon_006763,universo-rey/microsoft-agents-governed-lab,MICROSOFT_AGENTS_GOVERNED_LAB,10_UNIVERSOS/ESCRIBANIA/10_REPOS/02_ACTIVE/microsoft-agents-governed-lab/samples/python/obo-authorization/src/agent.py,L18,Unknown / POR_DEFINIR,Unknown / POR_DEFINIR,ESCRIBANIA,GATE_CONNECTION_SURFACE_CLASSIFICATION_REQUIRED,low,exclude_false_positive,connection_surface_unclassified
conn.microsoft_agents_governed_lab.unknown_por_definir.27832,conn_canon_006764,universo-rey/microsoft-agents-governed-lab,MICROSOFT_AGENTS_GOVERNED_LAB,10_UNIVERSOS/ESCRIBANIA/10_REPOS/02_ACTIVE/microsoft-agents-governed-lab/samples/python/obo-authorization/src/agent.py,L55,Unknown / POR_DEFINIR,Unknown / POR_DEFINIR,ESCRIBANIA,GATE_CONNECTION_SURFACE_CLASSIFICATION_REQUIRED,high,exclude_false_positive,connection_surface_unclassified
conn.microsoft_agents_governed_lab.unknown_por_definir.27828,conn_canon_006765,universo-rey/microsoft-agents-governed-lab,MICROSOFT_AGENTS_GOVERNED_LAB,10_UNIVERSOS/ESCRIBANIA/10_REPOS/02_ACTIVE/microsoft-agents-governed-lab/samples/python/obo-authorization/src/agent.py,L48,Unknown / POR_DEFINIR,Unknown / POR_DEFINIR,ESCRIBANIA,GATE_CONNECTION_SURFACE_CLASSIFICATION_REQUIRED,low,exclude_false_positive,connection_surface_unclassified
conn.microsoft_agents_governed_lab.unknown_por_definir.27835,conn_canon_006766,universo-rey/microsoft-agents-governed-lab,MICROSOFT_AGENTS_GOVERNED_LAB,10_UNIVERSOS/ESCRIBANIA/10_REPOS/02_ACTIVE/microsoft-agents-governed-lab/samples/python/obo-authorization/src/main.py,L11,Unknown / POR_DEFINIR,Unknown / POR_DEFINIR,ESCRIBANIA,GATE_CONNECTION_SURFACE_CLASSIFICATION_REQUIRED,low,exclude_false_positive,connection_surface_unclassified
conn.microsoft_agents_governed_lab.unknown_por_definir.27847,conn_canon_006769,universo-rey/microsoft-agents-governed-lab,MICROSOFT_AGENTS_GOVERNED_LAB,10_UNIVERSOS/ESCRIBANIA/10_REPOS/02_ACTIVE/microsoft-agents-governed-lab/samples/python/otel/env.TEMPLATE,file_name,Unknown / POR_DEFINIR,Unknown / POR_DEFINIR,ESCRIBANIA,GATE_CONNECTION_SURFACE_CLASSIFICATION_REQUIRED,low,exclude_false_positive,connection_surface_unclassified
conn.microsoft_agents_governed_lab.unknown_por_definir.27849,conn_canon_006770,universo-rey/microsoft-agents-governed-lab,MICROSOFT_AGENTS_GOVERNED_LAB,10_UNIVERSOS/ESCRIBANIA/10_REPOS/02_ACTIVE/microsoft-agents-governed-lab/samples/python/otel/env.TEMPLATE,L2,Unknown / POR_DEFINIR,Unknown / POR_DEFINIR,ESCRIBANIA,GATE_CONNECTION_SURFACE_CLASSIFICATION_REQUIRED,high,exclude_false_positive,connection_surface_unclassified
conn.microsoft_agents_governed_lab.unknown_por_definir.27838,conn_canon_006773,universo-rey/microsoft-agents-governed-lab,MICROSOFT_AGENTS_GOVERNED_LAB,10_UNIVERSOS/ESCRIBANIA/10_REPOS/02_ACTIVE/microsoft-agents-governed-lab/samples/python/otel/README.md,L27,Unknown / POR_DEFINIR,Unknown / POR_DEFINIR,ESCRIBANIA,GATE_CONNECTION_SURFACE_CLASSIFICATION_REQUIRED,low,exclude_false_positive,connection_surface_unclassified
conn.microsoft_agents_governed_lab.unknown_por_definir.27840,conn_canon_006774,universo-rey/microsoft-agents-governed-lab,MICROSOFT_AGENTS_GOVERNED_LAB,10_UNIVERSOS/ESCRIBANIA/10_REPOS/02_ACTIVE/microsoft-agents-governed-lab/samples/python/otel/README.md,L32,Unknown / POR_DEFINIR,Unknown / POR_DEFINIR,ESCRIBANIA,GATE_CONNECTION_SURFACE_CLASSIFICATION_REQUIRED,high,exclude_false_positive,connection_surface_unclassified
conn.microsoft_agents_governed_lab.unknown_por_definir.27839,conn_canon_006775,universo-rey/microsoft-agents-governed-lab,MICROSOFT_AGENTS_GOVERNED_LAB,10_UNIVERSOS/ESCRIBANIA/10_REPOS/02_ACTIVE/microsoft-agents-governed-lab/samples/python/otel/README.md,L29,Unknown / POR_DEFINIR,Unknown / POR_DEFINIR,ESCRIBANIA,GATE_CONNECTION_SURFACE_CLASSIFICATION_REQUIRED,low,exclude_false_positive,connection_surface_unclassified
conn.microsoft_agents_governed_lab.unknown_por_definir.27852,conn_canon_006776,universo-rey/microsoft-agents-governed-lab,MICROSOFT_AGENTS_GOVERNED_LAB,10_UNIVERSOS/ESCRIBANIA/10_REPOS/02_ACTIVE/microsoft-agents-governed-lab/samples/python/otel/src/agent.py,L17,Unknown / POR_DEFINIR,Unknown / POR_DEFINIR,ESCRIBANIA,GATE_CONNECTION_SURFACE_CLASSIFICATION_REQUIRED,low,exclude_false_positive,connection_surface_unclassified
conn.microsoft_agents_governed_lab.unknown_por_definir.27856,conn_canon_006777,universo-rey/microsoft-agents-governed-lab,MICROSOFT_AGENTS_GOVERNED_LAB,10_UNIVERSOS/ESCRIBANIA/10_REPOS/02_ACTIVE/microsoft-agents-governed-lab/samples/python/otel/src/main.py,L8,Unknown / POR_DEFINIR,Unknown / POR_DEFINIR,ESCRIBANIA,GATE_CONNECTION_SURFACE_CLASSIFICATION_REQUIRED,low,exclude_false_positive,connection_surface_unclassified
conn.microsoft_agents_governed_lab.unknown_por_definir.27868,conn_canon_006779,universo-rey/microsoft-agents-governed-lab,MICROSOFT_AGENTS_GOVERNED_LAB,10_UNIVERSOS/ESCRIBANIA/10_REPOS/02_ACTIVE/microsoft-agents-governed-lab/samples/python/quickstart/env.TEMPLATE,file_name,Unknown / POR_DEFINIR,Unknown / POR_DEFINIR,ESCRIBANIA,GATE_CONNECTION_SURFACE_CLASSIFICATION_REQUIRED,low,exclude_false_positive,connection_surface_unclassified
conn.microsoft_agents_governed_lab.unknown_por_definir.27870,conn_canon_006780,universo-rey/microsoft-agents-governed-lab,MICROSOFT_AGENTS_GOVERNED_LAB,10_UNIVERSOS/ESCRIBANIA/10_REPOS/02_ACTIVE/microsoft-agents-governed-lab/samples/python/quickstart/env.TEMPLATE,L2,Unknown / POR_DEFINIR,Unknown / POR_DEFINIR,ESCRIBANIA,GATE_CONNECTION_SURFACE_CLASSIFICATION_REQUIRED,high,exclude_false_positive,connection_surface_unclassified
conn.microsoft_agents_governed_lab.unknown_por_definir.27864,conn_canon_006784,universo-rey/microsoft-agents-governed-lab,MICROSOFT_AGENTS_GOVERNED_LAB,10_UNIVERSOS/ESCRIBANIA/10_REPOS/02_ACTIVE/microsoft-agents-governed-lab/samples/python/quickstart/README.md,L33,Unknown / POR_DEFINIR,Unknown / POR_DEFINIR,ESCRIBANIA,GATE_CONNECTION_SURFACE_CLASSIFICATION_REQUIRED,low,exclude_false_positive,connection_surface_unclassified
conn.microsoft_agents_governed_lab.unknown_por_definir.27860,conn_canon_006785,universo-rey/microsoft-agents-governed-lab,MICROSOFT_AGENTS_GOVERNED_LAB,10_UNIVERSOS/ESCRIBANIA/10_REPOS/02_ACTIVE/microsoft-agents-governed-lab/samples/python/quickstart/README.md,L19,Unknown / POR_DEFINIR,Unknown / POR_DEFINIR,ESCRIBANIA,GATE_CONNECTION_SURFACE_CLASSIFICATION_REQUIRED,high,exclude_false_positive,connection_surface_unclassified
conn.microsoft_agents_governed_lab.unknown_por_definir.27859,conn_canon_006786,universo-rey/microsoft-agents-governed-lab,MICROSOFT_AGENTS_GOVERNED_LAB,10_UNIVERSOS/ESCRIBANIA/10_REPOS/02_ACTIVE/microsoft-agents-governed-lab/samples/python/quickstart/README.md,L16,Unknown / POR_DEFINIR,Unknown / POR_DEFINIR,ESCRIBANIA,GATE_CONNECTION_SURFACE_CLASSIFICATION_REQUIRED,low,exclude_false_positive,connection_surface_unclassified
conn.microsoft_agents_governed_lab.unknown_por_definir.27872,conn_canon_006787,universo-rey/microsoft-agents-governed-lab,MICROSOFT_AGENTS_GOVERNED_LAB,10_UNIVERSOS/ESCRIBANIA/10_REPOS/02_ACTIVE/microsoft-agents-governed-lab/samples/python/quickstart/src/agent.py,L19,Unknown / POR_DEFINIR,Unknown / POR_DEFINIR,ESCRIBANIA,GATE_CONNECTION_SURFACE_CLASSIFICATION_REQUIRED,low,exclude_false_positive,connection_surface_unclassified
conn.microsoft_agents_governed_lab.unknown_por_definir.27876,conn_canon_006788,universo-rey/microsoft-agents-governed-lab,MICROSOFT_AGENTS_GOVERNED_LAB,10_UNIVERSOS/ESCRIBANIA/10_REPOS/02_ACTIVE/microsoft-agents-governed-lab/samples/python/quickstart/src/main.py,L11,Unknown / POR_DEFINIR,Unknown / POR_DEFINIR,ESCRIBANIA,GATE_CONNECTION_SURFACE_CLASSIFICATION_REQUIRED,low,exclude_false_positive,connection_surface_unclassified
conn.microsoft_agents_governed_lab.unknown_por_definir.27530,conn_canon_006792,universo-rey/microsoft-agents-governed-lab,MICROSOFT_AGENTS_GOVERNED_LAB,10_UNIVERSOS/ESCRIBANIA/10_REPOS/02_ACTIVE/microsoft-agents-governed-lab/samples/python/README.md,L7,Unknown / POR_DEFINIR,Unknown / POR_DEFINIR,ESCRIBANIA,GATE_CONNECTION_SURFACE_CLASSIFICATION_REQUIRED,low,exclude_false_positive,connection_surface_unclassified
conn.microsoft_agents_governed_lab.unknown_por_definir.27893,conn_canon_006795,universo-rey/microsoft-agents-governed-lab,MICROSOFT_AGENTS_GOVERNED_LAB,10_UNIVERSOS/ESCRIBANIA/10_REPOS/02_ACTIVE/microsoft-agents-governed-lab/samples/python/semantic-kernel-multiturn/env.TEMPLATE,file_name,Unknown / POR_DEFINIR,Unknown / POR_DEFINIR,ESCRIBANIA,GATE_CONNECTION_SURFACE_CLASSIFICATION_REQUIRED,low,exclude_false_positive,connection_surface_unclassified
conn.microsoft_agents_governed_lab.unknown_por_definir.27895,conn_canon_006796,universo-rey/microsoft-agents-governed-lab,MICROSOFT_AGENTS_GOVERNED_LAB,10_UNIVERSOS/ESCRIBANIA/10_REPOS/02_ACTIVE/microsoft-agents-governed-lab/samples/python/semantic-kernel-multiturn/env.TEMPLATE,L2,Unknown / POR_DEFINIR,Unknown / POR_DEFINIR,ESCRIBANIA,GATE_CONNECTION_SURFACE_CLASSIFICATION_REQUIRED,high,exclude_false_positive,connection_surface_unclassified
conn.microsoft_agents_governed_lab.unknown_por_definir.27880,conn_canon_006803,universo-rey/microsoft-agents-governed-lab,MICROSOFT_AGENTS_GOVERNED_LAB,10_UNIVERSOS/ESCRIBANIA/10_REPOS/02_ACTIVE/microsoft-agents-governed-lab/samples/python/semantic-kernel-multiturn/README.md,L17,Unknown / POR_DEFINIR,Unknown / POR_DEFINIR,ESCRIBANIA,GATE_CONNECTION_SURFACE_CLASSIFICATION_REQUIRED,low,exclude_false_positive,connection_surface_unclassified
conn.microsoft_agents_governed_lab.unknown_por_definir.27882,conn_canon_006804,universo-rey/microsoft-agents-governed-lab,MICROSOFT_AGENTS_GOVERNED_LAB,10_UNIVERSOS/ESCRIBANIA/10_REPOS/02_ACTIVE/microsoft-agents-governed-lab/samples/python/semantic-kernel-multiturn/README.md,L22,Unknown / POR_DEFINIR,Unknown / POR_DEFINIR,ESCRIBANIA,GATE_CONNECTION_SURFACE_CLASSIFICATION_REQUIRED,high,exclude_false_positive,connection_surface_unclassified
conn.microsoft_agents_governed_lab.unknown_por_definir.27881,conn_canon_006805,universo-rey/microsoft-agents-governed-lab,MICROSOFT_AGENTS_GOVERNED_LAB,10_UNIVERSOS/ESCRIBANIA/10_REPOS/02_ACTIVE/microsoft-agents-governed-lab/samples/python/semantic-kernel-multiturn/README.md,L19,Unknown / POR_DEFINIR,Unknown / POR_DEFINIR,ESCRIBANIA,GATE_CONNECTION_SURFACE_CLASSIFICATION_REQUIRED,low,exclude_false_positive,connection_surface_unclassified
conn.microsoft_agents_governed_lab.unknown_por_definir.27905,conn_canon_006810,universo-rey/microsoft-agents-governed-lab,MICROSOFT_AGENTS_GOVERNED_LAB,10_UNIVERSOS/ESCRIBANIA/10_REPOS/02_ACTIVE/microsoft-agents-governed-lab/samples/python/semantic-kernel-multiturn/src/app.py,L20,Unknown / POR_DEFINIR,Unknown / POR_DEFINIR,ESCRIBANIA,GATE_CONNECTION_SURFACE_CLASSIFICATION_REQUIRED,low,exclude_false_positive,connection_surface_unclassified
conn.microsoft_agents_governed_lab.unknown_por_definir.27913,conn_canon_006811,universo-rey/microsoft-agents-governed-lab,MICROSOFT_AGENTS_GOVERNED_LAB,10_UNIVERSOS/ESCRIBANIA/10_REPOS/02_ACTIVE/microsoft-agents-governed-lab/samples/python/semantic-kernel-multiturn/src/main.py,L12,Unknown / POR_DEFINIR,Unknown / POR_DEFINIR,ESCRIBANIA,GATE_CONNECTION_SURFACE_CLASSIFICATION_REQUIRED,low,exclude_false_positive,connection_surface_unclassified
conn.microsoft_agents_governed_lab.unknown_por_definir.27917,conn_canon_006818,universo-rey/microsoft-agents-governed-lab,MICROSOFT_AGENTS_GOVERNED_LAB,10_UNIVERSOS/ESCRIBANIA/10_REPOS/02_ACTIVE/microsoft-agents-governed-lab/specs/activity/protocol-activity.md,L9,Unknown / POR_DEFINIR,Unknown / POR_DEFINIR,ESCRIBANIA,GATE_CONNECTION_SURFACE_CLASSIFICATION_REQUIRED,low,exclude_false_positive,connection_surface_unclassified
conn.microsoft_agents_governed_lab.unknown_por_definir.27933,conn_canon_006819,universo-rey/microsoft-agents-governed-lab,MICROSOFT_AGENTS_GOVERNED_LAB,10_UNIVERSOS/ESCRIBANIA/10_REPOS/02_ACTIVE/microsoft-agents-governed-lab/specs/activity/protocol-activity.md,L2313,Unknown / POR_DEFINIR,Unknown / POR_DEFINIR,ESCRIBANIA,GATE_CONNECTION_SURFACE_CLASSIFICATION_REQUIRED,high,exclude_false_positive,connection_surface_unclassified
conn.microsoft_agents_governed_lab.unknown_por_definir.28037,conn_canon_006823,universo-rey/microsoft-agents-governed-lab,MICROSOFT_AGENTS_GOVERNED_LAB,10_UNIVERSOS/ESCRIBANIA/10_REPOS/02_ACTIVE/microsoft-agents-governed-lab/specs/channel-api/ChannelAPI-OpenAPI.yaml,L1289,Unknown / POR_DEFINIR,Unknown / POR_DEFINIR,ESCRIBANIA,GATE_CONNECTION_SURFACE_CLASSIFICATION_REQUIRED,low,exclude_false_positive,connection_surface_unclassified
conn.microsoft_agents_governed_lab.unknown_por_definir.28055,conn_canon_006826,universo-rey/microsoft-agents-governed-lab,MICROSOFT_AGENTS_GOVERNED_LAB,10_UNIVERSOS/ESCRIBANIA/10_REPOS/02_ACTIVE/microsoft-agents-governed-lab/specs/manifest/bot-manifest.md,L111,Unknown / POR_DEFINIR,Unknown / POR_DEFINIR,ESCRIBANIA,GATE_CONNECTION_SURFACE_CLASSIFICATION_REQUIRED,low,exclude_false_positive,connection_surface_unclassified
conn.microsoft_agents_governed_lab.unknown_por_definir.28067,conn_canon_006827,universo-rey/microsoft-agents-governed-lab,MICROSOFT_AGENTS_GOVERNED_LAB,10_UNIVERSOS/ESCRIBANIA/10_REPOS/02_ACTIVE/microsoft-agents-governed-lab/specs/manifest/bot-manifest.md,L361,Unknown / POR_DEFINIR,Unknown / POR_DEFINIR,ESCRIBANIA,GATE_CONNECTION_SURFACE_CLASSIFICATION_REQUIRED,high,exclude_false_positive,connection_surface_unclassified
conn.microsoft_agents_governed_lab.unknown_por_definir.28077,conn_canon_006829,universo-rey/microsoft-agents-governed-lab,MICROSOFT_AGENTS_GOVERNED_LAB,10_UNIVERSOS/ESCRIBANIA/10_REPOS/02_ACTIVE/microsoft-agents-governed-lab/specs/manifest/manifest.json,L14,Unknown / POR_DEFINIR,Unknown / POR_DEFINIR,ESCRIBANIA,GATE_CONNECTION_SURFACE_CLASSIFICATION_REQUIRED,low,exclude_false_positive,connection_surface_unclassified
conn.microsoft_agents_governed_lab.unknown_por_definir.28076,conn_canon_006830,universo-rey/microsoft-agents-governed-lab,MICROSOFT_AGENTS_GOVERNED_LAB,10_UNIVERSOS/ESCRIBANIA/10_REPOS/02_ACTIVE/microsoft-agents-governed-lab/specs/manifest/manifest.json,L10,Unknown / POR_DEFINIR,Unknown / POR_DEFINIR,ESCRIBANIA,GATE_CONNECTION_SURFACE_CLASSIFICATION_REQUIRED,low,exclude_false_positive,connection_surface_unclassified
conn.organizacion.unknown_por_definir.21597,conn_canon_006861,universo-rey/organizacion,ORGANIZACION,01_GOVERNANCE_REGISTRY/10_REPOS/02_ACTIVE/organizacion/05_AGENTES/D_DRIVE_CODEX_AGENT_LAYER/agents.json,L314,Unknown / POR_DEFINIR,Unknown / POR_DEFINIR,ROOT_CONTROL_PLANE,GATE_CONNECTION_SURFACE_CLASSIFICATION_REQUIRED,low,exclude_false_positive,connection_surface_unclassified
conn.organizacion.unknown_por_definir.21635,conn_canon_006876,universo-rey/organizacion,ORGANIZACION,01_GOVERNANCE_REGISTRY/10_REPOS/02_ACTIVE/organizacion/05_AGENTES/D_DRIVE_CODEX_AGENT_LAYER/agents/04_TORRES_DE_UNIVERSO/CAPABILITIES.csv,L2,Unknown / POR_DEFINIR,Unknown / POR_DEFINIR,ROOT_CONTROL_PLANE,GATE_CONNECTION_SURFACE_CLASSIFICATION_REQUIRED,low,exclude_false_positive,connection_surface_unclassified
conn.organizacion.unknown_por_definir.21641,conn_canon_006879,universo-rey/organizacion,ORGANIZACION,01_GOVERNANCE_REGISTRY/10_REPOS/02_ACTIVE/organizacion/05_AGENTES/D_DRIVE_CODEX_AGENT_LAYER/agents/05_SOPORTE_TECNICO/codex.workspace_guardian.md,file_name,Unknown / POR_DEFINIR,Unknown / POR_DEFINIR,ROOT_CONTROL_PLANE,GATE_CONNECTION_SURFACE_CLASSIFICATION_REQUIRED,low,exclude_false_positive,connection_surface_unclassified
conn.organizacion.unknown_por_definir.21690,conn_canon_006921,universo-rey/organizacion,ORGANIZACION,01_GOVERNANCE_REGISTRY/10_REPOS/02_ACTIVE/organizacion/05_AGENTES/D_DRIVE_CODEX_AGENT_LAYER/maps/SURFACE_BOUNDARY_MAP.csv,L10,Unknown / POR_DEFINIR,Unknown / POR_DEFINIR,ROOT_CONTROL_PLANE,GATE_CONNECTION_SURFACE_CLASSIFICATION_REQUIRED,low,exclude_false_positive,connection_surface_unclassified
conn.organizacion.unknown_por_definir.21716,conn_canon_006940,universo-rey/organizacion,ORGANIZACION,01_GOVERNANCE_REGISTRY/10_REPOS/02_ACTIVE/organizacion/05_AGENTES/D_DRIVE_CODEX_AGENT_LAYER/matrices/CAPABILITY_MATRIX.csv,L21,Unknown / POR_DEFINIR,Unknown / POR_DEFINIR,ROOT_CONTROL_PLANE,GATE_CONNECTION_SURFACE_CLASSIFICATION_REQUIRED,low,exclude_false_positive,connection_surface_unclassified
conn.organizacion.unknown_por_definir.21751,conn_canon_006965,universo-rey/organizacion,ORGANIZACION,01_GOVERNANCE_REGISTRY/10_REPOS/02_ACTIVE/organizacion/05_AGENTES/D_DRIVE_CODEX_AGENT_LAYER/matrices/SUBLEVEL_CAPACITY_MATRIX.csv,file_name,Unknown / POR_DEFINIR,Unknown / POR_DEFINIR,ROOT_CONTROL_PLANE,GATE_CONNECTION_SURFACE_CLASSIFICATION_REQUIRED,low,exclude_false_positive,connection_surface_unclassified
conn.organizacion.unknown_por_definir.21873,conn_canon_007025,universo-rey/organizacion,ORGANIZACION,01_GOVERNANCE_REGISTRY/10_REPOS/02_ACTIVE/organizacion/05_AGENTES/D_DRIVE_CODEX_AGENT_LAYER/recipes/recipe.gate_decision_packet.md,file_name,Unknown / POR_DEFINIR,Unknown / POR_DEFINIR,ROOT_CONTROL_PLANE,GATE_CONNECTION_SURFACE_CLASSIFICATION_REQUIRED,low,exclude_false_positive,connection_surface_unclassified
conn.organizacion.unknown_por_definir.21880,conn_canon_007029,universo-rey/organizacion,ORGANIZACION,01_GOVERNANCE_REGISTRY/10_REPOS/02_ACTIVE/organizacion/05_AGENTES/D_DRIVE_CODEX_AGENT_LAYER/recipes/recipe.workspace_reference_audit.md,file_name,Unknown / POR_DEFINIR,Unknown / POR_DEFINIR,ROOT_CONTROL_PLANE,GATE_CONNECTION_SURFACE_CLASSIFICATION_REQUIRED,low,exclude_false_positive,connection_surface_unclassified
conn.organizacion.unknown_por_definir.21960,conn_canon_007062,universo-rey/organizacion,ORGANIZACION,01_GOVERNANCE_REGISTRY/10_REPOS/02_ACTIVE/organizacion/05_AGENTES/D_DRIVE_CODEX_AGENT_LAYER/tools/local_generate_agent_workpapers.ps1,L373,Unknown / POR_DEFINIR,Unknown / POR_DEFINIR,ROOT_CONTROL_PLANE,GATE_CONNECTION_SURFACE_CLASSIFICATION_REQUIRED,low,exclude_false_positive,connection_surface_unclassified
conn.organizacion.unknown_por_definir.21934,conn_canon_007069,universo-rey/organizacion,ORGANIZACION,01_GOVERNANCE_REGISTRY/10_REPOS/02_ACTIVE/organizacion/05_AGENTES/D_DRIVE_CODEX_AGENT_LAYER/tools/SOURCE_TCU_registry.tool-permissions.yaml,L30,Unknown / POR_DEFINIR,Unknown / POR_DEFINIR,ROOT_CONTROL_PLANE,GATE_CONNECTION_SURFACE_CLASSIFICATION_REQUIRED,low,exclude_false_positive,connection_surface_unclassified
conn.organizacion.unknown_por_definir.21911,conn_canon_007079,universo-rey/organizacion,ORGANIZACION,01_GOVERNANCE_REGISTRY/10_REPOS/02_ACTIVE/organizacion/05_AGENTES/D_DRIVE_CODEX_AGENT_LAYER/tools/SOURCE_TCU_RUNTIME_tcu_controlled_runtime_harness.py,L42,Unknown / POR_DEFINIR,Unknown / POR_DEFINIR,ROOT_CONTROL_PLANE,GATE_CONNECTION_SURFACE_CLASSIFICATION_REQUIRED,low,exclude_false_positive,connection_surface_unclassified
conn.organizacion.unknown_por_definir.22096,conn_canon_007152,universo-rey/organizacion,ORGANIZACION,01_GOVERNANCE_REGISTRY/10_REPOS/02_ACTIVE/organizacion/docs/CODESPACES/CODESPACES_POLICY_V3.md,file_name,Unknown / POR_DEFINIR,Unknown / POR_DEFINIR,ROOT_CONTROL_PLANE,GATE_CONNECTION_SURFACE_CLASSIFICATION_REQUIRED,low,exclude_false_positive,connection_surface_unclassified
conn.organizacion.unknown_por_definir.22097,conn_canon_007153,universo-rey/organizacion,ORGANIZACION,01_GOVERNANCE_REGISTRY/10_REPOS/02_ACTIVE/organizacion/docs/FLUJOS/POWER_AUTOMATE_CAPABILITY_POLICY_V3.md,file_name,Unknown / POR_DEFINIR,Unknown / POR_DEFINIR,ROOT_CONTROL_PLANE,GATE_CONNECTION_SURFACE_CLASSIFICATION_REQUIRED,low,exclude_false_positive,connection_surface_unclassified
conn.organizacion.unknown_por_definir.22132,conn_canon_007176,universo-rey/organizacion,ORGANIZACION,01_GOVERNANCE_REGISTRY/10_REPOS/02_ACTIVE/organizacion/reports/d_repo_agent_layer_validation_20260601.json,L22,Unknown / POR_DEFINIR,Unknown / POR_DEFINIR,ROOT_CONTROL_PLANE,GATE_CONNECTION_SURFACE_CLASSIFICATION_REQUIRED,low,exclude_false_positive,connection_surface_unclassified
conn.organizacion.unknown_por_definir.22145,conn_canon_007184,universo-rey/organizacion,ORGANIZACION,01_GOVERNANCE_REGISTRY/10_REPOS/02_ACTIVE/organizacion/reports/reconciliation_duplicate_map_20260529.json,L3411,Unknown / POR_DEFINIR,Unknown / POR_DEFINIR,ROOT_CONTROL_PLANE,GATE_CONNECTION_SURFACE_CLASSIFICATION_REQUIRED,low,exclude_false_positive,connection_surface_unclassified
conn.organizacion.unknown_por_definir.22146,conn_canon_007185,universo-rey/organizacion,ORGANIZACION,01_GOVERNANCE_REGISTRY/10_REPOS/02_ACTIVE/organizacion/reports/reconciliation_duplicate_pairs_20260529.csv,L103,Unknown / POR_DEFINIR,Unknown / POR_DEFINIR,ROOT_CONTROL_PLANE,GATE_CONNECTION_SURFACE_CLASSIFICATION_REQUIRED,low,exclude_false_positive,connection_surface_unclassified
conn.organizacion.unknown_por_definir.22163,conn_canon_007198,universo-rey/organizacion,ORGANIZACION,01_GOVERNANCE_REGISTRY/10_REPOS/02_ACTIVE/organizacion/scripts/audit_d_repo_agent_layers.py,L250,Unknown / POR_DEFINIR,Unknown / POR_DEFINIR,ROOT_CONTROL_PLANE,GATE_CONNECTION_SURFACE_CLASSIFICATION_REQUIRED,low,exclude_false_positive,connection_surface_unclassified
conn.sgin.unknown_por_definir.20908,conn_canon_007215,universo-rey/Sgin,SGIN,03_CORTE_EJECUTORA_DEL_REY/10_REPOS/02_ACTIVE/Sgin/docs/deployment/POWER_AUTOMATE_FLOWS.csv,file_name,Unknown / POR_DEFINIR,Unknown / POR_DEFINIR,ESCRIBANIA,GATE_CONNECTION_SURFACE_CLASSIFICATION_REQUIRED,low,exclude_false_positive,connection_surface_unclassified
conn.sgin.unknown_por_definir.20953,conn_canon_007240,universo-rey/Sgin,SGIN,03_CORTE_EJECUTORA_DEL_REY/10_REPOS/02_ACTIVE/Sgin/docs/governance/POWER_AUTOMATE_FLOWS_NORMALIZACION_V4_1.md,file_name,Unknown / POR_DEFINIR,Unknown / POR_DEFINIR,ESCRIBANIA,GATE_CONNECTION_SURFACE_CLASSIFICATION_REQUIRED,low,exclude_false_positive,connection_surface_unclassified
conn.sgin.unknown_por_definir.20962,conn_canon_007244,universo-rey/Sgin,SGIN,03_CORTE_EJECUTORA_DEL_REY/10_REPOS/02_ACTIVE/Sgin/docs/governance/POWER_PLATFORM_UNIVERSE_CURRENT_V4_1.md,file_name,Unknown / POR_DEFINIR,Unknown / POR_DEFINIR,ESCRIBANIA,GATE_CONNECTION_SURFACE_CLASSIFICATION_REQUIRED,low,exclude_false_positive,connection_surface_unclassified
conn.sgin.unknown_por_definir.21277,conn_canon_007286,universo-rey/Sgin,SGIN,03_CORTE_EJECUTORA_DEL_REY/10_REPOS/02_ACTIVE/Sgin/docs/governance/VSCODE_WORKSPACE_CABINA_FASE0.md,file_name,Unknown / POR_DEFINIR,Unknown / POR_DEFINIR,ESCRIBANIA,GATE_CONNECTION_SURFACE_CLASSIFICATION_REQUIRED,low,exclude_false_positive,connection_surface_unclassified
conn.sgin.unknown_por_definir.21281,conn_canon_007287,universo-rey/Sgin,SGIN,03_CORTE_EJECUTORA_DEL_REY/10_REPOS/02_ACTIVE/Sgin/docs/governance/VSCODE_WORKSPACE_CABINA_FASE0.md,L32,Unknown / POR_DEFINIR,Unknown / POR_DEFINIR,ESCRIBANIA,GATE_CONNECTION_SURFACE_CLASSIFICATION_REQUIRED,high,exclude_false_positive,connection_surface_unclassified
